2026-03-02 21:31:47,279 - INFO: ============ Initialized logger ============
2026-03-02 21:31:47,280 - INFO: 
				MLM_pretrain_path: ./pretraining_model/LM_MODEL.pth
				batch_size: 32
				beam_size: 10
				cosine_decay_end: 0.0
				criterion: MaskedCrossEntropy
				dataset: PGPS9K
				dataset_dir: ./datasets/PGPS9K_all
				debug: False
				decoder_embedding_size: 512
				decoder_hidden_size: 512
				decoder_layers: 2
				decoder_type: rnn_decoder
				diagram_size: 128
				dropout_rate: 0.2
				dump_path: ./log/2026-03-02-21-31-47
				encoder_embedding_size: 256
				encoder_hidden_size: 512
				encoder_layers: 2
				encoder_type: gru
				eval_epoch: 40
				eval_method: top3
				evaluate_only: False
				init_method: env://
				local_rank: 0
				lr: 0.001
				lr_LM: 0.0001
				max_epoch: 540
				max_input_len: 400
				max_output_len: 40
				nprocs: 1
				optimizer_type: ADAMW
				pretrain_emb_path: 
				pretrain_vis_path: 
				print_freq: 100
				random_prob: 0.5
				resume_model: ./log/2026-03-02-12-30-20/320.pth
				scheduler_factor: 0.5
				scheduler_step: [160, 280, 360, 440, 500]
				scheduler_type: warmup
				seed: 202302
				trim_min_count: 5
				use_MLM_pretrain: True
				visual_backbone: ResNet10
				vocab_src_path: ./vocab/vocab_src.txt
				vocab_tgt_path: ./vocab/vocab_tgt.txt
				warm_epoch: 40
				weight_decay: 0.01
				without_stru: False
				workers: 0
2026-03-02 21:31:47,280 - INFO: The experiment results will be stored in ./log/2026-03-02-21-31-47
2026-03-02 21:31:48,119 - INFO: Visual backbone choose to train from scratch
2026-03-02 21:31:48,518 - INFO: Network(
  (visual_extractor): ResNet(
    (trunk): Sequential(
      (0): Conv2d(3, 64, kernel_size=(7, 7), stride=(2, 2), padding=(3, 3), bias=False)
      (1): BatchNorm2d(64, eps=1e-05, momentum=0.1, affine=True, track_running_stats=True)
      (2): ReLU()
      (3): MaxPool2d(kernel_size=3, stride=2, padding=1, dilation=1, ceil_mode=False)
      (4): SimpleBlock(
        (C1): Conv2d(64, 64, kernel_size=(3, 3), stride=(1, 1), padding=(1, 1), bias=False)
        (BN1): BatchNorm2d(64, eps=1e-05, momentum=0.1, affine=True, track_running_stats=True)
        (C2): Conv2d(64, 64, kernel_size=(3, 3), stride=(1, 1), padding=(1, 1), bias=False)
        (BN2): BatchNorm2d(64, eps=1e-05, momentum=0.1, affine=True, track_running_stats=True)
        (relu1): ReLU(inplace=True)
        (relu2): ReLU(inplace=True)
      )
      (5): SimpleBlock(
        (C1): Conv2d(64, 128, kernel_size=(3, 3), stride=(2, 2), padding=(1, 1), bias=False)
        (BN1): BatchNorm2d(128, eps=1e-05, momentum=0.1, affine=True, track_running_stats=True)
        (C2): Conv2d(128, 128, kernel_size=(3, 3), stride=(1, 1), padding=(1, 1), bias=False)
        (BN2): BatchNorm2d(128, eps=1e-05, momentum=0.1, affine=True, track_running_stats=True)
        (relu1): ReLU(inplace=True)
        (relu2): ReLU(inplace=True)
        (shortcut): Conv2d(64, 128, kernel_size=(1, 1), stride=(2, 2), bias=False)
        (BNshortcut): BatchNorm2d(128, eps=1e-05, momentum=0.1, affine=True, track_running_stats=True)
      )
      (6): SimpleBlock(
        (C1): Conv2d(128, 256, kernel_size=(3, 3), stride=(2, 2), padding=(1, 1), bias=False)
        (BN1): BatchNorm2d(256, eps=1e-05, momentum=0.1, affine=True, track_running_stats=True)
        (C2): Conv2d(256, 256, kernel_size=(3, 3), stride=(1, 1), padding=(1, 1), bias=False)
        (BN2): BatchNorm2d(256, eps=1e-05, momentum=0.1, affine=True, track_running_stats=True)
        (relu1): ReLU(inplace=True)
        (relu2): ReLU(inplace=True)
        (shortcut): Conv2d(128, 256, kernel_size=(1, 1), stride=(2, 2), bias=False)
        (BNshortcut): BatchNorm2d(256, eps=1e-05, momentum=0.1, affine=True, track_running_stats=True)
      )
      (7): SimpleBlock(
        (C1): Conv2d(256, 512, kernel_size=(3, 3), stride=(2, 2), padding=(1, 1), bias=False)
        (BN1): BatchNorm2d(512, eps=1e-05, momentum=0.1, affine=True, track_running_stats=True)
        (C2): Conv2d(512, 512, kernel_size=(3, 3), stride=(1, 1), padding=(1, 1), bias=False)
        (BN2): BatchNorm2d(512, eps=1e-05, momentum=0.1, affine=True, track_running_stats=True)
        (relu1): ReLU(inplace=True)
        (relu2): ReLU(inplace=True)
        (shortcut): Conv2d(256, 512, kernel_size=(1, 1), stride=(2, 2), bias=False)
        (BNshortcut): BatchNorm2d(512, eps=1e-05, momentum=0.1, affine=True, track_running_stats=True)
      )
      (8): AvgPool2d(kernel_size=4, stride=4, padding=0)
      (9): Flatten()
    )
  )
  (encoder): GRU(
    (gru): GRU(256, 512, num_layers=2, batch_first=True, dropout=0.2, bidirectional=True)
    (dropout): Dropout(p=0.2, inplace=False)
  )
  (decoder): DecoderRNN(
    (em_dropout): Dropout(p=0.2, inplace=False)
    (embedding_tgt): Embedding(55, 512, padding_idx=0)
    (gru): GRU(1024, 512, num_layers=2, batch_first=True, dropout=0.2)
    (attn): Attn(
      (attn): Linear(in_features=1024, out_features=512, bias=True)
      (score): Linear(in_features=512, out_features=1, bias=False)
    )
    (score): Score(
      (attn): Linear(in_features=1536, out_features=512, bias=True)
      (score): Linear(in_features=512, out_features=1, bias=False)
    )
  )
  (visual_emb_unify): Sequential(
    (0): Linear(in_features=512, out_features=256, bias=True)
    (1): ReLU()
    (2): Linear(in_features=256, out_features=256, bias=True)
  )
  (mlm_pretrain): MLMTransformerPretrain(
    (transformer_en): TransformerEncoder(
      (encoder): TransformerEncoder(
        (layers): ModuleList(
          (0-5): 6 x TransformerEncoderLayer(
            (self_attn): MultiheadAttention(
              (out_proj): NonDynamicallyQuantizableLinear(in_features=256, out_features=256, bias=True)
            )
            (linear1): Linear(in_features=256, out_features=1024, bias=True)
            (dropout): Dropout(p=0.2, inplace=False)
            (linear2): Linear(in_features=1024, out_features=256, bias=True)
            (norm1): LayerNorm((256,), eps=1e-05, elementwise_affine=True)
            (norm2): LayerNorm((256,), eps=1e-05, elementwise_affine=True)
            (dropout1): Dropout(p=0.2, inplace=False)
            (dropout2): Dropout(p=0.2, inplace=False)
          )
        )
        (norm): LayerNorm((256,), eps=1e-05, elementwise_affine=True)
      )
      (position): PositionalEncoding(
        (dropout): Dropout(p=0.1, inplace=False)
      )
    )
    (text_embedding_src): Embedding(322, 256, padding_idx=0)
    (class_tag_embedding): Embedding(6, 256, padding_idx=0)
    (sect_tag_embedding): Embedding(4, 256, padding_idx=0)
  )
)
2026-03-02 21:31:49,534 - INFO: The whole model has been loaded from ./log/2026-03-02-12-30-20/320.pth
2026-03-02 21:31:49,534 - INFO: The model resumes from epoch 320
2026-03-02 21:31:52,424 - INFO: Epoch: [321][  0/251]	Time 2.413 (2.413)	Data 0.227 (0.227)	Loss 1.5903e-01 (1.5903e-01)	lr: 0.000025
2026-03-02 21:32:31,435 - INFO: Epoch: [321][100/251]	Time 0.313 (0.410)	Data 0.183 (0.183)	Loss 2.2669e-01 (1.6321e-01)	lr: 0.000025
2026-03-02 21:33:11,098 - INFO: Epoch: [321][200/251]	Time 0.346 (0.403)	Data 0.197 (0.192)	Loss 1.3374e-01 (1.6528e-01)	lr: 0.000025
2026-03-02 21:33:32,098 - INFO: ----------Epoch:321, training loss is 0.1664 ---------
2026-03-02 21:33:33,556 - INFO: Epoch: [322][  0/251]	Time 0.361 (0.361)	Data 0.170 (0.170)	Loss 1.7657e-01 (1.7657e-01)	lr: 0.000025
2026-03-02 21:34:12,492 - INFO: Epoch: [322][100/251]	Time 0.439 (0.389)	Data 0.182 (0.180)	Loss 1.5200e-01 (1.7111e-01)	lr: 0.000025
2026-03-02 21:34:51,330 - INFO: Epoch: [322][200/251]	Time 0.323 (0.389)	Data 0.186 (0.179)	Loss 1.8792e-01 (1.6620e-01)	lr: 0.000025
2026-03-02 21:35:11,724 - INFO: ----------Epoch:322, training loss is 0.1646 ---------
2026-03-02 21:35:13,195 - INFO: Epoch: [323][  0/251]	Time 0.344 (0.344)	Data 0.166 (0.166)	Loss 1.7402e-01 (1.7402e-01)	lr: 0.000025
2026-03-02 21:35:52,184 - INFO: Epoch: [323][100/251]	Time 0.411 (0.389)	Data 0.170 (0.180)	Loss 1.6051e-01 (1.5676e-01)	lr: 0.000025
2026-03-02 21:36:31,942 - INFO: Epoch: [323][200/251]	Time 0.358 (0.393)	Data 0.188 (0.190)	Loss 1.7395e-01 (1.6109e-01)	lr: 0.000025
2026-03-02 21:36:51,766 - INFO: ----------Epoch:323, training loss is 0.1629 ---------
2026-03-02 21:36:53,301 - INFO: Epoch: [324][  0/251]	Time 0.422 (0.422)	Data 0.179 (0.179)	Loss 2.2431e-01 (2.2431e-01)	lr: 0.000025
2026-03-02 21:37:32,302 - INFO: Epoch: [324][100/251]	Time 0.390 (0.390)	Data 0.191 (0.198)	Loss 2.2415e-01 (1.5955e-01)	lr: 0.000025
2026-03-02 21:38:10,880 - INFO: Epoch: [324][200/251]	Time 0.330 (0.388)	Data 0.175 (0.189)	Loss 1.6408e-01 (1.6184e-01)	lr: 0.000025
2026-03-02 21:38:31,401 - INFO: ----------Epoch:324, training loss is 0.1628 ---------
2026-03-02 21:38:32,958 - INFO: Epoch: [325][  0/251]	Time 0.448 (0.448)	Data 0.220 (0.220)	Loss 1.3280e-01 (1.3280e-01)	lr: 0.000025
2026-03-02 21:39:11,694 - INFO: Epoch: [325][100/251]	Time 0.418 (0.388)	Data 0.191 (0.197)	Loss 1.3229e-01 (1.5758e-01)	lr: 0.000025
2026-03-02 21:39:50,768 - INFO: Epoch: [325][200/251]	Time 0.324 (0.389)	Data 0.177 (0.196)	Loss 1.3749e-01 (1.6042e-01)	lr: 0.000025
2026-03-02 21:40:10,705 - INFO: ----------Epoch:325, training loss is 0.1616 ---------
2026-03-02 21:40:12,272 - INFO: Epoch: [326][  0/251]	Time 0.392 (0.392)	Data 0.178 (0.178)	Loss 1.7399e-01 (1.7399e-01)	lr: 0.000025
2026-03-02 21:40:50,618 - INFO: Epoch: [326][100/251]	Time 0.307 (0.384)	Data 0.164 (0.196)	Loss 1.5617e-01 (1.5733e-01)	lr: 0.000025
2026-03-02 21:41:29,197 - INFO: Epoch: [326][200/251]	Time 0.331 (0.385)	Data 0.181 (0.197)	Loss 2.0858e-01 (1.6334e-01)	lr: 0.000025
2026-03-02 21:41:49,595 - INFO: ----------Epoch:326, training loss is 0.1623 ---------
2026-03-02 21:41:50,038 - INFO: Epoch: [327][  0/251]	Time 0.441 (0.441)	Data 0.207 (0.207)	Loss 2.5279e-01 (2.5279e-01)	lr: 0.000025
2026-03-02 21:42:28,342 - INFO: Epoch: [327][100/251]	Time 0.326 (0.384)	Data 0.183 (0.196)	Loss 1.4014e-01 (1.6391e-01)	lr: 0.000025
2026-03-02 21:43:07,233 - INFO: Epoch: [327][200/251]	Time 0.414 (0.386)	Data 0.201 (0.196)	Loss 1.9238e-01 (1.6470e-01)	lr: 0.000025
2026-03-02 21:43:25,679 - INFO: ----------Epoch:327, training loss is 0.1652 ---------
2026-03-02 21:43:26,023 - INFO: Epoch: [328][  0/251]	Time 0.344 (0.344)	Data 0.159 (0.159)	Loss 1.7734e-01 (1.7734e-01)	lr: 0.000025
2026-03-02 21:44:06,673 - INFO: Epoch: [328][100/251]	Time 0.384 (0.406)	Data 0.188 (0.180)	Loss 2.3564e-01 (1.6001e-01)	lr: 0.000025
2026-03-02 21:44:44,982 - INFO: Epoch: [328][200/251]	Time 0.392 (0.395)	Data 0.169 (0.180)	Loss 1.4628e-01 (1.6392e-01)	lr: 0.000025
2026-03-02 21:45:03,592 - INFO: ----------Epoch:328, training loss is 0.1635 ---------
2026-03-02 21:45:03,940 - INFO: Epoch: [329][  0/251]	Time 0.348 (0.348)	Data 0.187 (0.187)	Loss 1.5817e-01 (1.5817e-01)	lr: 0.000025
2026-03-02 21:45:41,521 - INFO: Epoch: [329][100/251]	Time 0.414 (0.376)	Data 0.169 (0.179)	Loss 1.9657e-01 (1.5979e-01)	lr: 0.000025
2026-03-02 21:46:22,046 - INFO: Epoch: [329][200/251]	Time 0.344 (0.390)	Data 0.173 (0.188)	Loss 1.7089e-01 (1.6234e-01)	lr: 0.000025
2026-03-02 21:46:40,464 - INFO: ----------Epoch:329, training loss is 0.1616 ---------
2026-03-02 21:46:42,042 - INFO: Epoch: [330][  0/251]	Time 0.399 (0.399)	Data 0.187 (0.187)	Loss 1.7015e-01 (1.7015e-01)	lr: 0.000025
2026-03-02 21:47:21,014 - INFO: Epoch: [330][100/251]	Time 0.323 (0.390)	Data 0.187 (0.179)	Loss 1.6058e-01 (1.5917e-01)	lr: 0.000025
2026-03-02 21:48:01,693 - INFO: Epoch: [330][200/251]	Time 0.385 (0.398)	Data 0.194 (0.197)	Loss 1.8277e-01 (1.6088e-01)	lr: 0.000025
2026-03-02 21:48:20,115 - INFO: ----------Epoch:330, training loss is 0.1611 ---------
2026-03-02 21:48:21,593 - INFO: Epoch: [331][  0/251]	Time 0.344 (0.344)	Data 0.173 (0.173)	Loss 1.9933e-01 (1.9933e-01)	lr: 0.000025
2026-03-02 21:49:00,484 - INFO: Epoch: [331][100/251]	Time 0.331 (0.388)	Data 0.176 (0.182)	Loss 1.9369e-01 (1.6335e-01)	lr: 0.000025
2026-03-02 21:49:39,849 - INFO: Epoch: [331][200/251]	Time 0.428 (0.391)	Data 0.204 (0.181)	Loss 1.3478e-01 (1.6078e-01)	lr: 0.000025
2026-03-02 21:49:59,992 - INFO: ----------Epoch:331, training loss is 0.1592 ---------
2026-03-02 21:50:01,524 - INFO: Epoch: [332][  0/251]	Time 0.396 (0.396)	Data 0.174 (0.174)	Loss 1.2878e-01 (1.2878e-01)	lr: 0.000025
2026-03-02 21:50:40,186 - INFO: Epoch: [332][100/251]	Time 0.443 (0.387)	Data 0.194 (0.181)	Loss 2.3356e-01 (1.5970e-01)	lr: 0.000025
2026-03-02 21:51:18,318 - INFO: Epoch: [332][200/251]	Time 0.396 (0.384)	Data 0.174 (0.180)	Loss 1.5583e-01 (1.6155e-01)	lr: 0.000025
2026-03-02 21:51:39,026 - INFO: ----------Epoch:332, training loss is 0.1619 ---------
2026-03-02 21:51:39,373 - INFO: Epoch: [333][  0/251]	Time 0.346 (0.346)	Data 0.183 (0.183)	Loss 1.9565e-01 (1.9565e-01)	lr: 0.000025
2026-03-02 21:52:16,984 - INFO: Epoch: [333][100/251]	Time 0.332 (0.376)	Data 0.166 (0.181)	Loss 1.4310e-01 (1.5471e-01)	lr: 0.000025
2026-03-02 21:52:56,119 - INFO: Epoch: [333][200/251]	Time 0.353 (0.384)	Data 0.181 (0.188)	Loss 1.7113e-01 (1.5677e-01)	lr: 0.000025
2026-03-02 21:53:17,187 - INFO: ----------Epoch:333, training loss is 0.1574 ---------
2026-03-02 21:53:18,648 - INFO: Epoch: [334][  0/251]	Time 0.331 (0.331)	Data 0.159 (0.159)	Loss 1.4778e-01 (1.4778e-01)	lr: 0.000025
2026-03-02 21:53:56,787 - INFO: Epoch: [334][100/251]	Time 0.374 (0.381)	Data 0.184 (0.197)	Loss 1.8244e-01 (1.5915e-01)	lr: 0.000025
2026-03-02 21:54:35,945 - INFO: Epoch: [334][200/251]	Time 0.325 (0.386)	Data 0.165 (0.201)	Loss 2.2703e-01 (1.5881e-01)	lr: 0.000025
2026-03-02 21:54:56,485 - INFO: ----------Epoch:334, training loss is 0.1593 ---------
2026-03-02 21:54:56,860 - INFO: Epoch: [335][  0/251]	Time 0.374 (0.374)	Data 0.169 (0.169)	Loss 2.2761e-01 (2.2761e-01)	lr: 0.000025
2026-03-02 21:55:35,814 - INFO: Epoch: [335][100/251]	Time 0.329 (0.389)	Data 0.194 (0.179)	Loss 1.2951e-01 (1.6262e-01)	lr: 0.000025
2026-03-02 21:56:14,922 - INFO: Epoch: [335][200/251]	Time 0.359 (0.390)	Data 0.174 (0.190)	Loss 2.0084e-01 (1.5970e-01)	lr: 0.000025
2026-03-02 21:56:35,092 - INFO: ----------Epoch:335, training loss is 0.1601 ---------
2026-03-02 21:56:35,411 - INFO: Epoch: [336][  0/251]	Time 0.317 (0.317)	Data 0.182 (0.182)	Loss 1.5980e-01 (1.5980e-01)	lr: 0.000025
2026-03-02 21:57:14,372 - INFO: Epoch: [336][100/251]	Time 0.421 (0.389)	Data 0.180 (0.181)	Loss 1.0369e-01 (1.5384e-01)	lr: 0.000025
2026-03-02 21:57:53,480 - INFO: Epoch: [336][200/251]	Time 0.365 (0.390)	Data 0.177 (0.190)	Loss 1.5574e-01 (1.5898e-01)	lr: 0.000025
2026-03-02 21:58:11,800 - INFO: ----------Epoch:336, training loss is 0.1590 ---------
2026-03-02 21:58:12,163 - INFO: Epoch: [337][  0/251]	Time 0.363 (0.363)	Data 0.168 (0.168)	Loss 1.6894e-01 (1.6894e-01)	lr: 0.000025
2026-03-02 21:58:52,143 - INFO: Epoch: [337][100/251]	Time 0.421 (0.399)	Data 0.189 (0.178)	Loss 1.5455e-01 (1.5920e-01)	lr: 0.000025
2026-03-02 21:59:31,916 - INFO: Epoch: [337][200/251]	Time 0.355 (0.399)	Data 0.174 (0.180)	Loss 2.0537e-01 (1.5904e-01)	lr: 0.000025
2026-03-02 21:59:50,568 - INFO: ----------Epoch:337, training loss is 0.1589 ---------
2026-03-02 21:59:50,962 - INFO: Epoch: [338][  0/251]	Time 0.393 (0.393)	Data 0.167 (0.167)	Loss 1.5632e-01 (1.5632e-01)	lr: 0.000025
2026-03-02 22:00:31,962 - INFO: Epoch: [338][100/251]	Time 2.296 (0.410)	Data 2.103 (0.198)	Loss 2.0217e-01 (1.6529e-01)	lr: 0.000025
2026-03-02 22:01:10,555 - INFO: Epoch: [338][200/251]	Time 0.386 (0.398)	Data 0.187 (0.189)	Loss 1.2000e-01 (1.6235e-01)	lr: 0.000025
2026-03-02 22:01:28,892 - INFO: ----------Epoch:338, training loss is 0.1600 ---------
2026-03-02 22:01:29,301 - INFO: Epoch: [339][  0/251]	Time 0.408 (0.408)	Data 0.173 (0.173)	Loss 1.9065e-01 (1.9065e-01)	lr: 0.000025
2026-03-02 22:02:09,065 - INFO: Epoch: [339][100/251]	Time 0.373 (0.398)	Data 0.181 (0.179)	Loss 1.3949e-01 (1.5789e-01)	lr: 0.000025
2026-03-02 22:02:50,382 - INFO: Epoch: [339][200/251]	Time 0.361 (0.405)	Data 0.185 (0.198)	Loss 1.6667e-01 (1.5755e-01)	lr: 0.000025
2026-03-02 22:03:08,508 - INFO: ----------Epoch:339, training loss is 0.1577 ---------
2026-03-02 22:03:08,898 - INFO: Epoch: [340][  0/251]	Time 0.389 (0.389)	Data 0.172 (0.172)	Loss 1.5272e-01 (1.5272e-01)	lr: 0.000025
2026-03-02 22:03:48,376 - INFO: Epoch: [340][100/251]	Time 0.440 (0.395)	Data 0.177 (0.180)	Loss 1.5694e-01 (1.5714e-01)	lr: 0.000025
2026-03-02 22:04:27,327 - INFO: Epoch: [340][200/251]	Time 0.365 (0.392)	Data 0.174 (0.189)	Loss 1.6030e-01 (1.5815e-01)	lr: 0.000025
2026-03-02 22:04:47,545 - INFO: ----------Epoch:340, training loss is 0.1579 ---------
2026-03-02 22:04:47,860 - INFO: Epoch: [341][  0/251]	Time 0.314 (0.314)	Data 0.178 (0.178)	Loss 1.1908e-01 (1.1908e-01)	lr: 0.000025
2026-03-02 22:05:26,500 - INFO: Epoch: [341][100/251]	Time 0.442 (0.386)	Data 0.189 (0.178)	Loss 1.5246e-01 (1.5536e-01)	lr: 0.000025
2026-03-02 22:06:05,427 - INFO: Epoch: [341][200/251]	Time 0.346 (0.387)	Data 0.174 (0.179)	Loss 1.5190e-01 (1.5575e-01)	lr: 0.000025
2026-03-02 22:06:25,851 - INFO: ----------Epoch:341, training loss is 0.1569 ---------
2026-03-02 22:06:27,434 - INFO: Epoch: [342][  0/251]	Time 0.434 (0.434)	Data 0.181 (0.181)	Loss 1.2045e-01 (1.2045e-01)	lr: 0.000025
2026-03-02 22:07:06,886 - INFO: Epoch: [342][100/251]	Time 0.335 (0.395)	Data 0.176 (0.180)	Loss 1.4444e-01 (1.5756e-01)	lr: 0.000025
2026-03-02 22:07:46,586 - INFO: Epoch: [342][200/251]	Time 0.372 (0.396)	Data 0.180 (0.193)	Loss 1.4479e-01 (1.5535e-01)	lr: 0.000025
2026-03-02 22:08:04,261 - INFO: ----------Epoch:342, training loss is 0.1563 ---------
2026-03-02 22:08:05,759 - INFO: Epoch: [343][  0/251]	Time 0.342 (0.342)	Data 0.181 (0.181)	Loss 1.4689e-01 (1.4689e-01)	lr: 0.000025
2026-03-02 22:08:47,218 - INFO: Epoch: [343][100/251]	Time 0.384 (0.414)	Data 0.175 (0.199)	Loss 1.7179e-01 (1.5143e-01)	lr: 0.000025
2026-03-02 22:09:25,720 - INFO: Epoch: [343][200/251]	Time 0.373 (0.400)	Data 0.178 (0.190)	Loss 1.5321e-01 (1.5571e-01)	lr: 0.000025
2026-03-02 22:09:43,940 - INFO: ----------Epoch:343, training loss is 0.1568 ---------
2026-03-02 22:09:44,366 - INFO: Epoch: [344][  0/251]	Time 0.425 (0.425)	Data 0.184 (0.184)	Loss 2.2619e-01 (2.2619e-01)	lr: 0.000025
2026-03-02 22:10:23,484 - INFO: Epoch: [344][100/251]	Time 0.356 (0.392)	Data 0.190 (0.199)	Loss 1.3835e-01 (1.5585e-01)	lr: 0.000025
2026-03-02 22:11:04,859 - INFO: Epoch: [344][200/251]	Time 0.418 (0.403)	Data 0.197 (0.199)	Loss 1.4128e-01 (1.5790e-01)	lr: 0.000025
2026-03-02 22:11:23,298 - INFO: ----------Epoch:344, training loss is 0.1568 ---------
2026-03-02 22:11:23,634 - INFO: Epoch: [345][  0/251]	Time 0.335 (0.335)	Data 0.180 (0.180)	Loss 1.7024e-01 (1.7024e-01)	lr: 0.000025
2026-03-02 22:12:02,600 - INFO: Epoch: [345][100/251]	Time 0.319 (0.389)	Data 0.189 (0.198)	Loss 1.2331e-01 (1.5229e-01)	lr: 0.000025
2026-03-02 22:12:41,444 - INFO: Epoch: [345][200/251]	Time 0.368 (0.389)	Data 0.193 (0.199)	Loss 2.1401e-01 (1.5654e-01)	lr: 0.000025
2026-03-02 22:13:02,117 - INFO: ----------Epoch:345, training loss is 0.1576 ---------
2026-03-02 22:13:02,524 - INFO: Epoch: [346][  0/251]	Time 0.406 (0.406)	Data 0.180 (0.180)	Loss 1.7337e-01 (1.7337e-01)	lr: 0.000025
2026-03-02 22:13:40,868 - INFO: Epoch: [346][100/251]	Time 0.385 (0.384)	Data 0.168 (0.176)	Loss 1.7106e-01 (1.5627e-01)	lr: 0.000025
2026-03-02 22:14:19,667 - INFO: Epoch: [346][200/251]	Time 0.353 (0.386)	Data 0.162 (0.176)	Loss 1.5027e-01 (1.5683e-01)	lr: 0.000025
2026-03-02 22:14:39,862 - INFO: ----------Epoch:346, training loss is 0.1565 ---------
2026-03-02 22:14:40,231 - INFO: Epoch: [347][  0/251]	Time 0.368 (0.368)	Data 0.180 (0.180)	Loss 1.6419e-01 (1.6419e-01)	lr: 0.000025
2026-03-02 22:15:20,608 - INFO: Epoch: [347][100/251]	Time 0.497 (0.403)	Data 0.202 (0.205)	Loss 1.6945e-01 (1.4860e-01)	lr: 0.000025
2026-03-02 22:15:59,715 - INFO: Epoch: [347][200/251]	Time 0.359 (0.397)	Data 0.188 (0.202)	Loss 1.7988e-01 (1.5363e-01)	lr: 0.000025
2026-03-02 22:16:17,711 - INFO: ----------Epoch:347, training loss is 0.1554 ---------
2026-03-02 22:16:19,357 - INFO: Epoch: [348][  0/251]	Time 0.435 (0.435)	Data 0.183 (0.183)	Loss 1.3746e-01 (1.3746e-01)	lr: 0.000025
2026-03-02 22:16:58,911 - INFO: Epoch: [348][100/251]	Time 0.464 (0.396)	Data 0.183 (0.184)	Loss 2.1842e-01 (1.5868e-01)	lr: 0.000025
2026-03-02 22:17:39,083 - INFO: Epoch: [348][200/251]	Time 0.431 (0.399)	Data 0.190 (0.182)	Loss 1.6872e-01 (1.5830e-01)	lr: 0.000025
2026-03-02 22:17:57,675 - INFO: ----------Epoch:348, training loss is 0.1578 ---------
2026-03-02 22:17:58,049 - INFO: Epoch: [349][  0/251]	Time 0.373 (0.373)	Data 0.183 (0.183)	Loss 1.1730e-01 (1.1730e-01)	lr: 0.000025
2026-03-02 22:18:37,191 - INFO: Epoch: [349][100/251]	Time 0.388 (0.391)	Data 0.176 (0.197)	Loss 1.7610e-01 (1.5105e-01)	lr: 0.000025
2026-03-02 22:19:17,903 - INFO: Epoch: [349][200/251]	Time 0.424 (0.399)	Data 0.177 (0.197)	Loss 1.1759e-01 (1.5269e-01)	lr: 0.000025
2026-03-02 22:19:36,414 - INFO: ----------Epoch:349, training loss is 0.1538 ---------
2026-03-02 22:19:37,978 - INFO: Epoch: [350][  0/251]	Time 0.391 (0.391)	Data 0.186 (0.186)	Loss 1.3245e-01 (1.3245e-01)	lr: 0.000025
2026-03-02 22:20:17,296 - INFO: Epoch: [350][100/251]	Time 0.362 (0.393)	Data 0.177 (0.188)	Loss 1.9290e-01 (1.5296e-01)	lr: 0.000025
2026-03-02 22:20:56,092 - INFO: Epoch: [350][200/251]	Time 0.338 (0.391)	Data 0.183 (0.184)	Loss 1.5658e-01 (1.5283e-01)	lr: 0.000025
2026-03-02 22:21:16,311 - INFO: ----------Epoch:350, training loss is 0.1540 ---------
2026-03-02 22:21:16,694 - INFO: Epoch: [351][  0/251]	Time 0.382 (0.382)	Data 0.181 (0.181)	Loss 1.3322e-01 (1.3322e-01)	lr: 0.000025
2026-03-02 22:21:55,507 - INFO: Epoch: [351][100/251]	Time 0.331 (0.388)	Data 0.180 (0.197)	Loss 1.1803e-01 (1.5343e-01)	lr: 0.000025
2026-03-02 22:22:34,542 - INFO: Epoch: [351][200/251]	Time 0.341 (0.389)	Data 0.175 (0.196)	Loss 1.4257e-01 (1.5237e-01)	lr: 0.000025
2026-03-02 22:22:54,657 - INFO: ----------Epoch:351, training loss is 0.1540 ---------
2026-03-02 22:22:55,044 - INFO: Epoch: [352][  0/251]	Time 0.386 (0.386)	Data 0.187 (0.187)	Loss 1.0207e-01 (1.0207e-01)	lr: 0.000025
2026-03-02 22:23:34,788 - INFO: Epoch: [352][100/251]	Time 0.304 (0.397)	Data 0.169 (0.188)	Loss 1.6026e-01 (1.5327e-01)	lr: 0.000025
2026-03-02 22:24:13,447 - INFO: Epoch: [352][200/251]	Time 0.373 (0.392)	Data 0.173 (0.191)	Loss 1.6980e-01 (1.5304e-01)	lr: 0.000025
2026-03-02 22:24:31,669 - INFO: ----------Epoch:352, training loss is 0.1531 ---------
2026-03-02 22:24:33,370 - INFO: Epoch: [353][  0/251]	Time 0.455 (0.455)	Data 0.202 (0.202)	Loss 1.4266e-01 (1.4266e-01)	lr: 0.000025
2026-03-02 22:25:14,775 - INFO: Epoch: [353][100/251]	Time 0.478 (0.414)	Data 0.192 (0.185)	Loss 1.4249e-01 (1.5415e-01)	lr: 0.000025
2026-03-02 22:25:52,901 - INFO: Epoch: [353][200/251]	Time 0.422 (0.398)	Data 0.214 (0.183)	Loss 1.5340e-01 (1.5553e-01)	lr: 0.000025
2026-03-02 22:26:11,054 - INFO: ----------Epoch:353, training loss is 0.1540 ---------
2026-03-02 22:26:11,511 - INFO: Epoch: [354][  0/251]	Time 0.454 (0.454)	Data 0.203 (0.203)	Loss 1.2605e-01 (1.2605e-01)	lr: 0.000025
2026-03-02 22:26:51,727 - INFO: Epoch: [354][100/251]	Time 0.390 (0.403)	Data 0.181 (0.197)	Loss 1.0052e-01 (1.5087e-01)	lr: 0.000025
2026-03-02 22:27:30,658 - INFO: Epoch: [354][200/251]	Time 0.311 (0.396)	Data 0.167 (0.190)	Loss 1.1642e-01 (1.5311e-01)	lr: 0.000025
2026-03-02 22:27:49,177 - INFO: ----------Epoch:354, training loss is 0.1537 ---------
2026-03-02 22:27:49,628 - INFO: Epoch: [355][  0/251]	Time 0.450 (0.450)	Data 0.187 (0.187)	Loss 1.2333e-01 (1.2333e-01)	lr: 0.000025
2026-03-02 22:28:28,379 - INFO: Epoch: [355][100/251]	Time 0.423 (0.388)	Data 0.179 (0.183)	Loss 1.4393e-01 (1.5029e-01)	lr: 0.000025
2026-03-02 22:29:07,868 - INFO: Epoch: [355][200/251]	Time 0.472 (0.391)	Data 0.189 (0.189)	Loss 1.5318e-01 (1.5374e-01)	lr: 0.000025
2026-03-02 22:29:28,350 - INFO: ----------Epoch:355, training loss is 0.1542 ---------
2026-03-02 22:29:28,782 - INFO: Epoch: [356][  0/251]	Time 0.431 (0.431)	Data 0.181 (0.181)	Loss 1.5882e-01 (1.5882e-01)	lr: 0.000025
2026-03-02 22:30:07,675 - INFO: Epoch: [356][100/251]	Time 0.320 (0.389)	Data 0.189 (0.196)	Loss 1.4629e-01 (1.5029e-01)	lr: 0.000025
2026-03-02 22:30:46,952 - INFO: Epoch: [356][200/251]	Time 0.403 (0.391)	Data 0.211 (0.189)	Loss 1.8781e-01 (1.5052e-01)	lr: 0.000025
2026-03-02 22:31:07,332 - INFO: ----------Epoch:356, training loss is 0.1528 ---------
2026-03-02 22:31:08,857 - INFO: Epoch: [357][  0/251]	Time 0.376 (0.376)	Data 0.169 (0.169)	Loss 1.9755e-01 (1.9755e-01)	lr: 0.000025
2026-03-02 22:31:47,586 - INFO: Epoch: [357][100/251]	Time 0.350 (0.387)	Data 0.170 (0.180)	Loss 1.8039e-01 (1.4871e-01)	lr: 0.000025
2026-03-02 22:32:27,201 - INFO: Epoch: [357][200/251]	Time 0.380 (0.392)	Data 0.178 (0.181)	Loss 1.4705e-01 (1.5178e-01)	lr: 0.000025
2026-03-02 22:32:47,415 - INFO: ----------Epoch:357, training loss is 0.1532 ---------
2026-03-02 22:32:47,757 - INFO: Epoch: [358][  0/251]	Time 0.341 (0.341)	Data 0.176 (0.176)	Loss 1.6747e-01 (1.6747e-01)	lr: 0.000025
2026-03-02 22:33:26,904 - INFO: Epoch: [358][100/251]	Time 0.328 (0.391)	Data 0.168 (0.194)	Loss 1.2664e-01 (1.5396e-01)	lr: 0.000025
2026-03-02 22:34:06,742 - INFO: Epoch: [358][200/251]	Time 0.447 (0.395)	Data 0.177 (0.196)	Loss 2.0788e-01 (1.5205e-01)	lr: 0.000025
2026-03-02 22:34:26,599 - INFO: ----------Epoch:358, training loss is 0.1517 ---------
2026-03-02 22:34:28,259 - INFO: Epoch: [359][  0/251]	Time 0.431 (0.431)	Data 0.210 (0.210)	Loss 1.4887e-01 (1.4887e-01)	lr: 0.000025
2026-03-02 22:35:07,155 - INFO: Epoch: [359][100/251]	Time 0.366 (0.389)	Data 0.185 (0.197)	Loss 1.5810e-01 (1.5704e-01)	lr: 0.000025
2026-03-02 22:35:45,784 - INFO: Epoch: [359][200/251]	Time 0.344 (0.388)	Data 0.184 (0.197)	Loss 1.5378e-01 (1.5315e-01)	lr: 0.000025
2026-03-02 22:36:06,701 - INFO: ----------Epoch:359, training loss is 0.1529 ---------
2026-03-02 22:36:07,095 - INFO: Epoch: [360][  0/251]	Time 0.393 (0.393)	Data 0.185 (0.185)	Loss 1.6931e-01 (1.6931e-01)	lr: 0.000025
2026-03-02 22:36:45,574 - INFO: Epoch: [360][100/251]	Time 0.331 (0.385)	Data 0.164 (0.180)	Loss 1.3698e-01 (1.4991e-01)	lr: 0.000025
2026-03-02 22:37:24,648 - INFO: Epoch: [360][200/251]	Time 0.357 (0.388)	Data 0.167 (0.189)	Loss 1.9373e-01 (1.5117e-01)	lr: 0.000025
2026-03-02 22:37:43,683 - INFO: ----------Epoch:360, training loss is 0.1533 ---------
2026-03-02 22:37:45,405 - INFO: Epoch: [361][  0/251]	Time 0.439 (0.439)	Data 0.226 (0.226)	Loss 2.2986e-01 (2.2986e-01)	lr: 0.000013
2026-03-02 22:38:27,290 - INFO: Epoch: [361][100/251]	Time 0.398 (0.419)	Data 0.173 (0.204)	Loss 2.0960e-01 (1.5197e-01)	lr: 0.000013
2026-03-02 22:39:05,928 - INFO: Epoch: [361][200/251]	Time 0.339 (0.403)	Data 0.170 (0.202)	Loss 1.1551e-01 (1.5035e-01)	lr: 0.000013
2026-03-02 22:39:24,580 - INFO: ----------Epoch:361, training loss is 0.1499 ---------
2026-03-02 22:39:26,204 - INFO: Epoch: [362][  0/251]	Time 0.339 (0.339)	Data 0.192 (0.192)	Loss 1.5223e-01 (1.5223e-01)	lr: 0.000013
2026-03-02 22:40:07,111 - INFO: Epoch: [362][100/251]	Time 0.389 (0.408)	Data 0.178 (0.180)	Loss 1.3570e-01 (1.4495e-01)	lr: 0.000013
2026-03-02 22:40:46,550 - INFO: Epoch: [362][200/251]	Time 0.347 (0.401)	Data 0.174 (0.188)	Loss 1.3652e-01 (1.4758e-01)	lr: 0.000013
2026-03-02 22:41:04,663 - INFO: ----------Epoch:362, training loss is 0.1483 ---------
2026-03-02 22:41:06,345 - INFO: Epoch: [363][  0/251]	Time 0.465 (0.465)	Data 0.212 (0.212)	Loss 1.6242e-01 (1.6242e-01)	lr: 0.000013
2026-03-02 22:41:47,187 - INFO: Epoch: [363][100/251]	Time 0.413 (0.409)	Data 0.172 (0.181)	Loss 1.3589e-01 (1.4741e-01)	lr: 0.000013
2026-03-02 22:42:25,980 - INFO: Epoch: [363][200/251]	Time 0.361 (0.399)	Data 0.179 (0.189)	Loss 1.6842e-01 (1.4798e-01)	lr: 0.000013
2026-03-02 22:42:44,140 - INFO: ----------Epoch:363, training loss is 0.1484 ---------
2026-03-02 22:42:44,486 - INFO: Epoch: [364][  0/251]	Time 0.345 (0.345)	Data 0.167 (0.167)	Loss 2.0144e-01 (2.0144e-01)	lr: 0.000013
2026-03-02 22:43:23,389 - INFO: Epoch: [364][100/251]	Time 0.417 (0.389)	Data 0.200 (0.197)	Loss 1.4048e-01 (1.4591e-01)	lr: 0.000013
2026-03-02 22:44:03,205 - INFO: Epoch: [364][200/251]	Time 0.407 (0.393)	Data 0.182 (0.188)	Loss 1.4663e-01 (1.4445e-01)	lr: 0.000013
2026-03-02 22:44:21,736 - INFO: ----------Epoch:364, training loss is 0.1449 ---------
2026-03-02 22:44:23,350 - INFO: Epoch: [365][  0/251]	Time 0.409 (0.409)	Data 0.183 (0.183)	Loss 1.1083e-01 (1.1083e-01)	lr: 0.000013
2026-03-02 22:45:01,530 - INFO: Epoch: [365][100/251]	Time 0.385 (0.382)	Data 0.201 (0.178)	Loss 1.3268e-01 (1.4477e-01)	lr: 0.000013
2026-03-02 22:45:43,057 - INFO: Epoch: [365][200/251]	Time 0.452 (0.399)	Data 0.213 (0.180)	Loss 7.6183e-02 (1.4543e-01)	lr: 0.000013
2026-03-02 22:46:01,804 - INFO: ----------Epoch:365, training loss is 0.1448 ---------
2026-03-02 22:46:03,321 - INFO: Epoch: [366][  0/251]	Time 0.366 (0.366)	Data 0.190 (0.190)	Loss 1.3786e-01 (1.3786e-01)	lr: 0.000013
2026-03-02 22:46:41,682 - INFO: Epoch: [366][100/251]	Time 0.341 (0.383)	Data 0.198 (0.177)	Loss 1.4113e-01 (1.4633e-01)	lr: 0.000013
2026-03-02 22:47:20,861 - INFO: Epoch: [366][200/251]	Time 0.381 (0.388)	Data 0.221 (0.185)	Loss 1.0384e-01 (1.4442e-01)	lr: 0.000013
2026-03-02 22:47:41,072 - INFO: ----------Epoch:366, training loss is 0.1451 ---------
2026-03-02 22:47:41,489 - INFO: Epoch: [367][  0/251]	Time 0.416 (0.416)	Data 0.183 (0.183)	Loss 1.4588e-01 (1.4588e-01)	lr: 0.000013
2026-03-02 22:48:22,087 - INFO: Epoch: [367][100/251]	Time 0.392 (0.406)	Data 0.198 (0.184)	Loss 1.4613e-01 (1.4332e-01)	lr: 0.000013
2026-03-02 22:49:01,508 - INFO: Epoch: [367][200/251]	Time 0.375 (0.400)	Data 0.193 (0.191)	Loss 1.1014e-01 (1.4314e-01)	lr: 0.000013
2026-03-02 22:49:19,383 - INFO: ----------Epoch:367, training loss is 0.1434 ---------
2026-03-02 22:49:20,978 - INFO: Epoch: [368][  0/251]	Time 0.421 (0.421)	Data 0.189 (0.189)	Loss 1.2412e-01 (1.2412e-01)	lr: 0.000013
2026-03-02 22:50:02,182 - INFO: Epoch: [368][100/251]	Time 0.383 (0.412)	Data 0.181 (0.215)	Loss 9.9392e-02 (1.4476e-01)	lr: 0.000013
2026-03-02 22:50:40,767 - INFO: Epoch: [368][200/251]	Time 0.356 (0.399)	Data 0.188 (0.206)	Loss 1.7682e-01 (1.4302e-01)	lr: 0.000013
2026-03-02 22:50:58,909 - INFO: ----------Epoch:368, training loss is 0.1431 ---------
2026-03-02 22:51:00,487 - INFO: Epoch: [369][  0/251]	Time 0.411 (0.411)	Data 0.171 (0.171)	Loss 1.0750e-01 (1.0750e-01)	lr: 0.000013
2026-03-02 22:51:39,625 - INFO: Epoch: [369][100/251]	Time 0.355 (0.392)	Data 0.188 (0.196)	Loss 1.3708e-01 (1.4276e-01)	lr: 0.000013
2026-03-02 22:52:19,520 - INFO: Epoch: [369][200/251]	Time 0.385 (0.395)	Data 0.165 (0.195)	Loss 1.3796e-01 (1.4332e-01)	lr: 0.000013
2026-03-02 22:52:37,786 - INFO: ----------Epoch:369, training loss is 0.1433 ---------
2026-03-02 22:52:38,159 - INFO: Epoch: [370][  0/251]	Time 0.373 (0.373)	Data 0.190 (0.190)	Loss 1.5912e-01 (1.5912e-01)	lr: 0.000013
2026-03-02 22:53:16,288 - INFO: Epoch: [370][100/251]	Time 0.410 (0.381)	Data 0.183 (0.193)	Loss 1.2468e-01 (1.4053e-01)	lr: 0.000013
2026-03-02 22:53:55,406 - INFO: Epoch: [370][200/251]	Time 0.376 (0.386)	Data 0.189 (0.193)	Loss 8.6386e-02 (1.4231e-01)	lr: 0.000013
2026-03-02 22:54:15,534 - INFO: ----------Epoch:370, training loss is 0.1414 ---------
2026-03-02 22:54:17,110 - INFO: Epoch: [371][  0/251]	Time 0.409 (0.409)	Data 0.178 (0.178)	Loss 1.4430e-01 (1.4430e-01)	lr: 0.000013
2026-03-02 22:54:55,291 - INFO: Epoch: [371][100/251]	Time 0.344 (0.382)	Data 0.179 (0.194)	Loss 1.5034e-01 (1.4201e-01)	lr: 0.000013
2026-03-02 22:55:33,795 - INFO: Epoch: [371][200/251]	Time 0.413 (0.384)	Data 0.180 (0.193)	Loss 1.3003e-01 (1.3956e-01)	lr: 0.000013
2026-03-02 22:55:54,335 - INFO: ----------Epoch:371, training loss is 0.1405 ---------
2026-03-02 22:55:55,859 - INFO: Epoch: [372][  0/251]	Time 0.377 (0.377)	Data 0.168 (0.168)	Loss 1.2205e-01 (1.2205e-01)	lr: 0.000013
2026-03-02 22:56:34,043 - INFO: Epoch: [372][100/251]	Time 0.353 (0.382)	Data 0.181 (0.194)	Loss 1.2700e-01 (1.4219e-01)	lr: 0.000013
2026-03-02 22:57:13,118 - INFO: Epoch: [372][200/251]	Time 0.352 (0.386)	Data 0.179 (0.189)	Loss 1.5124e-01 (1.4214e-01)	lr: 0.000013
2026-03-02 22:57:33,784 - INFO: ----------Epoch:372, training loss is 0.1415 ---------
2026-03-02 22:57:34,157 - INFO: Epoch: [373][  0/251]	Time 0.372 (0.372)	Data 0.186 (0.186)	Loss 1.7718e-01 (1.7718e-01)	lr: 0.000013
2026-03-02 22:58:13,067 - INFO: Epoch: [373][100/251]	Time 0.409 (0.389)	Data 0.188 (0.197)	Loss 1.1195e-01 (1.3933e-01)	lr: 0.000013
2026-03-02 22:58:51,518 - INFO: Epoch: [373][200/251]	Time 0.344 (0.387)	Data 0.166 (0.190)	Loss 1.0494e-01 (1.4068e-01)	lr: 0.000013
2026-03-02 22:59:12,358 - INFO: ----------Epoch:373, training loss is 0.1425 ---------
2026-03-02 22:59:12,790 - INFO: Epoch: [374][  0/251]	Time 0.430 (0.430)	Data 0.205 (0.205)	Loss 1.7367e-01 (1.7367e-01)	lr: 0.000013
2026-03-02 22:59:50,720 - INFO: Epoch: [374][100/251]	Time 0.387 (0.380)	Data 0.169 (0.195)	Loss 1.3547e-01 (1.3759e-01)	lr: 0.000013
2026-03-02 23:00:29,729 - INFO: Epoch: [374][200/251]	Time 0.329 (0.385)	Data 0.167 (0.188)	Loss 1.5437e-01 (1.3878e-01)	lr: 0.000013
2026-03-02 23:00:50,030 - INFO: ----------Epoch:374, training loss is 0.1391 ---------
2026-03-02 23:00:51,580 - INFO: Epoch: [375][  0/251]	Time 0.392 (0.392)	Data 0.195 (0.195)	Loss 1.3376e-01 (1.3376e-01)	lr: 0.000013
2026-03-02 23:01:31,049 - INFO: Epoch: [375][100/251]	Time 0.381 (0.395)	Data 0.174 (0.179)	Loss 1.4373e-01 (1.4023e-01)	lr: 0.000013
2026-03-02 23:02:11,675 - INFO: Epoch: [375][200/251]	Time 0.376 (0.400)	Data 0.182 (0.192)	Loss 1.6919e-01 (1.4223e-01)	lr: 0.000013
2026-03-02 23:02:32,368 - INFO: ----------Epoch:375, training loss is 0.1421 ---------
2026-03-02 23:02:32,729 - INFO: Epoch: [376][  0/251]	Time 0.360 (0.360)	Data 0.191 (0.191)	Loss 9.4802e-02 (9.4802e-02)	lr: 0.000013
2026-03-02 23:03:15,176 - INFO: Epoch: [376][100/251]	Time 0.415 (0.424)	Data 0.178 (0.202)	Loss 1.9936e-01 (1.3863e-01)	lr: 0.000013
2026-03-02 23:03:56,114 - INFO: Epoch: [376][200/251]	Time 0.320 (0.417)	Data 0.181 (0.204)	Loss 1.0242e-01 (1.3922e-01)	lr: 0.000013
2026-03-02 23:04:17,614 - INFO: ----------Epoch:376, training loss is 0.1382 ---------
2026-03-02 23:04:19,163 - INFO: Epoch: [377][  0/251]	Time 0.423 (0.423)	Data 0.178 (0.178)	Loss 1.2347e-01 (1.2347e-01)	lr: 0.000013
2026-03-02 23:04:59,404 - INFO: Epoch: [377][100/251]	Time 0.490 (0.403)	Data 0.210 (0.207)	Loss 1.5435e-01 (1.3881e-01)	lr: 0.000013
2026-03-02 23:05:39,347 - INFO: Epoch: [377][200/251]	Time 0.367 (0.401)	Data 0.182 (0.197)	Loss 1.1096e-01 (1.3840e-01)	lr: 0.000013
2026-03-02 23:06:00,828 - INFO: ----------Epoch:377, training loss is 0.1393 ---------
2026-03-02 23:06:01,147 - INFO: Epoch: [378][  0/251]	Time 0.318 (0.318)	Data 0.186 (0.186)	Loss 1.3123e-01 (1.3123e-01)	lr: 0.000013
2026-03-02 23:06:41,362 - INFO: Epoch: [378][100/251]	Time 0.370 (0.401)	Data 0.167 (0.179)	Loss 1.3478e-01 (1.3978e-01)	lr: 0.000013
2026-03-02 23:07:21,411 - INFO: Epoch: [378][200/251]	Time 0.353 (0.401)	Data 0.181 (0.180)	Loss 1.2318e-01 (1.3914e-01)	lr: 0.000013
2026-03-02 23:07:42,729 - INFO: ----------Epoch:378, training loss is 0.1397 ---------
2026-03-02 23:07:43,055 - INFO: Epoch: [379][  0/251]	Time 0.326 (0.326)	Data 0.171 (0.171)	Loss 1.5583e-01 (1.5583e-01)	lr: 0.000013
2026-03-02 23:08:23,117 - INFO: Epoch: [379][100/251]	Time 0.346 (0.400)	Data 0.161 (0.180)	Loss 1.6915e-01 (1.4517e-01)	lr: 0.000013
2026-03-02 23:09:02,718 - INFO: Epoch: [379][200/251]	Time 0.342 (0.398)	Data 0.177 (0.180)	Loss 1.1107e-01 (1.3996e-01)	lr: 0.000013
2026-03-02 23:09:23,865 - INFO: ----------Epoch:379, training loss is 0.1396 ---------
2026-03-02 23:09:24,279 - INFO: Epoch: [380][  0/251]	Time 0.413 (0.413)	Data 0.178 (0.178)	Loss 1.1471e-01 (1.1471e-01)	lr: 0.000013
2026-03-02 23:10:02,146 - INFO: Epoch: [380][100/251]	Time 0.375 (0.379)	Data 0.193 (0.183)	Loss 1.3425e-01 (1.3816e-01)	lr: 0.000013
2026-03-02 23:10:44,711 - INFO: Epoch: [380][200/251]	Time 0.401 (0.402)	Data 0.182 (0.196)	Loss 1.3704e-01 (1.3956e-01)	lr: 0.000013
2026-03-02 23:11:03,062 - INFO: ----------Epoch:380, training loss is 0.1380 ---------
2026-03-02 23:11:04,574 - INFO: Epoch: [381][  0/251]	Time 0.345 (0.345)	Data 0.188 (0.188)	Loss 1.4845e-01 (1.4845e-01)	lr: 0.000013
2026-03-02 23:11:45,715 - INFO: Epoch: [381][100/251]	Time 0.340 (0.411)	Data 0.165 (0.186)	Loss 1.6877e-01 (1.3627e-01)	lr: 0.000013
2026-03-02 23:12:25,685 - INFO: Epoch: [381][200/251]	Time 0.407 (0.405)	Data 0.178 (0.194)	Loss 1.3899e-01 (1.3729e-01)	lr: 0.000013
2026-03-02 23:12:47,131 - INFO: ----------Epoch:381, training loss is 0.1375 ---------
2026-03-02 23:12:48,708 - INFO: Epoch: [382][  0/251]	Time 0.420 (0.420)	Data 0.188 (0.188)	Loss 1.3661e-01 (1.3661e-01)	lr: 0.000013
2026-03-02 23:13:28,925 - INFO: Epoch: [382][100/251]	Time 0.455 (0.402)	Data 0.183 (0.203)	Loss 8.1834e-02 (1.3599e-01)	lr: 0.000013
2026-03-02 23:14:09,017 - INFO: Epoch: [382][200/251]	Time 0.380 (0.402)	Data 0.178 (0.192)	Loss 1.7485e-01 (1.3697e-01)	lr: 0.000013
2026-03-02 23:14:29,990 - INFO: ----------Epoch:382, training loss is 0.1378 ---------
2026-03-02 23:14:30,362 - INFO: Epoch: [383][  0/251]	Time 0.371 (0.371)	Data 0.182 (0.182)	Loss 1.4735e-01 (1.4735e-01)	lr: 0.000013
2026-03-02 23:15:10,693 - INFO: Epoch: [383][100/251]	Time 0.313 (0.403)	Data 0.171 (0.202)	Loss 1.2579e-01 (1.3672e-01)	lr: 0.000013
2026-03-02 23:15:50,345 - INFO: Epoch: [383][200/251]	Time 0.343 (0.400)	Data 0.176 (0.192)	Loss 1.1637e-01 (1.3565e-01)	lr: 0.000013
2026-03-02 23:16:11,265 - INFO: ----------Epoch:383, training loss is 0.1358 ---------
2026-03-02 23:16:12,860 - INFO: Epoch: [384][  0/251]	Time 0.429 (0.429)	Data 0.177 (0.177)	Loss 1.3070e-01 (1.3070e-01)	lr: 0.000013
2026-03-02 23:16:52,920 - INFO: Epoch: [384][100/251]	Time 0.358 (0.401)	Data 0.176 (0.202)	Loss 1.5420e-01 (1.4245e-01)	lr: 0.000013
2026-03-02 23:17:33,373 - INFO: Epoch: [384][200/251]	Time 0.359 (0.403)	Data 0.177 (0.193)	Loss 1.0952e-01 (1.3854e-01)	lr: 0.000013
2026-03-02 23:17:54,010 - INFO: ----------Epoch:384, training loss is 0.1375 ---------
2026-03-02 23:17:54,327 - INFO: Epoch: [385][  0/251]	Time 0.316 (0.316)	Data 0.177 (0.177)	Loss 1.3435e-01 (1.3435e-01)	lr: 0.000013
2026-03-02 23:18:34,314 - INFO: Epoch: [385][100/251]	Time 0.394 (0.399)	Data 0.168 (0.202)	Loss 1.2405e-01 (1.3641e-01)	lr: 0.000013
2026-03-02 23:19:14,561 - INFO: Epoch: [385][200/251]	Time 0.376 (0.401)	Data 0.208 (0.203)	Loss 1.0226e-01 (1.3550e-01)	lr: 0.000013
2026-03-02 23:19:35,745 - INFO: ----------Epoch:385, training loss is 0.1369 ---------
2026-03-02 23:19:36,096 - INFO: Epoch: [386][  0/251]	Time 0.349 (0.349)	Data 0.183 (0.183)	Loss 1.2518e-01 (1.2518e-01)	lr: 0.000013
2026-03-02 23:20:15,782 - INFO: Epoch: [386][100/251]	Time 0.320 (0.396)	Data 0.177 (0.201)	Loss 1.7483e-01 (1.3335e-01)	lr: 0.000013
2026-03-02 23:20:55,652 - INFO: Epoch: [386][200/251]	Time 0.341 (0.398)	Data 0.180 (0.192)	Loss 7.1981e-02 (1.3457e-01)	lr: 0.000013
2026-03-02 23:21:16,950 - INFO: ----------Epoch:386, training loss is 0.1368 ---------
2026-03-02 23:21:17,303 - INFO: Epoch: [387][  0/251]	Time 0.351 (0.351)	Data 0.184 (0.184)	Loss 9.6786e-02 (9.6786e-02)	lr: 0.000013
2026-03-02 23:21:57,544 - INFO: Epoch: [387][100/251]	Time 0.387 (0.402)	Data 0.183 (0.202)	Loss 1.9437e-01 (1.3897e-01)	lr: 0.000013
2026-03-02 23:22:37,333 - INFO: Epoch: [387][200/251]	Time 0.391 (0.400)	Data 0.191 (0.192)	Loss 9.7175e-02 (1.3870e-01)	lr: 0.000013
2026-03-02 23:22:58,166 - INFO: ----------Epoch:387, training loss is 0.1377 ---------
2026-03-02 23:22:58,515 - INFO: Epoch: [388][  0/251]	Time 0.348 (0.348)	Data 0.170 (0.170)	Loss 1.2727e-01 (1.2727e-01)	lr: 0.000013
2026-03-02 23:23:36,949 - INFO: Epoch: [388][100/251]	Time 0.385 (0.384)	Data 0.169 (0.184)	Loss 1.0493e-01 (1.3647e-01)	lr: 0.000013
2026-03-02 23:24:19,874 - INFO: Epoch: [388][200/251]	Time 0.382 (0.407)	Data 0.195 (0.204)	Loss 1.4460e-01 (1.3615e-01)	lr: 0.000013
2026-03-02 23:24:38,062 - INFO: ----------Epoch:388, training loss is 0.1354 ---------
2026-03-02 23:24:39,649 - INFO: Epoch: [389][  0/251]	Time 0.418 (0.418)	Data 0.199 (0.199)	Loss 1.4970e-01 (1.4970e-01)	lr: 0.000013
2026-03-02 23:25:19,787 - INFO: Epoch: [389][100/251]	Time 0.336 (0.402)	Data 0.178 (0.183)	Loss 1.8357e-01 (1.3710e-01)	lr: 0.000013
2026-03-02 23:26:02,299 - INFO: Epoch: [389][200/251]	Time 0.409 (0.413)	Data 0.183 (0.184)	Loss 1.9946e-01 (1.3440e-01)	lr: 0.000013
2026-03-02 23:26:20,719 - INFO: ----------Epoch:389, training loss is 0.1355 ---------
2026-03-02 23:26:21,142 - INFO: Epoch: [390][  0/251]	Time 0.422 (0.422)	Data 0.186 (0.186)	Loss 1.5094e-01 (1.5094e-01)	lr: 0.000013
2026-03-02 23:27:00,623 - INFO: Epoch: [390][100/251]	Time 0.304 (0.395)	Data 0.166 (0.201)	Loss 1.1509e-01 (1.3515e-01)	lr: 0.000013
2026-03-02 23:27:40,816 - INFO: Epoch: [390][200/251]	Time 0.365 (0.398)	Data 0.178 (0.192)	Loss 1.5531e-01 (1.3478e-01)	lr: 0.000013
2026-03-02 23:28:01,737 - INFO: ----------Epoch:390, training loss is 0.1363 ---------
2026-03-02 23:28:02,108 - INFO: Epoch: [391][  0/251]	Time 0.370 (0.370)	Data 0.181 (0.181)	Loss 1.1458e-01 (1.1458e-01)	lr: 0.000013
2026-03-02 23:28:42,215 - INFO: Epoch: [391][100/251]	Time 0.327 (0.401)	Data 0.175 (0.203)	Loss 1.2083e-01 (1.3320e-01)	lr: 0.000013
2026-03-02 23:29:21,380 - INFO: Epoch: [391][200/251]	Time 0.368 (0.396)	Data 0.199 (0.201)	Loss 1.2305e-01 (1.3104e-01)	lr: 0.000013
2026-03-02 23:29:42,276 - INFO: ----------Epoch:391, training loss is 0.1333 ---------
2026-03-02 23:29:43,816 - INFO: Epoch: [392][  0/251]	Time 0.351 (0.351)	Data 0.183 (0.183)	Loss 1.6200e-01 (1.6200e-01)	lr: 0.000013
2026-03-02 23:30:23,756 - INFO: Epoch: [392][100/251]	Time 0.357 (0.399)	Data 0.191 (0.201)	Loss 8.0003e-02 (1.3780e-01)	lr: 0.000013
2026-03-02 23:31:03,211 - INFO: Epoch: [392][200/251]	Time 0.400 (0.397)	Data 0.201 (0.201)	Loss 1.4743e-01 (1.3617e-01)	lr: 0.000013
2026-03-02 23:31:23,887 - INFO: ----------Epoch:392, training loss is 0.1353 ---------
2026-03-02 23:31:24,224 - INFO: Epoch: [393][  0/251]	Time 0.336 (0.336)	Data 0.178 (0.178)	Loss 1.4152e-01 (1.4152e-01)	lr: 0.000013
2026-03-02 23:32:04,339 - INFO: Epoch: [393][100/251]	Time 0.379 (0.401)	Data 0.181 (0.183)	Loss 1.4594e-01 (1.3242e-01)	lr: 0.000013
2026-03-02 23:32:44,653 - INFO: Epoch: [393][200/251]	Time 0.344 (0.402)	Data 0.180 (0.183)	Loss 1.2324e-01 (1.3453e-01)	lr: 0.000013
2026-03-02 23:33:05,167 - INFO: ----------Epoch:393, training loss is 0.1357 ---------
2026-03-02 23:33:05,572 - INFO: Epoch: [394][  0/251]	Time 0.405 (0.405)	Data 0.191 (0.191)	Loss 1.1911e-01 (1.1911e-01)	lr: 0.000013
2026-03-02 23:33:45,354 - INFO: Epoch: [394][100/251]	Time 0.352 (0.398)	Data 0.180 (0.182)	Loss 1.7426e-01 (1.3254e-01)	lr: 0.000013
2026-03-02 23:34:25,694 - INFO: Epoch: [394][200/251]	Time 0.385 (0.401)	Data 0.184 (0.183)	Loss 1.5811e-01 (1.3246e-01)	lr: 0.000013
2026-03-02 23:34:46,108 - INFO: ----------Epoch:394, training loss is 0.1330 ---------
2026-03-02 23:34:47,619 - INFO: Epoch: [395][  0/251]	Time 0.353 (0.353)	Data 0.201 (0.201)	Loss 1.1231e-01 (1.1231e-01)	lr: 0.000013
2026-03-02 23:35:28,147 - INFO: Epoch: [395][100/251]	Time 0.392 (0.405)	Data 0.183 (0.202)	Loss 1.4002e-01 (1.3235e-01)	lr: 0.000013
2026-03-02 23:36:08,073 - INFO: Epoch: [395][200/251]	Time 0.386 (0.402)	Data 0.207 (0.193)	Loss 1.6063e-01 (1.3341e-01)	lr: 0.000013
2026-03-02 23:36:29,127 - INFO: ----------Epoch:395, training loss is 0.1342 ---------
2026-03-02 23:36:29,502 - INFO: Epoch: [396][  0/251]	Time 0.374 (0.374)	Data 0.172 (0.172)	Loss 9.9765e-02 (9.9765e-02)	lr: 0.000013
2026-03-02 23:37:09,052 - INFO: Epoch: [396][100/251]	Time 0.355 (0.395)	Data 0.171 (0.183)	Loss 1.6050e-01 (1.3795e-01)	lr: 0.000013
2026-03-02 23:37:48,762 - INFO: Epoch: [396][200/251]	Time 0.372 (0.396)	Data 0.190 (0.193)	Loss 1.2998e-01 (1.3307e-01)	lr: 0.000013
2026-03-02 23:38:09,014 - INFO: ----------Epoch:396, training loss is 0.1328 ---------
2026-03-02 23:38:10,543 - INFO: Epoch: [397][  0/251]	Time 0.325 (0.325)	Data 0.187 (0.187)	Loss 1.1635e-01 (1.1635e-01)	lr: 0.000013
2026-03-02 23:38:50,305 - INFO: Epoch: [397][100/251]	Time 0.364 (0.397)	Data 0.182 (0.201)	Loss 1.3266e-01 (1.3262e-01)	lr: 0.000013
2026-03-02 23:39:30,309 - INFO: Epoch: [397][200/251]	Time 0.379 (0.398)	Data 0.181 (0.202)	Loss 9.7662e-02 (1.3261e-01)	lr: 0.000013
2026-03-02 23:39:51,334 - INFO: ----------Epoch:397, training loss is 0.1320 ---------
2026-03-02 23:39:53,036 - INFO: Epoch: [398][  0/251]	Time 0.429 (0.429)	Data 0.201 (0.201)	Loss 1.4176e-01 (1.4176e-01)	lr: 0.000013
2026-03-02 23:40:32,842 - INFO: Epoch: [398][100/251]	Time 0.343 (0.398)	Data 0.188 (0.202)	Loss 1.3351e-01 (1.3285e-01)	lr: 0.000013
2026-03-02 23:41:12,982 - INFO: Epoch: [398][200/251]	Time 0.428 (0.400)	Data 0.183 (0.201)	Loss 1.8158e-01 (1.3254e-01)	lr: 0.000013
2026-03-02 23:41:33,680 - INFO: ----------Epoch:398, training loss is 0.1321 ---------
2026-03-02 23:41:34,000 - INFO: Epoch: [399][  0/251]	Time 0.319 (0.319)	Data 0.178 (0.178)	Loss 1.3715e-01 (1.3715e-01)	lr: 0.000013
2026-03-02 23:42:14,111 - INFO: Epoch: [399][100/251]	Time 0.337 (0.400)	Data 0.170 (0.201)	Loss 1.0193e-01 (1.2585e-01)	lr: 0.000013
2026-03-02 23:42:52,061 - INFO: Epoch: [399][200/251]	Time 0.385 (0.390)	Data 0.176 (0.192)	Loss 1.0570e-01 (1.3198e-01)	lr: 0.000013
2026-03-02 23:43:14,705 - INFO: ----------Epoch:399, training loss is 0.1322 ---------
2026-03-02 23:43:15,133 - INFO: Epoch: [400][  0/251]	Time 0.427 (0.427)	Data 0.178 (0.178)	Loss 1.8667e-01 (1.8667e-01)	lr: 0.000013
2026-03-02 23:43:54,698 - INFO: Epoch: [400][100/251]	Time 0.380 (0.396)	Data 0.175 (0.181)	Loss 1.0599e-01 (1.3332e-01)	lr: 0.000013
2026-03-02 23:44:34,695 - INFO: Epoch: [400][200/251]	Time 0.448 (0.398)	Data 0.193 (0.183)	Loss 1.0838e-01 (1.3291e-01)	lr: 0.000013
2026-03-02 23:44:55,661 - INFO: ----------Epoch:400, training loss is 0.1337 ---------
2026-03-02 23:44:57,241 - INFO: Epoch: [401][  0/251]	Time 0.359 (0.359)	Data 0.175 (0.175)	Loss 1.2946e-01 (1.2946e-01)	lr: 0.000013
2026-03-02 23:45:37,894 - INFO: Epoch: [401][100/251]	Time 0.379 (0.406)	Data 0.201 (0.182)	Loss 1.4744e-01 (1.3369e-01)	lr: 0.000013
2026-03-02 23:46:17,935 - INFO: Epoch: [401][200/251]	Time 0.381 (0.403)	Data 0.179 (0.182)	Loss 1.4218e-01 (1.3187e-01)	lr: 0.000013
2026-03-02 23:46:38,850 - INFO: ----------Epoch:401, training loss is 0.1319 ---------
2026-03-02 23:46:40,416 - INFO: Epoch: [402][  0/251]	Time 0.345 (0.345)	Data 0.185 (0.185)	Loss 1.5375e-01 (1.5375e-01)	lr: 0.000013
2026-03-02 23:47:20,439 - INFO: Epoch: [402][100/251]	Time 0.412 (0.400)	Data 0.181 (0.206)	Loss 1.0763e-01 (1.3199e-01)	lr: 0.000013
2026-03-02 23:48:00,270 - INFO: Epoch: [402][200/251]	Time 0.335 (0.399)	Data 0.170 (0.193)	Loss 1.0933e-01 (1.3124e-01)	lr: 0.000013
2026-03-02 23:48:21,051 - INFO: ----------Epoch:402, training loss is 0.1323 ---------
2026-03-02 23:48:21,456 - INFO: Epoch: [403][  0/251]	Time 0.403 (0.403)	Data 0.216 (0.216)	Loss 1.5353e-01 (1.5353e-01)	lr: 0.000013
2026-03-02 23:49:00,981 - INFO: Epoch: [403][100/251]	Time 0.392 (0.395)	Data 0.185 (0.203)	Loss 1.4025e-01 (1.3227e-01)	lr: 0.000013
2026-03-02 23:49:41,074 - INFO: Epoch: [403][200/251]	Time 0.385 (0.398)	Data 0.185 (0.203)	Loss 1.4187e-01 (1.3167e-01)	lr: 0.000013
2026-03-02 23:50:02,795 - INFO: ----------Epoch:403, training loss is 0.1322 ---------
2026-03-02 23:50:03,111 - INFO: Epoch: [404][  0/251]	Time 0.315 (0.315)	Data 0.178 (0.178)	Loss 5.8187e-02 (5.8187e-02)	lr: 0.000013
2026-03-02 23:50:43,179 - INFO: Epoch: [404][100/251]	Time 0.415 (0.400)	Data 0.184 (0.182)	Loss 1.8062e-01 (1.3453e-01)	lr: 0.000013
2026-03-02 23:51:22,812 - INFO: Epoch: [404][200/251]	Time 0.286 (0.398)	Data 0.164 (0.192)	Loss 5.4018e-02 (1.3121e-01)	lr: 0.000013
2026-03-02 23:51:43,943 - INFO: ----------Epoch:404, training loss is 0.1302 ---------
2026-03-02 23:51:45,699 - INFO: Epoch: [405][  0/251]	Time 0.439 (0.439)	Data 0.172 (0.172)	Loss 1.3162e-01 (1.3162e-01)	lr: 0.000013
2026-03-02 23:52:25,946 - INFO: Epoch: [405][100/251]	Time 0.325 (0.403)	Data 0.173 (0.180)	Loss 1.6575e-01 (1.2828e-01)	lr: 0.000013
2026-03-02 23:53:06,454 - INFO: Epoch: [405][200/251]	Time 0.354 (0.404)	Data 0.180 (0.181)	Loss 1.0416e-01 (1.2823e-01)	lr: 0.000013
2026-03-02 23:53:27,533 - INFO: ----------Epoch:405, training loss is 0.1288 ---------
2026-03-02 23:53:29,101 - INFO: Epoch: [406][  0/251]	Time 0.398 (0.398)	Data 0.197 (0.197)	Loss 1.2282e-01 (1.2282e-01)	lr: 0.000013
2026-03-02 23:54:09,367 - INFO: Epoch: [406][100/251]	Time 0.329 (0.403)	Data 0.177 (0.205)	Loss 1.6944e-01 (1.2928e-01)	lr: 0.000013
2026-03-02 23:54:48,599 - INFO: Epoch: [406][200/251]	Time 0.351 (0.397)	Data 0.184 (0.192)	Loss 1.5293e-01 (1.2717e-01)	lr: 0.000013
2026-03-02 23:55:07,246 - INFO: ----------Epoch:406, training loss is 0.1297 ---------
2026-03-02 23:55:09,712 - INFO: Epoch: [407][  0/251]	Time 2.465 (2.465)	Data 2.323 (2.323)	Loss 1.4179e-01 (1.4179e-01)	lr: 0.000013
2026-03-02 23:55:49,994 - INFO: Epoch: [407][100/251]	Time 0.354 (0.423)	Data 0.183 (0.224)	Loss 1.3710e-01 (1.2982e-01)	lr: 0.000013
2026-03-02 23:56:29,781 - INFO: Epoch: [407][200/251]	Time 0.388 (0.411)	Data 0.192 (0.203)	Loss 1.5224e-01 (1.3018e-01)	lr: 0.000013
2026-03-02 23:56:48,562 - INFO: ----------Epoch:407, training loss is 0.1319 ---------
2026-03-02 23:56:48,955 - INFO: Epoch: [408][  0/251]	Time 0.392 (0.392)	Data 0.176 (0.176)	Loss 9.5867e-02 (9.5867e-02)	lr: 0.000013
2026-03-02 23:57:31,027 - INFO: Epoch: [408][100/251]	Time 0.345 (0.420)	Data 0.181 (0.203)	Loss 1.9703e-01 (1.3120e-01)	lr: 0.000013
2026-03-02 23:58:11,030 - INFO: Epoch: [408][200/251]	Time 0.392 (0.410)	Data 0.202 (0.203)	Loss 9.5714e-02 (1.2727e-01)	lr: 0.000013
2026-03-02 23:58:29,651 - INFO: ----------Epoch:408, training loss is 0.1288 ---------
2026-03-02 23:58:31,213 - INFO: Epoch: [409][  0/251]	Time 0.351 (0.351)	Data 0.184 (0.184)	Loss 1.2098e-01 (1.2098e-01)	lr: 0.000013
2026-03-02 23:59:13,044 - INFO: Epoch: [409][100/251]	Time 0.378 (0.418)	Data 0.185 (0.203)	Loss 1.3381e-01 (1.3008e-01)	lr: 0.000013
2026-03-02 23:59:51,986 - INFO: Epoch: [409][200/251]	Time 0.354 (0.404)	Data 0.172 (0.203)	Loss 1.0807e-01 (1.2810e-01)	lr: 0.000013
2026-03-03 00:00:11,830 - INFO: ----------Epoch:409, training loss is 0.1292 ---------
2026-03-03 00:00:12,234 - INFO: Epoch: [410][  0/251]	Time 0.404 (0.404)	Data 0.184 (0.184)	Loss 1.3123e-01 (1.3123e-01)	lr: 0.000013
2026-03-03 00:00:54,254 - INFO: Epoch: [410][100/251]	Time 0.323 (0.420)	Data 0.186 (0.202)	Loss 1.4265e-01 (1.2968e-01)	lr: 0.000013
2026-03-03 00:01:33,936 - INFO: Epoch: [410][200/251]	Time 0.323 (0.408)	Data 0.171 (0.191)	Loss 1.2891e-01 (1.3126e-01)	lr: 0.000013
2026-03-03 00:01:52,722 - INFO: ----------Epoch:410, training loss is 0.1299 ---------
2026-03-03 00:01:53,114 - INFO: Epoch: [411][  0/251]	Time 0.391 (0.391)	Data 0.182 (0.182)	Loss 1.1117e-01 (1.1117e-01)	lr: 0.000013
2026-03-03 00:02:33,486 - INFO: Epoch: [411][100/251]	Time 0.382 (0.404)	Data 0.173 (0.181)	Loss 1.0620e-01 (1.2808e-01)	lr: 0.000013
2026-03-03 00:03:15,083 - INFO: Epoch: [411][200/251]	Time 0.339 (0.410)	Data 0.180 (0.191)	Loss 4.1305e-02 (1.2874e-01)	lr: 0.000013
2026-03-03 00:03:33,937 - INFO: ----------Epoch:411, training loss is 0.1281 ---------
2026-03-03 00:03:35,468 - INFO: Epoch: [412][  0/251]	Time 0.343 (0.343)	Data 0.186 (0.186)	Loss 1.6526e-01 (1.6526e-01)	lr: 0.000013
2026-03-03 00:04:15,656 - INFO: Epoch: [412][100/251]	Time 0.397 (0.401)	Data 0.185 (0.203)	Loss 1.5919e-01 (1.2589e-01)	lr: 0.000013
2026-03-03 00:04:58,092 - INFO: Epoch: [412][200/251]	Time 0.337 (0.413)	Data 0.187 (0.203)	Loss 1.0486e-01 (1.2600e-01)	lr: 0.000013
2026-03-03 00:05:16,817 - INFO: ----------Epoch:412, training loss is 0.1277 ---------
2026-03-03 00:05:18,336 - INFO: Epoch: [413][  0/251]	Time 0.346 (0.346)	Data 0.202 (0.202)	Loss 1.1869e-01 (1.1869e-01)	lr: 0.000013
2026-03-03 00:05:57,961 - INFO: Epoch: [413][100/251]	Time 0.319 (0.396)	Data 0.170 (0.181)	Loss 1.4330e-01 (1.2870e-01)	lr: 0.000013
2026-03-03 00:06:40,741 - INFO: Epoch: [413][200/251]	Time 0.348 (0.412)	Data 0.186 (0.183)	Loss 1.4132e-01 (1.3116e-01)	lr: 0.000013
2026-03-03 00:06:58,989 - INFO: ----------Epoch:413, training loss is 0.1298 ---------
2026-03-03 00:06:59,363 - INFO: Epoch: [414][  0/251]	Time 0.373 (0.373)	Data 0.191 (0.191)	Loss 1.1395e-01 (1.1395e-01)	lr: 0.000013
2026-03-03 00:07:39,134 - INFO: Epoch: [414][100/251]	Time 0.395 (0.397)	Data 0.183 (0.202)	Loss 1.2198e-01 (1.2467e-01)	lr: 0.000013
2026-03-03 00:08:20,514 - INFO: Epoch: [414][200/251]	Time 2.648 (0.406)	Data 0.185 (0.202)	Loss 1.0074e-01 (1.2832e-01)	lr: 0.000013
2026-03-03 00:08:39,087 - INFO: ----------Epoch:414, training loss is 0.1291 ---------
2026-03-03 00:08:39,472 - INFO: Epoch: [415][  0/251]	Time 0.385 (0.385)	Data 0.179 (0.179)	Loss 1.6983e-01 (1.6983e-01)	lr: 0.000013
2026-03-03 00:09:19,277 - INFO: Epoch: [415][100/251]	Time 0.404 (0.398)	Data 0.189 (0.179)	Loss 1.3009e-01 (1.2769e-01)	lr: 0.000013
2026-03-03 00:09:58,773 - INFO: Epoch: [415][200/251]	Time 0.412 (0.396)	Data 0.182 (0.180)	Loss 1.3945e-01 (1.2939e-01)	lr: 0.000013
2026-03-03 00:10:19,686 - INFO: ----------Epoch:415, training loss is 0.1279 ---------
2026-03-03 00:10:19,996 - INFO: Epoch: [416][  0/251]	Time 0.309 (0.309)	Data 0.178 (0.178)	Loss 1.4362e-01 (1.4362e-01)	lr: 0.000013
2026-03-03 00:11:00,017 - INFO: Epoch: [416][100/251]	Time 0.352 (0.399)	Data 0.173 (0.202)	Loss 1.3995e-01 (1.3464e-01)	lr: 0.000013
2026-03-03 00:11:39,913 - INFO: Epoch: [416][200/251]	Time 0.412 (0.399)	Data 0.191 (0.202)	Loss 1.2879e-01 (1.3211e-01)	lr: 0.000013
2026-03-03 00:12:00,572 - INFO: ----------Epoch:416, training loss is 0.1308 ---------
2026-03-03 00:12:00,902 - INFO: Epoch: [417][  0/251]	Time 0.329 (0.329)	Data 0.174 (0.174)	Loss 1.2198e-01 (1.2198e-01)	lr: 0.000013
2026-03-03 00:12:40,280 - INFO: Epoch: [417][100/251]	Time 0.340 (0.393)	Data 0.183 (0.181)	Loss 9.2496e-02 (1.2739e-01)	lr: 0.000013
2026-03-03 00:13:20,102 - INFO: Epoch: [417][200/251]	Time 0.341 (0.396)	Data 0.182 (0.191)	Loss 9.8760e-02 (1.2908e-01)	lr: 0.000013
2026-03-03 00:13:41,436 - INFO: ----------Epoch:417, training loss is 0.1287 ---------
2026-03-03 00:13:41,828 - INFO: Epoch: [418][  0/251]	Time 0.391 (0.391)	Data 0.180 (0.180)	Loss 1.3769e-01 (1.3769e-01)	lr: 0.000013
2026-03-03 00:14:21,578 - INFO: Epoch: [418][100/251]	Time 0.381 (0.397)	Data 0.172 (0.180)	Loss 1.5777e-01 (1.2674e-01)	lr: 0.000013
2026-03-03 00:15:02,779 - INFO: Epoch: [418][200/251]	Time 0.392 (0.405)	Data 0.179 (0.194)	Loss 1.1503e-01 (1.2836e-01)	lr: 0.000013
2026-03-03 00:15:22,742 - INFO: ----------Epoch:418, training loss is 0.1270 ---------
2026-03-03 00:15:24,247 - INFO: Epoch: [419][  0/251]	Time 0.398 (0.398)	Data 0.177 (0.177)	Loss 1.0524e-01 (1.0524e-01)	lr: 0.000013
2026-03-03 00:16:05,544 - INFO: Epoch: [419][100/251]	Time 0.425 (0.413)	Data 0.189 (0.208)	Loss 1.1052e-01 (1.2951e-01)	lr: 0.000013
2026-03-03 00:16:45,862 - INFO: Epoch: [419][200/251]	Time 0.427 (0.408)	Data 0.178 (0.195)	Loss 1.2716e-01 (1.2929e-01)	lr: 0.000013
2026-03-03 00:17:04,691 - INFO: ----------Epoch:419, training loss is 0.1285 ---------
2026-03-03 00:17:05,060 - INFO: Epoch: [420][  0/251]	Time 0.369 (0.369)	Data 0.180 (0.180)	Loss 1.2895e-01 (1.2895e-01)	lr: 0.000013
2026-03-03 00:17:47,246 - INFO: Epoch: [420][100/251]	Time 0.341 (0.421)	Data 0.188 (0.182)	Loss 1.3665e-01 (1.2807e-01)	lr: 0.000013
2026-03-03 00:18:27,821 - INFO: Epoch: [420][200/251]	Time 0.390 (0.414)	Data 0.176 (0.193)	Loss 1.1459e-01 (1.2661e-01)	lr: 0.000013
2026-03-03 00:18:46,157 - INFO: ----------Epoch:420, training loss is 0.1265 ---------
2026-03-03 00:18:47,719 - INFO: Epoch: [421][  0/251]	Time 0.373 (0.373)	Data 0.177 (0.177)	Loss 1.3873e-01 (1.3873e-01)	lr: 0.000013
2026-03-03 00:19:29,866 - INFO: Epoch: [421][100/251]	Time 0.381 (0.421)	Data 0.182 (0.204)	Loss 9.9479e-02 (1.2714e-01)	lr: 0.000013
2026-03-03 00:20:10,037 - INFO: Epoch: [421][200/251]	Time 0.389 (0.411)	Data 0.170 (0.193)	Loss 1.4421e-01 (1.2671e-01)	lr: 0.000013
2026-03-03 00:20:28,723 - INFO: ----------Epoch:421, training loss is 0.1268 ---------
2026-03-03 00:20:29,105 - INFO: Epoch: [422][  0/251]	Time 0.381 (0.381)	Data 0.201 (0.201)	Loss 1.0749e-01 (1.0749e-01)	lr: 0.000013
2026-03-03 00:21:09,268 - INFO: Epoch: [422][100/251]	Time 0.368 (0.401)	Data 0.205 (0.186)	Loss 1.2713e-01 (1.2739e-01)	lr: 0.000013
2026-03-03 00:21:51,507 - INFO: Epoch: [422][200/251]	Time 0.325 (0.412)	Data 0.175 (0.205)	Loss 8.9189e-02 (1.2465e-01)	lr: 0.000013
2026-03-03 00:22:10,390 - INFO: ----------Epoch:422, training loss is 0.1252 ---------
2026-03-03 00:22:12,029 - INFO: Epoch: [423][  0/251]	Time 0.427 (0.427)	Data 0.183 (0.183)	Loss 1.2384e-01 (1.2384e-01)	lr: 0.000013
2026-03-03 00:22:52,074 - INFO: Epoch: [423][100/251]	Time 0.380 (0.401)	Data 0.204 (0.183)	Loss 1.1686e-01 (1.2322e-01)	lr: 0.000013
2026-03-03 00:23:34,164 - INFO: Epoch: [423][200/251]	Time 0.408 (0.411)	Data 0.181 (0.184)	Loss 1.0633e-01 (1.2473e-01)	lr: 0.000013
2026-03-03 00:23:53,433 - INFO: ----------Epoch:423, training loss is 0.1258 ---------
2026-03-03 00:23:53,891 - INFO: Epoch: [424][  0/251]	Time 0.457 (0.457)	Data 0.191 (0.191)	Loss 9.1379e-02 (9.1379e-02)	lr: 0.000013
2026-03-03 00:24:33,795 - INFO: Epoch: [424][100/251]	Time 0.393 (0.400)	Data 0.192 (0.184)	Loss 1.9626e-01 (1.2164e-01)	lr: 0.000013
2026-03-03 00:25:15,745 - INFO: Epoch: [424][200/251]	Time 0.368 (0.410)	Data 0.177 (0.193)	Loss 1.1011e-01 (1.2641e-01)	lr: 0.000013
2026-03-03 00:25:34,770 - INFO: ----------Epoch:424, training loss is 0.1265 ---------
2026-03-03 00:25:35,176 - INFO: Epoch: [425][  0/251]	Time 0.405 (0.405)	Data 0.185 (0.185)	Loss 1.4554e-01 (1.4554e-01)	lr: 0.000013
2026-03-03 00:26:14,831 - INFO: Epoch: [425][100/251]	Time 0.389 (0.397)	Data 0.177 (0.202)	Loss 1.2275e-01 (1.2535e-01)	lr: 0.000013
2026-03-03 00:26:56,635 - INFO: Epoch: [425][200/251]	Time 0.362 (0.407)	Data 0.187 (0.192)	Loss 1.2030e-01 (1.2453e-01)	lr: 0.000013
2026-03-03 00:27:15,753 - INFO: ----------Epoch:425, training loss is 0.1263 ---------
2026-03-03 00:27:16,095 - INFO: Epoch: [426][  0/251]	Time 0.341 (0.341)	Data 0.189 (0.189)	Loss 9.4623e-02 (9.4623e-02)	lr: 0.000013
2026-03-03 00:27:56,214 - INFO: Epoch: [426][100/251]	Time 0.338 (0.401)	Data 0.179 (0.181)	Loss 1.0089e-01 (1.2288e-01)	lr: 0.000013
2026-03-03 00:28:37,873 - INFO: Epoch: [426][200/251]	Time 0.344 (0.409)	Data 0.186 (0.202)	Loss 7.0597e-02 (1.2554e-01)	lr: 0.000013
2026-03-03 00:28:56,828 - INFO: ----------Epoch:426, training loss is 0.1269 ---------
2026-03-03 00:28:57,272 - INFO: Epoch: [427][  0/251]	Time 0.443 (0.443)	Data 0.189 (0.189)	Loss 1.6381e-01 (1.6381e-01)	lr: 0.000013
2026-03-03 00:29:37,684 - INFO: Epoch: [427][100/251]	Time 0.374 (0.405)	Data 0.174 (0.183)	Loss 1.2389e-01 (1.2785e-01)	lr: 0.000013
2026-03-03 00:30:17,606 - INFO: Epoch: [427][200/251]	Time 0.418 (0.402)	Data 0.199 (0.189)	Loss 1.3944e-01 (1.2671e-01)	lr: 0.000013
2026-03-03 00:30:38,786 - INFO: ----------Epoch:427, training loss is 0.1264 ---------
2026-03-03 00:30:39,198 - INFO: Epoch: [428][  0/251]	Time 0.411 (0.411)	Data 0.197 (0.197)	Loss 8.7895e-02 (8.7895e-02)	lr: 0.000013
2026-03-03 00:31:18,408 - INFO: Epoch: [428][100/251]	Time 0.451 (0.392)	Data 0.182 (0.184)	Loss 1.6825e-01 (1.2318e-01)	lr: 0.000013
2026-03-03 00:31:58,808 - INFO: Epoch: [428][200/251]	Time 0.388 (0.398)	Data 0.168 (0.187)	Loss 1.3526e-01 (1.2658e-01)	lr: 0.000013
2026-03-03 00:32:19,097 - INFO: ----------Epoch:428, training loss is 0.1262 ---------
2026-03-03 00:32:19,588 - INFO: Epoch: [429][  0/251]	Time 0.490 (0.490)	Data 0.202 (0.202)	Loss 1.1158e-01 (1.1158e-01)	lr: 0.000013
2026-03-03 00:32:58,428 - INFO: Epoch: [429][100/251]	Time 0.358 (0.389)	Data 0.167 (0.183)	Loss 9.9861e-02 (1.2172e-01)	lr: 0.000013
2026-03-03 00:33:38,271 - INFO: Epoch: [429][200/251]	Time 0.382 (0.394)	Data 0.174 (0.184)	Loss 1.6191e-01 (1.2424e-01)	lr: 0.000013
2026-03-03 00:33:58,786 - INFO: ----------Epoch:429, training loss is 0.1257 ---------
2026-03-03 00:33:59,157 - INFO: Epoch: [430][  0/251]	Time 0.371 (0.371)	Data 0.193 (0.193)	Loss 1.2097e-01 (1.2097e-01)	lr: 0.000013
2026-03-03 00:34:39,344 - INFO: Epoch: [430][100/251]	Time 0.461 (0.402)	Data 0.195 (0.185)	Loss 1.2895e-01 (1.2492e-01)	lr: 0.000013
2026-03-03 00:35:20,424 - INFO: Epoch: [430][200/251]	Time 0.399 (0.406)	Data 0.194 (0.186)	Loss 1.0601e-01 (1.2700e-01)	lr: 0.000013
2026-03-03 00:35:39,631 - INFO: ----------Epoch:430, training loss is 0.1271 ---------
2026-03-03 00:35:40,017 - INFO: Epoch: [431][  0/251]	Time 0.385 (0.385)	Data 0.183 (0.183)	Loss 1.2533e-01 (1.2533e-01)	lr: 0.000013
2026-03-03 00:36:19,554 - INFO: Epoch: [431][100/251]	Time 0.370 (0.395)	Data 0.192 (0.185)	Loss 1.4556e-01 (1.2368e-01)	lr: 0.000013
2026-03-03 00:37:01,512 - INFO: Epoch: [431][200/251]	Time 0.438 (0.407)	Data 0.186 (0.185)	Loss 1.2703e-01 (1.2570e-01)	lr: 0.000013
2026-03-03 00:37:20,432 - INFO: ----------Epoch:431, training loss is 0.1259 ---------
2026-03-03 00:37:20,846 - INFO: Epoch: [432][  0/251]	Time 0.412 (0.412)	Data 0.186 (0.186)	Loss 1.3261e-01 (1.3261e-01)	lr: 0.000013
2026-03-03 00:38:01,959 - INFO: Epoch: [432][100/251]	Time 0.443 (0.411)	Data 0.185 (0.188)	Loss 1.1439e-01 (1.2507e-01)	lr: 0.000013
2026-03-03 00:38:42,192 - INFO: Epoch: [432][200/251]	Time 0.352 (0.407)	Data 0.186 (0.187)	Loss 1.2660e-01 (1.2592e-01)	lr: 0.000013
2026-03-03 00:39:02,317 - INFO: ----------Epoch:432, training loss is 0.1256 ---------
2026-03-03 00:39:02,624 - INFO: Epoch: [433][  0/251]	Time 0.307 (0.307)	Data 0.174 (0.174)	Loss 1.8000e-01 (1.8000e-01)	lr: 0.000013
2026-03-03 00:39:41,773 - INFO: Epoch: [433][100/251]	Time 0.406 (0.391)	Data 0.174 (0.196)	Loss 1.2165e-01 (1.2506e-01)	lr: 0.000013
2026-03-03 00:40:21,485 - INFO: Epoch: [433][200/251]	Time 0.408 (0.394)	Data 0.183 (0.197)	Loss 1.1051e-01 (1.2487e-01)	lr: 0.000013
2026-03-03 00:40:42,377 - INFO: ----------Epoch:433, training loss is 0.1250 ---------
2026-03-03 00:40:43,897 - INFO: Epoch: [434][  0/251]	Time 0.366 (0.366)	Data 0.185 (0.185)	Loss 7.8371e-02 (7.8371e-02)	lr: 0.000013
2026-03-03 00:41:23,766 - INFO: Epoch: [434][100/251]	Time 0.335 (0.398)	Data 0.185 (0.200)	Loss 1.0648e-01 (1.2065e-01)	lr: 0.000013
2026-03-03 00:42:03,956 - INFO: Epoch: [434][200/251]	Time 0.400 (0.400)	Data 0.200 (0.201)	Loss 1.0235e-01 (1.2445e-01)	lr: 0.000013
2026-03-03 00:42:25,003 - INFO: ----------Epoch:434, training loss is 0.1249 ---------
2026-03-03 00:42:26,579 - INFO: Epoch: [435][  0/251]	Time 0.417 (0.417)	Data 0.174 (0.174)	Loss 1.4996e-01 (1.4996e-01)	lr: 0.000013
2026-03-03 00:43:05,342 - INFO: Epoch: [435][100/251]	Time 0.420 (0.388)	Data 0.169 (0.183)	Loss 8.2920e-02 (1.2201e-01)	lr: 0.000013
2026-03-03 00:43:46,980 - INFO: Epoch: [435][200/251]	Time 0.430 (0.402)	Data 0.177 (0.185)	Loss 1.1481e-01 (1.2387e-01)	lr: 0.000013
2026-03-03 00:44:07,952 - INFO: ----------Epoch:435, training loss is 0.1248 ---------
2026-03-03 00:44:09,606 - INFO: Epoch: [436][  0/251]	Time 0.379 (0.379)	Data 0.188 (0.188)	Loss 1.0230e-01 (1.0230e-01)	lr: 0.000013
2026-03-03 00:44:49,454 - INFO: Epoch: [436][100/251]	Time 0.379 (0.398)	Data 0.190 (0.198)	Loss 1.6025e-01 (1.2335e-01)	lr: 0.000013
2026-03-03 00:45:28,761 - INFO: Epoch: [436][200/251]	Time 0.442 (0.396)	Data 0.193 (0.192)	Loss 1.5988e-01 (1.2528e-01)	lr: 0.000013
2026-03-03 00:45:49,253 - INFO: ----------Epoch:436, training loss is 0.1263 ---------
2026-03-03 00:45:49,564 - INFO: Epoch: [437][  0/251]	Time 0.309 (0.309)	Data 0.171 (0.171)	Loss 1.3238e-01 (1.3238e-01)	lr: 0.000013
2026-03-03 00:46:29,659 - INFO: Epoch: [437][100/251]	Time 0.425 (0.400)	Data 0.200 (0.200)	Loss 8.1256e-02 (1.2853e-01)	lr: 0.000013
2026-03-03 00:47:09,320 - INFO: Epoch: [437][200/251]	Time 0.377 (0.398)	Data 0.199 (0.200)	Loss 1.3127e-01 (1.2570e-01)	lr: 0.000013
2026-03-03 00:47:29,804 - INFO: ----------Epoch:437, training loss is 0.1258 ---------
2026-03-03 00:47:30,120 - INFO: Epoch: [438][  0/251]	Time 0.314 (0.314)	Data 0.182 (0.182)	Loss 1.0826e-01 (1.0826e-01)	lr: 0.000013
2026-03-03 00:48:10,864 - INFO: Epoch: [438][100/251]	Time 0.380 (0.407)	Data 0.185 (0.199)	Loss 1.2781e-01 (1.2051e-01)	lr: 0.000013
2026-03-03 00:48:50,192 - INFO: Epoch: [438][200/251]	Time 0.433 (0.400)	Data 0.189 (0.192)	Loss 1.0032e-01 (1.2376e-01)	lr: 0.000013
2026-03-03 00:49:11,021 - INFO: ----------Epoch:438, training loss is 0.1241 ---------
2026-03-03 00:49:12,557 - INFO: Epoch: [439][  0/251]	Time 0.345 (0.345)	Data 0.190 (0.190)	Loss 1.1326e-01 (1.1326e-01)	lr: 0.000013
2026-03-03 00:49:52,691 - INFO: Epoch: [439][100/251]	Time 0.348 (0.401)	Data 0.198 (0.185)	Loss 1.3301e-01 (1.2323e-01)	lr: 0.000013
2026-03-03 00:50:33,314 - INFO: Epoch: [439][200/251]	Time 0.356 (0.403)	Data 0.171 (0.196)	Loss 9.7269e-02 (1.2455e-01)	lr: 0.000013
2026-03-03 00:50:52,566 - INFO: ----------Epoch:439, training loss is 0.1246 ---------
2026-03-03 00:50:52,902 - INFO: Epoch: [440][  0/251]	Time 0.335 (0.335)	Data 0.172 (0.172)	Loss 8.3536e-02 (8.3536e-02)	lr: 0.000013
2026-03-03 00:51:34,158 - INFO: Epoch: [440][100/251]	Time 0.352 (0.412)	Data 0.185 (0.201)	Loss 1.4445e-01 (1.2193e-01)	lr: 0.000013
2026-03-03 00:52:14,631 - INFO: Epoch: [440][200/251]	Time 0.411 (0.408)	Data 0.190 (0.193)	Loss 1.5505e-01 (1.2475e-01)	lr: 0.000013
2026-03-03 00:52:33,889 - INFO: ----------Epoch:440, training loss is 0.1246 ---------
2026-03-03 00:52:35,453 - INFO: Epoch: [441][  0/251]	Time 0.394 (0.394)	Data 0.213 (0.213)	Loss 1.7322e-01 (1.7322e-01)	lr: 0.000006
2026-03-03 00:53:17,708 - INFO: Epoch: [441][100/251]	Time 0.367 (0.422)	Data 0.199 (0.186)	Loss 1.1967e-01 (1.1830e-01)	lr: 0.000006
2026-03-03 00:53:56,579 - INFO: Epoch: [441][200/251]	Time 0.335 (0.406)	Data 0.193 (0.186)	Loss 9.3055e-02 (1.2137e-01)	lr: 0.000006
2026-03-03 00:54:17,515 - INFO: ----------Epoch:441, training loss is 0.1229 ---------
2026-03-03 00:54:19,168 - INFO: Epoch: [442][  0/251]	Time 0.470 (0.470)	Data 0.214 (0.214)	Loss 1.3919e-01 (1.3919e-01)	lr: 0.000006
2026-03-03 00:54:59,013 - INFO: Epoch: [442][100/251]	Time 0.375 (0.399)	Data 0.183 (0.186)	Loss 1.1869e-01 (1.2677e-01)	lr: 0.000006
2026-03-03 00:55:39,073 - INFO: Epoch: [442][200/251]	Time 0.397 (0.400)	Data 0.189 (0.187)	Loss 8.1056e-02 (1.2209e-01)	lr: 0.000006
2026-03-03 00:55:59,629 - INFO: ----------Epoch:442, training loss is 0.1230 ---------
2026-03-03 00:56:00,071 - INFO: Epoch: [443][  0/251]	Time 0.441 (0.441)	Data 0.183 (0.183)	Loss 9.3279e-02 (9.3279e-02)	lr: 0.000006
2026-03-03 00:56:39,823 - INFO: Epoch: [443][100/251]	Time 0.305 (0.398)	Data 0.168 (0.183)	Loss 9.0461e-02 (1.2295e-01)	lr: 0.000006
2026-03-03 00:57:19,353 - INFO: Epoch: [443][200/251]	Time 0.334 (0.397)	Data 0.178 (0.191)	Loss 1.1377e-01 (1.2412e-01)	lr: 0.000006
2026-03-03 00:57:39,945 - INFO: ----------Epoch:443, training loss is 0.1241 ---------
2026-03-03 00:57:40,294 - INFO: Epoch: [444][  0/251]	Time 0.348 (0.348)	Data 0.178 (0.178)	Loss 1.2595e-01 (1.2595e-01)	lr: 0.000006
2026-03-03 00:58:20,203 - INFO: Epoch: [444][100/251]	Time 0.368 (0.399)	Data 0.183 (0.203)	Loss 1.7571e-01 (1.1948e-01)	lr: 0.000006
2026-03-03 00:58:59,901 - INFO: Epoch: [444][200/251]	Time 0.371 (0.398)	Data 0.200 (0.193)	Loss 1.6115e-01 (1.2073e-01)	lr: 0.000006
2026-03-03 00:59:21,018 - INFO: ----------Epoch:444, training loss is 0.1215 ---------
2026-03-03 00:59:22,569 - INFO: Epoch: [445][  0/251]	Time 0.364 (0.364)	Data 0.174 (0.174)	Loss 1.0316e-01 (1.0316e-01)	lr: 0.000006
2026-03-03 01:00:02,608 - INFO: Epoch: [445][100/251]	Time 0.470 (0.400)	Data 0.179 (0.182)	Loss 1.0714e-01 (1.1959e-01)	lr: 0.000006
2026-03-03 01:00:42,638 - INFO: Epoch: [445][200/251]	Time 0.329 (0.400)	Data 0.183 (0.192)	Loss 1.6509e-01 (1.2176e-01)	lr: 0.000006
2026-03-03 01:01:03,355 - INFO: ----------Epoch:445, training loss is 0.1214 ---------
2026-03-03 01:01:04,943 - INFO: Epoch: [446][  0/251]	Time 0.407 (0.407)	Data 0.184 (0.184)	Loss 1.6535e-01 (1.6535e-01)	lr: 0.000006
2026-03-03 01:01:45,343 - INFO: Epoch: [446][100/251]	Time 0.323 (0.404)	Data 0.171 (0.202)	Loss 7.3082e-02 (1.2420e-01)	lr: 0.000006
2026-03-03 01:02:24,987 - INFO: Epoch: [446][200/251]	Time 0.375 (0.400)	Data 0.177 (0.192)	Loss 1.0702e-01 (1.2418e-01)	lr: 0.000006
2026-03-03 01:02:45,814 - INFO: ----------Epoch:446, training loss is 0.1233 ---------
2026-03-03 01:02:46,179 - INFO: Epoch: [447][  0/251]	Time 0.364 (0.364)	Data 0.180 (0.180)	Loss 1.1345e-01 (1.1345e-01)	lr: 0.000006
2026-03-03 01:03:26,537 - INFO: Epoch: [447][100/251]	Time 0.408 (0.403)	Data 0.189 (0.182)	Loss 1.4308e-01 (1.2099e-01)	lr: 0.000006
2026-03-03 01:04:06,055 - INFO: Epoch: [447][200/251]	Time 0.351 (0.399)	Data 0.188 (0.191)	Loss 1.1160e-01 (1.1949e-01)	lr: 0.000006
2026-03-03 01:04:27,183 - INFO: ----------Epoch:447, training loss is 0.1205 ---------
2026-03-03 01:04:28,797 - INFO: Epoch: [448][  0/251]	Time 0.430 (0.430)	Data 0.180 (0.180)	Loss 1.1483e-01 (1.1483e-01)	lr: 0.000006
2026-03-03 01:05:07,493 - INFO: Epoch: [448][100/251]	Time 0.372 (0.387)	Data 0.172 (0.199)	Loss 6.6298e-02 (1.1503e-01)	lr: 0.000006
2026-03-03 01:05:48,265 - INFO: Epoch: [448][200/251]	Time 0.332 (0.397)	Data 0.195 (0.192)	Loss 1.1633e-01 (1.1787e-01)	lr: 0.000006
2026-03-03 01:06:09,682 - INFO: ----------Epoch:448, training loss is 0.1192 ---------
2026-03-03 01:06:11,275 - INFO: Epoch: [449][  0/251]	Time 0.377 (0.377)	Data 0.184 (0.184)	Loss 1.2560e-01 (1.2560e-01)	lr: 0.000006
2026-03-03 01:06:50,497 - INFO: Epoch: [449][100/251]	Time 0.364 (0.392)	Data 0.160 (0.180)	Loss 1.4734e-01 (1.2033e-01)	lr: 0.000006
2026-03-03 01:07:30,697 - INFO: Epoch: [449][200/251]	Time 0.346 (0.397)	Data 0.163 (0.181)	Loss 1.2232e-01 (1.2123e-01)	lr: 0.000006
2026-03-03 01:07:51,781 - INFO: ----------Epoch:449, training loss is 0.1210 ---------
2026-03-03 01:07:52,155 - INFO: Epoch: [450][  0/251]	Time 0.372 (0.372)	Data 0.179 (0.179)	Loss 9.9515e-02 (9.9515e-02)	lr: 0.000006
2026-03-03 01:08:31,370 - INFO: Epoch: [450][100/251]	Time 0.302 (0.392)	Data 0.180 (0.180)	Loss 1.1243e-01 (1.1808e-01)	lr: 0.000006
2026-03-03 01:09:11,042 - INFO: Epoch: [450][200/251]	Time 0.356 (0.394)	Data 0.176 (0.191)	Loss 8.8618e-02 (1.1813e-01)	lr: 0.000006
2026-03-03 01:09:32,156 - INFO: ----------Epoch:450, training loss is 0.1186 ---------
2026-03-03 01:09:33,804 - INFO: Epoch: [451][  0/251]	Time 0.394 (0.394)	Data 0.189 (0.189)	Loss 2.0247e-01 (2.0247e-01)	lr: 0.000006
2026-03-03 01:10:12,875 - INFO: Epoch: [451][100/251]	Time 0.386 (0.391)	Data 0.176 (0.182)	Loss 1.4034e-01 (1.1608e-01)	lr: 0.000006
2026-03-03 01:10:52,812 - INFO: Epoch: [451][200/251]	Time 0.328 (0.395)	Data 0.175 (0.183)	Loss 8.5049e-02 (1.1797e-01)	lr: 0.000006
2026-03-03 01:11:13,677 - INFO: ----------Epoch:451, training loss is 0.1193 ---------
2026-03-03 01:11:14,037 - INFO: Epoch: [452][  0/251]	Time 0.359 (0.359)	Data 0.184 (0.184)	Loss 9.2868e-02 (9.2868e-02)	lr: 0.000006
2026-03-03 01:11:53,819 - INFO: Epoch: [452][100/251]	Time 0.433 (0.397)	Data 0.201 (0.184)	Loss 1.2142e-01 (1.1898e-01)	lr: 0.000006
2026-03-03 01:12:34,185 - INFO: Epoch: [452][200/251]	Time 0.386 (0.401)	Data 0.205 (0.192)	Loss 8.4765e-02 (1.1933e-01)	lr: 0.000006
2026-03-03 01:12:55,004 - INFO: ----------Epoch:452, training loss is 0.1197 ---------
2026-03-03 01:12:55,411 - INFO: Epoch: [453][  0/251]	Time 0.406 (0.406)	Data 0.201 (0.201)	Loss 1.5426e-01 (1.5426e-01)	lr: 0.000006
2026-03-03 01:13:34,978 - INFO: Epoch: [453][100/251]	Time 0.346 (0.396)	Data 0.181 (0.182)	Loss 7.8780e-02 (1.1537e-01)	lr: 0.000006
2026-03-03 01:14:14,786 - INFO: Epoch: [453][200/251]	Time 0.340 (0.397)	Data 0.173 (0.191)	Loss 9.5193e-02 (1.1924e-01)	lr: 0.000006
2026-03-03 01:14:36,101 - INFO: ----------Epoch:453, training loss is 0.1201 ---------
2026-03-03 01:14:36,475 - INFO: Epoch: [454][  0/251]	Time 0.373 (0.373)	Data 0.183 (0.183)	Loss 1.1152e-01 (1.1152e-01)	lr: 0.000006
2026-03-03 01:15:16,910 - INFO: Epoch: [454][100/251]	Time 0.380 (0.404)	Data 0.186 (0.184)	Loss 9.9520e-02 (1.1952e-01)	lr: 0.000006
2026-03-03 01:15:57,127 - INFO: Epoch: [454][200/251]	Time 0.363 (0.403)	Data 0.184 (0.184)	Loss 1.3748e-01 (1.2018e-01)	lr: 0.000006
2026-03-03 01:16:17,816 - INFO: ----------Epoch:454, training loss is 0.1201 ---------
2026-03-03 01:16:18,253 - INFO: Epoch: [455][  0/251]	Time 0.436 (0.436)	Data 0.188 (0.188)	Loss 9.6761e-02 (9.6761e-02)	lr: 0.000006
2026-03-03 01:16:58,211 - INFO: Epoch: [455][100/251]	Time 0.345 (0.400)	Data 0.180 (0.185)	Loss 1.4547e-01 (1.1586e-01)	lr: 0.000006
2026-03-03 01:17:37,942 - INFO: Epoch: [455][200/251]	Time 0.388 (0.399)	Data 0.182 (0.193)	Loss 1.0336e-01 (1.1819e-01)	lr: 0.000006
2026-03-03 01:17:56,937 - INFO: ----------Epoch:455, training loss is 0.1189 ---------
2026-03-03 01:17:57,337 - INFO: Epoch: [456][  0/251]	Time 0.400 (0.400)	Data 0.181 (0.181)	Loss 1.2812e-01 (1.2812e-01)	lr: 0.000006
2026-03-03 01:18:39,284 - INFO: Epoch: [456][100/251]	Time 0.395 (0.419)	Data 0.179 (0.199)	Loss 1.4497e-01 (1.2034e-01)	lr: 0.000006
2026-03-03 01:19:19,311 - INFO: Epoch: [456][200/251]	Time 0.413 (0.410)	Data 0.205 (0.191)	Loss 8.5010e-02 (1.1843e-01)	lr: 0.000006
2026-03-03 01:19:37,972 - INFO: ----------Epoch:456, training loss is 0.1201 ---------
2026-03-03 01:19:38,413 - INFO: Epoch: [457][  0/251]	Time 0.440 (0.440)	Data 0.186 (0.186)	Loss 1.3273e-01 (1.3273e-01)	lr: 0.000006
2026-03-03 01:20:20,502 - INFO: Epoch: [457][100/251]	Time 0.339 (0.421)	Data 0.177 (0.202)	Loss 9.6400e-02 (1.1903e-01)	lr: 0.000006
2026-03-03 01:20:59,981 - INFO: Epoch: [457][200/251]	Time 0.335 (0.408)	Data 0.178 (0.192)	Loss 1.3523e-01 (1.1832e-01)	lr: 0.000006
2026-03-03 01:21:18,800 - INFO: ----------Epoch:457, training loss is 0.1187 ---------
2026-03-03 01:21:19,181 - INFO: Epoch: [458][  0/251]	Time 0.381 (0.381)	Data 0.179 (0.179)	Loss 1.2460e-01 (1.2460e-01)	lr: 0.000006
2026-03-03 01:21:59,351 - INFO: Epoch: [458][100/251]	Time 0.399 (0.401)	Data 0.195 (0.202)	Loss 1.9369e-01 (1.2164e-01)	lr: 0.000006
2026-03-03 01:22:40,041 - INFO: Epoch: [458][200/251]	Time 0.410 (0.404)	Data 0.178 (0.205)	Loss 1.5475e-01 (1.1979e-01)	lr: 0.000006
2026-03-03 01:23:00,358 - INFO: ----------Epoch:458, training loss is 0.1196 ---------
2026-03-03 01:23:00,726 - INFO: Epoch: [459][  0/251]	Time 0.367 (0.367)	Data 0.181 (0.181)	Loss 1.2294e-01 (1.2294e-01)	lr: 0.000006
2026-03-03 01:23:40,760 - INFO: Epoch: [459][100/251]	Time 0.381 (0.400)	Data 0.169 (0.200)	Loss 1.0948e-01 (1.2039e-01)	lr: 0.000006
2026-03-03 01:24:20,700 - INFO: Epoch: [459][200/251]	Time 0.433 (0.400)	Data 0.180 (0.193)	Loss 1.5157e-01 (1.1782e-01)	lr: 0.000006
2026-03-03 01:24:41,264 - INFO: ----------Epoch:459, training loss is 0.1176 ---------
2026-03-03 01:24:42,917 - INFO: Epoch: [460][  0/251]	Time 0.443 (0.443)	Data 0.179 (0.179)	Loss 1.6064e-01 (1.6064e-01)	lr: 0.000006
2026-03-03 01:25:22,403 - INFO: Epoch: [460][100/251]	Time 0.358 (0.395)	Data 0.170 (0.183)	Loss 1.2757e-01 (1.1915e-01)	lr: 0.000006
2026-03-03 01:26:02,433 - INFO: Epoch: [460][200/251]	Time 0.358 (0.398)	Data 0.178 (0.191)	Loss 1.0970e-01 (1.1576e-01)	lr: 0.000006
2026-03-03 01:26:23,180 - INFO: ----------Epoch:460, training loss is 0.1167 ---------
2026-03-03 01:26:24,766 - INFO: Epoch: [461][  0/251]	Time 0.432 (0.432)	Data 0.170 (0.170)	Loss 1.3399e-01 (1.3399e-01)	lr: 0.000006
2026-03-03 01:27:04,701 - INFO: Epoch: [461][100/251]	Time 0.374 (0.400)	Data 0.181 (0.185)	Loss 1.3758e-01 (1.1882e-01)	lr: 0.000006
2026-03-03 01:27:44,669 - INFO: Epoch: [461][200/251]	Time 0.351 (0.400)	Data 0.174 (0.193)	Loss 7.9556e-02 (1.1960e-01)	lr: 0.000006
2026-03-03 01:28:05,687 - INFO: ----------Epoch:461, training loss is 0.1188 ---------
2026-03-03 01:28:06,094 - INFO: Epoch: [462][  0/251]	Time 0.406 (0.406)	Data 0.195 (0.195)	Loss 1.1268e-01 (1.1268e-01)	lr: 0.000006
2026-03-03 01:28:45,689 - INFO: Epoch: [462][100/251]	Time 0.454 (0.396)	Data 0.190 (0.184)	Loss 1.1068e-01 (1.1398e-01)	lr: 0.000006
2026-03-03 01:29:26,297 - INFO: Epoch: [462][200/251]	Time 0.481 (0.401)	Data 0.205 (0.193)	Loss 1.4571e-01 (1.1493e-01)	lr: 0.000006
2026-03-03 01:29:46,891 - INFO: ----------Epoch:462, training loss is 0.1165 ---------
2026-03-03 01:29:48,581 - INFO: Epoch: [463][  0/251]	Time 0.444 (0.444)	Data 0.188 (0.188)	Loss 1.7314e-01 (1.7314e-01)	lr: 0.000006
2026-03-03 01:30:28,662 - INFO: Epoch: [463][100/251]	Time 0.373 (0.401)	Data 0.212 (0.199)	Loss 9.4853e-02 (1.1341e-01)	lr: 0.000006
2026-03-03 01:31:08,309 - INFO: Epoch: [463][200/251]	Time 0.437 (0.399)	Data 0.193 (0.192)	Loss 1.4240e-01 (1.1799e-01)	lr: 0.000006
2026-03-03 01:31:28,528 - INFO: ----------Epoch:463, training loss is 0.1187 ---------
2026-03-03 01:31:28,884 - INFO: Epoch: [464][  0/251]	Time 0.355 (0.355)	Data 0.193 (0.193)	Loss 1.4264e-01 (1.4264e-01)	lr: 0.000006
2026-03-03 01:32:09,518 - INFO: Epoch: [464][100/251]	Time 0.390 (0.406)	Data 0.184 (0.199)	Loss 8.2248e-02 (1.1863e-01)	lr: 0.000006
2026-03-03 01:32:49,584 - INFO: Epoch: [464][200/251]	Time 0.368 (0.403)	Data 0.177 (0.192)	Loss 1.2154e-01 (1.1855e-01)	lr: 0.000006
2026-03-03 01:33:09,314 - INFO: ----------Epoch:464, training loss is 0.1180 ---------
2026-03-03 01:33:09,658 - INFO: Epoch: [465][  0/251]	Time 0.343 (0.343)	Data 0.190 (0.190)	Loss 9.3389e-02 (9.3389e-02)	lr: 0.000006
2026-03-03 01:33:49,301 - INFO: Epoch: [465][100/251]	Time 0.344 (0.396)	Data 0.185 (0.201)	Loss 1.3907e-01 (1.1643e-01)	lr: 0.000006
2026-03-03 01:34:29,587 - INFO: Epoch: [465][200/251]	Time 0.420 (0.399)	Data 0.178 (0.192)	Loss 1.0217e-01 (1.1783e-01)	lr: 0.000006
2026-03-03 01:34:50,032 - INFO: ----------Epoch:465, training loss is 0.1185 ---------
2026-03-03 01:34:50,407 - INFO: Epoch: [466][  0/251]	Time 0.374 (0.374)	Data 0.185 (0.185)	Loss 1.2677e-01 (1.2677e-01)	lr: 0.000006
2026-03-03 01:35:30,356 - INFO: Epoch: [466][100/251]	Time 0.330 (0.399)	Data 0.179 (0.198)	Loss 4.8503e-02 (1.1877e-01)	lr: 0.000006
2026-03-03 01:36:10,475 - INFO: Epoch: [466][200/251]	Time 0.411 (0.400)	Data 0.192 (0.192)	Loss 1.0516e-01 (1.1624e-01)	lr: 0.000006
2026-03-03 01:36:31,010 - INFO: ----------Epoch:466, training loss is 0.1169 ---------
2026-03-03 01:36:31,391 - INFO: Epoch: [467][  0/251]	Time 0.380 (0.380)	Data 0.181 (0.181)	Loss 8.1663e-02 (8.1663e-02)	lr: 0.000006
2026-03-03 01:37:12,023 - INFO: Epoch: [467][100/251]	Time 0.411 (0.406)	Data 0.185 (0.184)	Loss 1.3942e-01 (1.1988e-01)	lr: 0.000006
2026-03-03 01:37:51,668 - INFO: Epoch: [467][200/251]	Time 0.372 (0.401)	Data 0.198 (0.190)	Loss 1.3916e-01 (1.1940e-01)	lr: 0.000006
2026-03-03 01:38:12,890 - INFO: ----------Epoch:467, training loss is 0.1191 ---------
2026-03-03 01:38:13,302 - INFO: Epoch: [468][  0/251]	Time 0.411 (0.411)	Data 0.175 (0.175)	Loss 1.0574e-01 (1.0574e-01)	lr: 0.000006
2026-03-03 01:38:53,663 - INFO: Epoch: [468][100/251]	Time 0.437 (0.404)	Data 0.190 (0.200)	Loss 1.5380e-01 (1.1535e-01)	lr: 0.000006
2026-03-03 01:39:33,403 - INFO: Epoch: [468][200/251]	Time 0.449 (0.401)	Data 0.186 (0.200)	Loss 1.2887e-01 (1.1609e-01)	lr: 0.000006
2026-03-03 01:39:53,945 - INFO: ----------Epoch:468, training loss is 0.1160 ---------
2026-03-03 01:39:55,571 - INFO: Epoch: [469][  0/251]	Time 0.389 (0.389)	Data 0.182 (0.182)	Loss 1.0193e-01 (1.0193e-01)	lr: 0.000006
2026-03-03 01:40:35,135 - INFO: Epoch: [469][100/251]	Time 0.456 (0.396)	Data 0.211 (0.185)	Loss 2.0039e-01 (1.1461e-01)	lr: 0.000006
2026-03-03 01:41:15,221 - INFO: Epoch: [469][200/251]	Time 0.344 (0.398)	Data 0.189 (0.185)	Loss 1.5118e-01 (1.1581e-01)	lr: 0.000006
2026-03-03 01:41:36,293 - INFO: ----------Epoch:469, training loss is 0.1158 ---------
2026-03-03 01:41:37,936 - INFO: Epoch: [470][  0/251]	Time 0.445 (0.445)	Data 0.203 (0.203)	Loss 1.3359e-01 (1.3359e-01)	lr: 0.000006
2026-03-03 01:42:18,575 - INFO: Epoch: [470][100/251]	Time 0.380 (0.407)	Data 0.176 (0.201)	Loss 1.2082e-01 (1.1772e-01)	lr: 0.000006
2026-03-03 01:42:58,508 - INFO: Epoch: [470][200/251]	Time 0.397 (0.403)	Data 0.188 (0.193)	Loss 1.1596e-01 (1.1861e-01)	lr: 0.000006
2026-03-03 01:43:18,777 - INFO: ----------Epoch:470, training loss is 0.1176 ---------
2026-03-03 01:43:19,219 - INFO: Epoch: [471][  0/251]	Time 0.440 (0.440)	Data 0.183 (0.183)	Loss 1.3733e-01 (1.3733e-01)	lr: 0.000006
2026-03-03 01:43:59,057 - INFO: Epoch: [471][100/251]	Time 0.378 (0.399)	Data 0.179 (0.183)	Loss 1.2227e-01 (1.1362e-01)	lr: 0.000006
2026-03-03 01:44:38,039 - INFO: Epoch: [471][200/251]	Time 0.314 (0.394)	Data 0.171 (0.190)	Loss 9.2412e-02 (1.1676e-01)	lr: 0.000006
2026-03-03 01:44:59,128 - INFO: ----------Epoch:471, training loss is 0.1169 ---------
2026-03-03 01:44:59,538 - INFO: Epoch: [472][  0/251]	Time 0.409 (0.409)	Data 0.181 (0.181)	Loss 1.2578e-01 (1.2578e-01)	lr: 0.000006
2026-03-03 01:45:39,377 - INFO: Epoch: [472][100/251]	Time 0.372 (0.398)	Data 0.190 (0.183)	Loss 1.7800e-01 (1.1516e-01)	lr: 0.000006
2026-03-03 01:46:20,072 - INFO: Epoch: [472][200/251]	Time 0.446 (0.403)	Data 0.190 (0.195)	Loss 1.1139e-01 (1.1646e-01)	lr: 0.000006
2026-03-03 01:46:39,121 - INFO: ----------Epoch:472, training loss is 0.1169 ---------
2026-03-03 01:46:39,483 - INFO: Epoch: [473][  0/251]	Time 0.361 (0.361)	Data 0.181 (0.181)	Loss 1.0646e-01 (1.0646e-01)	lr: 0.000006
2026-03-03 01:47:21,149 - INFO: Epoch: [473][100/251]	Time 0.377 (0.416)	Data 0.202 (0.213)	Loss 8.2766e-02 (1.1283e-01)	lr: 0.000006
2026-03-03 01:48:00,932 - INFO: Epoch: [473][200/251]	Time 0.364 (0.407)	Data 0.179 (0.207)	Loss 1.3173e-01 (1.1677e-01)	lr: 0.000006
2026-03-03 01:48:20,270 - INFO: ----------Epoch:473, training loss is 0.1167 ---------
2026-03-03 01:48:20,656 - INFO: Epoch: [474][  0/251]	Time 0.385 (0.385)	Data 0.175 (0.175)	Loss 1.5114e-01 (1.5114e-01)	lr: 0.000006
2026-03-03 01:49:02,058 - INFO: Epoch: [474][100/251]	Time 1.858 (0.414)	Data 0.178 (0.199)	Loss 1.6460e-01 (1.1885e-01)	lr: 0.000006
2026-03-03 01:49:42,310 - INFO: Epoch: [474][200/251]	Time 0.369 (0.408)	Data 0.178 (0.193)	Loss 1.1219e-01 (1.1759e-01)	lr: 0.000006
2026-03-03 01:50:01,355 - INFO: ----------Epoch:474, training loss is 0.1175 ---------
2026-03-03 01:50:01,733 - INFO: Epoch: [475][  0/251]	Time 0.377 (0.377)	Data 0.196 (0.196)	Loss 6.5787e-02 (6.5787e-02)	lr: 0.000006
2026-03-03 01:50:41,238 - INFO: Epoch: [475][100/251]	Time 0.325 (0.395)	Data 0.173 (0.200)	Loss 9.4206e-02 (1.1322e-01)	lr: 0.000006
2026-03-03 01:51:23,829 - INFO: Epoch: [475][200/251]	Time 0.360 (0.410)	Data 0.199 (0.192)	Loss 1.3350e-01 (1.1708e-01)	lr: 0.000006
2026-03-03 01:51:41,811 - INFO: ----------Epoch:475, training loss is 0.1180 ---------
2026-03-03 01:51:42,201 - INFO: Epoch: [476][  0/251]	Time 0.390 (0.390)	Data 0.173 (0.173)	Loss 1.1788e-01 (1.1788e-01)	lr: 0.000006
2026-03-03 01:52:22,796 - INFO: Epoch: [476][100/251]	Time 0.344 (0.406)	Data 0.193 (0.204)	Loss 1.2975e-01 (1.1740e-01)	lr: 0.000006
2026-03-03 01:53:05,002 - INFO: Epoch: [476][200/251]	Time 0.381 (0.414)	Data 0.191 (0.204)	Loss 1.0416e-01 (1.1907e-01)	lr: 0.000006
2026-03-03 01:53:23,624 - INFO: ----------Epoch:476, training loss is 0.1176 ---------
2026-03-03 01:53:23,987 - INFO: Epoch: [477][  0/251]	Time 0.361 (0.361)	Data 0.179 (0.179)	Loss 1.2741e-01 (1.2741e-01)	lr: 0.000006
2026-03-03 01:54:03,648 - INFO: Epoch: [477][100/251]	Time 0.371 (0.396)	Data 0.170 (0.203)	Loss 5.7797e-02 (1.1941e-01)	lr: 0.000006
2026-03-03 01:54:45,591 - INFO: Epoch: [477][200/251]	Time 0.362 (0.408)	Data 0.182 (0.193)	Loss 1.0273e-01 (1.1743e-01)	lr: 0.000006
2026-03-03 01:55:04,656 - INFO: ----------Epoch:477, training loss is 0.1169 ---------
2026-03-03 01:55:05,013 - INFO: Epoch: [478][  0/251]	Time 0.356 (0.356)	Data 0.192 (0.192)	Loss 1.2269e-01 (1.2269e-01)	lr: 0.000006
2026-03-03 01:55:45,210 - INFO: Epoch: [478][100/251]	Time 0.372 (0.402)	Data 0.183 (0.201)	Loss 9.4278e-02 (1.1802e-01)	lr: 0.000006
2026-03-03 01:56:26,494 - INFO: Epoch: [478][200/251]	Time 2.168 (0.407)	Data 1.983 (0.209)	Loss 9.1614e-02 (1.1675e-01)	lr: 0.000006
2026-03-03 01:56:46,131 - INFO: ----------Epoch:478, training loss is 0.1161 ---------
2026-03-03 01:56:46,502 - INFO: Epoch: [479][  0/251]	Time 0.371 (0.371)	Data 0.183 (0.183)	Loss 1.0226e-01 (1.0226e-01)	lr: 0.000006
2026-03-03 01:57:26,423 - INFO: Epoch: [479][100/251]	Time 0.412 (0.399)	Data 0.191 (0.184)	Loss 1.1759e-01 (1.1319e-01)	lr: 0.000006
2026-03-03 01:58:05,769 - INFO: Epoch: [479][200/251]	Time 0.312 (0.396)	Data 0.174 (0.192)	Loss 8.1387e-02 (1.1422e-01)	lr: 0.000006
2026-03-03 01:58:26,507 - INFO: ----------Epoch:479, training loss is 0.1146 ---------
2026-03-03 01:58:28,155 - INFO: Epoch: [480][  0/251]	Time 0.441 (0.441)	Data 0.187 (0.187)	Loss 1.0785e-01 (1.0785e-01)	lr: 0.000006
2026-03-03 01:59:08,094 - INFO: Epoch: [480][100/251]	Time 0.439 (0.400)	Data 0.199 (0.184)	Loss 1.1211e-01 (1.1310e-01)	lr: 0.000006
2026-03-03 01:59:48,183 - INFO: Epoch: [480][200/251]	Time 0.405 (0.400)	Data 0.178 (0.183)	Loss 1.5846e-01 (1.1415e-01)	lr: 0.000006
2026-03-03 02:00:08,782 - INFO: ----------Epoch:480, training loss is 0.1156 ---------
2026-03-03 02:00:10,370 - INFO: Epoch: [481][  0/251]	Time 0.426 (0.426)	Data 0.201 (0.201)	Loss 1.3725e-01 (1.3725e-01)	lr: 0.000006
2026-03-03 02:00:50,934 - INFO: Epoch: [481][100/251]	Time 0.365 (0.406)	Data 0.180 (0.183)	Loss 1.3241e-01 (1.1306e-01)	lr: 0.000006
2026-03-03 02:01:30,521 - INFO: Epoch: [481][200/251]	Time 0.347 (0.401)	Data 0.182 (0.192)	Loss 1.5780e-01 (1.1418e-01)	lr: 0.000006
2026-03-03 02:01:51,142 - INFO: ----------Epoch:481, training loss is 0.1145 ---------
2026-03-03 02:01:52,714 - INFO: Epoch: [482][  0/251]	Time 0.358 (0.358)	Data 0.185 (0.185)	Loss 6.3869e-02 (6.3869e-02)	lr: 0.000006
2026-03-03 02:02:32,768 - INFO: Epoch: [482][100/251]	Time 0.340 (0.400)	Data 0.188 (0.201)	Loss 1.0442e-01 (1.1102e-01)	lr: 0.000006
2026-03-03 02:03:12,996 - INFO: Epoch: [482][200/251]	Time 0.462 (0.401)	Data 0.183 (0.193)	Loss 9.9191e-02 (1.1241e-01)	lr: 0.000006
2026-03-03 02:03:33,835 - INFO: ----------Epoch:482, training loss is 0.1124 ---------
2026-03-03 02:03:35,426 - INFO: Epoch: [483][  0/251]	Time 0.407 (0.407)	Data 0.199 (0.199)	Loss 9.3601e-02 (9.3601e-02)	lr: 0.000006
2026-03-03 02:04:15,186 - INFO: Epoch: [483][100/251]	Time 0.333 (0.398)	Data 0.184 (0.184)	Loss 9.7443e-02 (1.1338e-01)	lr: 0.000006
2026-03-03 02:04:55,309 - INFO: Epoch: [483][200/251]	Time 0.413 (0.399)	Data 0.191 (0.193)	Loss 9.2248e-02 (1.1519e-01)	lr: 0.000006
2026-03-03 02:05:16,140 - INFO: ----------Epoch:483, training loss is 0.1139 ---------
2026-03-03 02:05:16,500 - INFO: Epoch: [484][  0/251]	Time 0.360 (0.360)	Data 0.169 (0.169)	Loss 1.2739e-01 (1.2739e-01)	lr: 0.000006
2026-03-03 02:05:56,903 - INFO: Epoch: [484][100/251]	Time 0.376 (0.404)	Data 0.185 (0.184)	Loss 1.8846e-01 (1.1373e-01)	lr: 0.000006
2026-03-03 02:06:36,828 - INFO: Epoch: [484][200/251]	Time 0.366 (0.401)	Data 0.185 (0.184)	Loss 6.4851e-02 (1.1445e-01)	lr: 0.000006
2026-03-03 02:06:57,765 - INFO: ----------Epoch:484, training loss is 0.1139 ---------
2026-03-03 02:06:58,182 - INFO: Epoch: [485][  0/251]	Time 0.416 (0.416)	Data 0.182 (0.182)	Loss 1.2635e-01 (1.2635e-01)	lr: 0.000006
2026-03-03 02:07:37,311 - INFO: Epoch: [485][100/251]	Time 0.443 (0.392)	Data 0.194 (0.182)	Loss 1.5233e-01 (1.1512e-01)	lr: 0.000006
2026-03-03 02:08:17,081 - INFO: Epoch: [485][200/251]	Time 0.453 (0.395)	Data 0.179 (0.181)	Loss 8.8851e-02 (1.1454e-01)	lr: 0.000006
2026-03-03 02:08:38,393 - INFO: ----------Epoch:485, training loss is 0.1138 ---------
2026-03-03 02:08:38,826 - INFO: Epoch: [486][  0/251]	Time 0.432 (0.432)	Data 0.190 (0.190)	Loss 9.8352e-02 (9.8352e-02)	lr: 0.000006
2026-03-03 02:09:19,030 - INFO: Epoch: [486][100/251]	Time 0.368 (0.402)	Data 0.186 (0.185)	Loss 9.8302e-02 (1.1225e-01)	lr: 0.000006
2026-03-03 02:09:59,057 - INFO: Epoch: [486][200/251]	Time 0.365 (0.401)	Data 0.186 (0.191)	Loss 9.0216e-02 (1.1413e-01)	lr: 0.000006
2026-03-03 02:10:20,317 - INFO: ----------Epoch:486, training loss is 0.1135 ---------
2026-03-03 02:10:20,667 - INFO: Epoch: [487][  0/251]	Time 0.350 (0.350)	Data 0.190 (0.190)	Loss 5.4080e-02 (5.4080e-02)	lr: 0.000006
2026-03-03 02:11:00,968 - INFO: Epoch: [487][100/251]	Time 0.360 (0.402)	Data 0.189 (0.184)	Loss 1.5407e-01 (1.1322e-01)	lr: 0.000006
2026-03-03 02:11:40,302 - INFO: Epoch: [487][200/251]	Time 0.399 (0.398)	Data 0.182 (0.183)	Loss 9.2730e-02 (1.1170e-01)	lr: 0.000006
2026-03-03 02:12:01,439 - INFO: ----------Epoch:487, training loss is 0.1131 ---------
2026-03-03 02:12:01,829 - INFO: Epoch: [488][  0/251]	Time 0.388 (0.388)	Data 0.189 (0.189)	Loss 7.1631e-02 (7.1631e-02)	lr: 0.000006
2026-03-03 02:12:41,795 - INFO: Epoch: [488][100/251]	Time 0.378 (0.400)	Data 0.177 (0.184)	Loss 1.2269e-01 (1.1028e-01)	lr: 0.000006
2026-03-03 02:13:21,518 - INFO: Epoch: [488][200/251]	Time 0.358 (0.398)	Data 0.186 (0.184)	Loss 1.4397e-01 (1.1423e-01)	lr: 0.000006
2026-03-03 02:13:42,177 - INFO: ----------Epoch:488, training loss is 0.1138 ---------
2026-03-03 02:13:42,609 - INFO: Epoch: [489][  0/251]	Time 0.431 (0.431)	Data 0.196 (0.196)	Loss 7.8538e-02 (7.8538e-02)	lr: 0.000006
2026-03-03 02:14:22,049 - INFO: Epoch: [489][100/251]	Time 0.338 (0.395)	Data 0.178 (0.199)	Loss 9.0967e-02 (1.1218e-01)	lr: 0.000006
2026-03-03 02:15:01,910 - INFO: Epoch: [489][200/251]	Time 0.390 (0.397)	Data 0.185 (0.191)	Loss 1.2696e-01 (1.1204e-01)	lr: 0.000006
2026-03-03 02:15:22,420 - INFO: ----------Epoch:489, training loss is 0.1135 ---------
2026-03-03 02:15:22,867 - INFO: Epoch: [490][  0/251]	Time 0.445 (0.445)	Data 0.184 (0.184)	Loss 1.2885e-01 (1.2885e-01)	lr: 0.000006
2026-03-03 02:16:02,737 - INFO: Epoch: [490][100/251]	Time 0.388 (0.399)	Data 0.165 (0.184)	Loss 1.4686e-01 (1.1412e-01)	lr: 0.000006
2026-03-03 02:16:42,700 - INFO: Epoch: [490][200/251]	Time 0.360 (0.399)	Data 0.170 (0.192)	Loss 1.0606e-01 (1.1555e-01)	lr: 0.000006
2026-03-03 02:17:03,977 - INFO: ----------Epoch:490, training loss is 0.1134 ---------
2026-03-03 02:17:04,355 - INFO: Epoch: [491][  0/251]	Time 0.378 (0.378)	Data 0.182 (0.182)	Loss 1.2886e-01 (1.2886e-01)	lr: 0.000006
2026-03-03 02:17:44,475 - INFO: Epoch: [491][100/251]	Time 0.347 (0.401)	Data 0.185 (0.198)	Loss 9.6165e-02 (1.1658e-01)	lr: 0.000006
2026-03-03 02:18:24,425 - INFO: Epoch: [491][200/251]	Time 0.320 (0.400)	Data 0.165 (0.201)	Loss 1.1324e-01 (1.1491e-01)	lr: 0.000006
2026-03-03 02:18:45,241 - INFO: ----------Epoch:491, training loss is 0.1152 ---------
2026-03-03 02:18:45,622 - INFO: Epoch: [492][  0/251]	Time 0.380 (0.380)	Data 0.191 (0.191)	Loss 1.3244e-01 (1.3244e-01)	lr: 0.000006
2026-03-03 02:19:26,231 - INFO: Epoch: [492][100/251]	Time 0.368 (0.406)	Data 0.181 (0.183)	Loss 1.4104e-01 (1.1476e-01)	lr: 0.000006
2026-03-03 02:20:05,571 - INFO: Epoch: [492][200/251]	Time 0.360 (0.400)	Data 0.174 (0.181)	Loss 1.0784e-01 (1.1482e-01)	lr: 0.000006
2026-03-03 02:20:26,334 - INFO: ----------Epoch:492, training loss is 0.1148 ---------
2026-03-03 02:20:26,737 - INFO: Epoch: [493][  0/251]	Time 0.402 (0.402)	Data 0.179 (0.179)	Loss 8.3125e-02 (8.3125e-02)	lr: 0.000006
2026-03-03 02:21:06,881 - INFO: Epoch: [493][100/251]	Time 0.340 (0.401)	Data 0.181 (0.203)	Loss 1.3789e-01 (1.1124e-01)	lr: 0.000006
2026-03-03 02:21:46,748 - INFO: Epoch: [493][200/251]	Time 0.356 (0.400)	Data 0.184 (0.203)	Loss 9.7249e-02 (1.1290e-01)	lr: 0.000006
2026-03-03 02:22:07,229 - INFO: ----------Epoch:493, training loss is 0.1133 ---------
2026-03-03 02:22:07,672 - INFO: Epoch: [494][  0/251]	Time 0.442 (0.442)	Data 0.196 (0.196)	Loss 8.5390e-02 (8.5390e-02)	lr: 0.000006
2026-03-03 02:22:47,640 - INFO: Epoch: [494][100/251]	Time 0.336 (0.400)	Data 0.185 (0.183)	Loss 1.0963e-01 (1.1940e-01)	lr: 0.000006
2026-03-03 02:23:27,181 - INFO: Epoch: [494][200/251]	Time 0.378 (0.398)	Data 0.176 (0.184)	Loss 1.6392e-01 (1.1595e-01)	lr: 0.000006
2026-03-03 02:23:48,339 - INFO: ----------Epoch:494, training loss is 0.1146 ---------
2026-03-03 02:23:48,767 - INFO: Epoch: [495][  0/251]	Time 0.426 (0.426)	Data 0.180 (0.180)	Loss 7.6555e-02 (7.6555e-02)	lr: 0.000006
2026-03-03 02:24:28,545 - INFO: Epoch: [495][100/251]	Time 0.409 (0.398)	Data 0.177 (0.200)	Loss 8.8305e-02 (1.1330e-01)	lr: 0.000006
2026-03-03 02:25:08,956 - INFO: Epoch: [495][200/251]	Time 0.343 (0.401)	Data 0.173 (0.192)	Loss 9.5187e-02 (1.1266e-01)	lr: 0.000006
2026-03-03 02:25:29,653 - INFO: ----------Epoch:495, training loss is 0.1134 ---------
2026-03-03 02:25:30,054 - INFO: Epoch: [496][  0/251]	Time 0.400 (0.400)	Data 0.175 (0.175)	Loss 1.1643e-01 (1.1643e-01)	lr: 0.000006
2026-03-03 02:26:09,818 - INFO: Epoch: [496][100/251]	Time 0.430 (0.398)	Data 0.195 (0.200)	Loss 1.3663e-01 (1.1540e-01)	lr: 0.000006
2026-03-03 02:26:50,134 - INFO: Epoch: [496][200/251]	Time 0.365 (0.400)	Data 0.196 (0.192)	Loss 1.0647e-01 (1.1320e-01)	lr: 0.000006
2026-03-03 02:27:11,523 - INFO: ----------Epoch:496, training loss is 0.1129 ---------
2026-03-03 02:27:11,879 - INFO: Epoch: [497][  0/251]	Time 0.355 (0.355)	Data 0.177 (0.177)	Loss 9.0640e-02 (9.0640e-02)	lr: 0.000006
2026-03-03 02:27:52,018 - INFO: Epoch: [497][100/251]	Time 0.315 (0.401)	Data 0.170 (0.201)	Loss 8.6157e-02 (1.1405e-01)	lr: 0.000006
2026-03-03 02:28:32,215 - INFO: Epoch: [497][200/251]	Time 0.400 (0.401)	Data 0.184 (0.193)	Loss 1.2226e-01 (1.1708e-01)	lr: 0.000006
2026-03-03 02:28:52,850 - INFO: ----------Epoch:497, training loss is 0.1156 ---------
2026-03-03 02:28:53,226 - INFO: Epoch: [498][  0/251]	Time 0.374 (0.374)	Data 0.188 (0.188)	Loss 9.2452e-02 (9.2452e-02)	lr: 0.000006
2026-03-03 02:29:32,978 - INFO: Epoch: [498][100/251]	Time 0.353 (0.397)	Data 0.177 (0.202)	Loss 9.9476e-02 (1.1242e-01)	lr: 0.000006
2026-03-03 02:30:13,280 - INFO: Epoch: [498][200/251]	Time 0.406 (0.400)	Data 0.177 (0.202)	Loss 1.3376e-01 (1.1208e-01)	lr: 0.000006
2026-03-03 02:30:32,353 - INFO: ----------Epoch:498, training loss is 0.1133 ---------
2026-03-03 02:30:32,721 - INFO: Epoch: [499][  0/251]	Time 0.367 (0.367)	Data 0.198 (0.198)	Loss 8.7568e-02 (8.7568e-02)	lr: 0.000006
2026-03-03 02:31:14,884 - INFO: Epoch: [499][100/251]	Time 0.359 (0.421)	Data 0.185 (0.201)	Loss 7.9256e-02 (1.0860e-01)	lr: 0.000006
2026-03-03 02:31:55,126 - INFO: Epoch: [499][200/251]	Time 0.441 (0.412)	Data 0.179 (0.192)	Loss 1.4938e-01 (1.1270e-01)	lr: 0.000006
2026-03-03 02:32:13,711 - INFO: ----------Epoch:499, training loss is 0.1128 ---------
2026-03-03 02:32:14,041 - INFO: Epoch: [500][  0/251]	Time 0.329 (0.329)	Data 0.179 (0.179)	Loss 9.4576e-02 (9.4576e-02)	lr: 0.000006
2026-03-03 02:32:55,481 - INFO: Epoch: [500][100/251]	Time 0.366 (0.414)	Data 0.176 (0.203)	Loss 1.3691e-01 (1.1408e-01)	lr: 0.000006
2026-03-03 02:33:36,227 - INFO: Epoch: [500][200/251]	Time 0.405 (0.411)	Data 0.174 (0.203)	Loss 1.5020e-01 (1.1406e-01)	lr: 0.000006
2026-03-03 02:33:54,802 - INFO: ----------Epoch:500, training loss is 0.1139 ---------
2026-03-03 02:33:55,207 - INFO: Epoch: [501][  0/251]	Time 0.404 (0.404)	Data 0.184 (0.184)	Loss 9.6896e-02 (9.6896e-02)	lr: 0.000003
2026-03-03 02:34:36,868 - INFO: Epoch: [501][100/251]	Time 0.403 (0.416)	Data 0.193 (0.200)	Loss 1.0877e-01 (1.1032e-01)	lr: 0.000003
2026-03-03 02:35:17,175 - INFO: Epoch: [501][200/251]	Time 0.342 (0.410)	Data 0.172 (0.192)	Loss 9.4541e-02 (1.1259e-01)	lr: 0.000003
2026-03-03 02:35:35,296 - INFO: ----------Epoch:501, training loss is 0.1134 ---------
2026-03-03 02:35:35,649 - INFO: Epoch: [502][  0/251]	Time 0.352 (0.352)	Data 0.178 (0.178)	Loss 7.6789e-02 (7.6789e-02)	lr: 0.000003
2026-03-03 02:36:15,854 - INFO: Epoch: [502][100/251]	Time 0.446 (0.402)	Data 0.216 (0.184)	Loss 1.2645e-01 (1.1132e-01)	lr: 0.000003
2026-03-03 02:36:57,947 - INFO: Epoch: [502][200/251]	Time 0.400 (0.411)	Data 0.180 (0.193)	Loss 5.1812e-02 (1.1250e-01)	lr: 0.000003
2026-03-03 02:37:16,470 - INFO: ----------Epoch:502, training loss is 0.1119 ---------
2026-03-03 02:37:18,091 - INFO: Epoch: [503][  0/251]	Time 0.401 (0.401)	Data 0.183 (0.183)	Loss 9.5164e-02 (9.5164e-02)	lr: 0.000003
2026-03-03 02:37:57,878 - INFO: Epoch: [503][100/251]	Time 0.337 (0.398)	Data 0.181 (0.202)	Loss 1.0724e-01 (1.1310e-01)	lr: 0.000003
2026-03-03 02:38:38,847 - INFO: Epoch: [503][200/251]	Time 0.446 (0.404)	Data 0.192 (0.207)	Loss 1.0082e-01 (1.1320e-01)	lr: 0.000003
2026-03-03 02:38:59,568 - INFO: ----------Epoch:503, training loss is 0.1127 ---------
2026-03-03 02:38:59,965 - INFO: Epoch: [504][  0/251]	Time 0.395 (0.395)	Data 0.199 (0.199)	Loss 1.0541e-01 (1.0541e-01)	lr: 0.000003
2026-03-03 02:39:40,712 - INFO: Epoch: [504][100/251]	Time 0.436 (0.407)	Data 0.188 (0.200)	Loss 1.1757e-01 (1.0974e-01)	lr: 0.000003
2026-03-03 02:40:20,077 - INFO: Epoch: [504][200/251]	Time 0.459 (0.401)	Data 0.193 (0.192)	Loss 8.5892e-02 (1.1090e-01)	lr: 0.000003
2026-03-03 02:40:40,704 - INFO: ----------Epoch:504, training loss is 0.1114 ---------
2026-03-03 02:40:42,277 - INFO: Epoch: [505][  0/251]	Time 0.401 (0.401)	Data 0.189 (0.189)	Loss 1.1465e-01 (1.1465e-01)	lr: 0.000003
2026-03-03 02:41:21,738 - INFO: Epoch: [505][100/251]	Time 0.329 (0.395)	Data 0.177 (0.183)	Loss 8.3747e-02 (1.1324e-01)	lr: 0.000003
2026-03-03 02:42:01,910 - INFO: Epoch: [505][200/251]	Time 0.371 (0.398)	Data 0.182 (0.184)	Loss 1.2499e-01 (1.1404e-01)	lr: 0.000003
2026-03-03 02:42:22,699 - INFO: ----------Epoch:505, training loss is 0.1136 ---------
2026-03-03 02:42:23,063 - INFO: Epoch: [506][  0/251]	Time 0.363 (0.363)	Data 0.173 (0.173)	Loss 1.2925e-01 (1.2925e-01)	lr: 0.000003
2026-03-03 02:43:03,266 - INFO: Epoch: [506][100/251]	Time 0.393 (0.402)	Data 0.201 (0.181)	Loss 1.4069e-01 (1.0933e-01)	lr: 0.000003
2026-03-03 02:43:42,763 - INFO: Epoch: [506][200/251]	Time 0.374 (0.398)	Data 0.177 (0.183)	Loss 1.1644e-01 (1.1010e-01)	lr: 0.000003
2026-03-03 02:44:03,541 - INFO: ----------Epoch:506, training loss is 0.1095 ---------
2026-03-03 02:44:05,060 - INFO: Epoch: [507][  0/251]	Time 0.328 (0.328)	Data 0.180 (0.180)	Loss 8.9588e-02 (8.9588e-02)	lr: 0.000003
2026-03-03 02:44:45,302 - INFO: Epoch: [507][100/251]	Time 0.395 (0.402)	Data 0.182 (0.201)	Loss 1.6147e-01 (1.1022e-01)	lr: 0.000003
2026-03-03 02:45:24,775 - INFO: Epoch: [507][200/251]	Time 0.396 (0.398)	Data 0.184 (0.202)	Loss 1.5182e-01 (1.1118e-01)	lr: 0.000003
2026-03-03 02:45:45,683 - INFO: ----------Epoch:507, training loss is 0.1121 ---------
2026-03-03 02:45:46,048 - INFO: Epoch: [508][  0/251]	Time 0.363 (0.363)	Data 0.188 (0.188)	Loss 1.1316e-01 (1.1316e-01)	lr: 0.000003
2026-03-03 02:46:25,790 - INFO: Epoch: [508][100/251]	Time 0.329 (0.397)	Data 0.168 (0.182)	Loss 1.8254e-01 (1.0886e-01)	lr: 0.000003
2026-03-03 02:47:05,698 - INFO: Epoch: [508][200/251]	Time 0.315 (0.398)	Data 0.180 (0.192)	Loss 9.1459e-02 (1.1085e-01)	lr: 0.000003
2026-03-03 02:47:26,764 - INFO: ----------Epoch:508, training loss is 0.1112 ---------
2026-03-03 02:47:27,181 - INFO: Epoch: [509][  0/251]	Time 0.415 (0.415)	Data 0.190 (0.190)	Loss 7.2010e-02 (7.2010e-02)	lr: 0.000003
2026-03-03 02:48:06,697 - INFO: Epoch: [509][100/251]	Time 0.412 (0.395)	Data 0.190 (0.201)	Loss 1.2253e-01 (1.1011e-01)	lr: 0.000003
2026-03-03 02:48:46,728 - INFO: Epoch: [509][200/251]	Time 0.410 (0.398)	Data 0.183 (0.201)	Loss 8.4600e-02 (1.1151e-01)	lr: 0.000003
2026-03-03 02:49:08,112 - INFO: ----------Epoch:509, training loss is 0.1125 ---------
2026-03-03 02:49:08,526 - INFO: Epoch: [510][  0/251]	Time 0.412 (0.412)	Data 0.199 (0.199)	Loss 1.0061e-01 (1.0061e-01)	lr: 0.000003
2026-03-03 02:49:48,922 - INFO: Epoch: [510][100/251]	Time 0.362 (0.404)	Data 0.191 (0.202)	Loss 1.6430e-01 (1.1157e-01)	lr: 0.000003
2026-03-03 02:50:28,610 - INFO: Epoch: [510][200/251]	Time 0.326 (0.400)	Data 0.175 (0.201)	Loss 9.4120e-02 (1.1071e-01)	lr: 0.000003
2026-03-03 02:50:49,369 - INFO: ----------Epoch:510, training loss is 0.1102 ---------
2026-03-03 02:50:49,763 - INFO: Epoch: [511][  0/251]	Time 0.392 (0.392)	Data 0.175 (0.175)	Loss 1.2989e-01 (1.2989e-01)	lr: 0.000003
2026-03-03 02:51:29,714 - INFO: Epoch: [511][100/251]	Time 0.363 (0.399)	Data 0.173 (0.203)	Loss 7.1407e-02 (1.1651e-01)	lr: 0.000003
2026-03-03 02:52:10,047 - INFO: Epoch: [511][200/251]	Time 0.359 (0.401)	Data 0.184 (0.203)	Loss 1.0279e-01 (1.1155e-01)	lr: 0.000003
2026-03-03 02:52:28,607 - INFO: ----------Epoch:511, training loss is 0.1104 ---------
2026-03-03 02:52:29,017 - INFO: Epoch: [512][  0/251]	Time 0.409 (0.409)	Data 0.181 (0.181)	Loss 1.4967e-01 (1.4967e-01)	lr: 0.000003
2026-03-03 02:53:10,716 - INFO: Epoch: [512][100/251]	Time 0.455 (0.417)	Data 0.171 (0.184)	Loss 9.7683e-02 (1.1389e-01)	lr: 0.000003
2026-03-03 02:53:50,091 - INFO: Epoch: [512][200/251]	Time 0.392 (0.405)	Data 0.176 (0.183)	Loss 1.1329e-01 (1.1214e-01)	lr: 0.000003
2026-03-03 02:54:09,541 - INFO: ----------Epoch:512, training loss is 0.1116 ---------
2026-03-03 02:54:09,886 - INFO: Epoch: [513][  0/251]	Time 0.344 (0.344)	Data 0.174 (0.174)	Loss 6.9127e-02 (6.9127e-02)	lr: 0.000003
2026-03-03 02:54:51,378 - INFO: Epoch: [513][100/251]	Time 0.420 (0.414)	Data 0.184 (0.184)	Loss 8.6592e-02 (1.1229e-01)	lr: 0.000003
2026-03-03 02:55:32,293 - INFO: Epoch: [513][200/251]	Time 0.379 (0.412)	Data 0.181 (0.184)	Loss 1.0798e-01 (1.1218e-01)	lr: 0.000003
2026-03-03 02:55:50,825 - INFO: ----------Epoch:513, training loss is 0.1122 ---------
2026-03-03 02:55:51,218 - INFO: Epoch: [514][  0/251]	Time 0.392 (0.392)	Data 0.178 (0.178)	Loss 9.7126e-02 (9.7126e-02)	lr: 0.000003
2026-03-03 02:56:31,256 - INFO: Epoch: [514][100/251]	Time 0.323 (0.400)	Data 0.174 (0.183)	Loss 9.7482e-02 (1.1169e-01)	lr: 0.000003
2026-03-03 02:57:12,031 - INFO: Epoch: [514][200/251]	Time 0.400 (0.404)	Data 0.184 (0.191)	Loss 1.1339e-01 (1.1049e-01)	lr: 0.000003
2026-03-03 02:57:33,148 - INFO: ----------Epoch:514, training loss is 0.1102 ---------
2026-03-03 02:57:33,546 - INFO: Epoch: [515][  0/251]	Time 0.396 (0.396)	Data 0.191 (0.191)	Loss 1.1047e-01 (1.1047e-01)	lr: 0.000003
2026-03-03 02:58:13,440 - INFO: Epoch: [515][100/251]	Time 0.416 (0.399)	Data 0.177 (0.182)	Loss 1.3926e-01 (1.1011e-01)	lr: 0.000003
2026-03-03 02:58:53,505 - INFO: Epoch: [515][200/251]	Time 0.325 (0.400)	Data 0.180 (0.183)	Loss 9.6248e-02 (1.1079e-01)	lr: 0.000003
2026-03-03 02:59:14,396 - INFO: ----------Epoch:515, training loss is 0.1103 ---------
2026-03-03 02:59:14,829 - INFO: Epoch: [516][  0/251]	Time 0.432 (0.432)	Data 0.204 (0.204)	Loss 9.1637e-02 (9.1637e-02)	lr: 0.000003
2026-03-03 02:59:54,406 - INFO: Epoch: [516][100/251]	Time 0.361 (0.396)	Data 0.185 (0.202)	Loss 9.8716e-02 (1.1038e-01)	lr: 0.000003
2026-03-03 03:00:34,336 - INFO: Epoch: [516][200/251]	Time 0.386 (0.398)	Data 0.195 (0.192)	Loss 9.3580e-02 (1.0965e-01)	lr: 0.000003
2026-03-03 03:00:55,176 - INFO: ----------Epoch:516, training loss is 0.1102 ---------
2026-03-03 03:00:55,575 - INFO: Epoch: [517][  0/251]	Time 0.398 (0.398)	Data 0.177 (0.177)	Loss 8.9309e-02 (8.9309e-02)	lr: 0.000003
2026-03-03 03:01:36,825 - INFO: Epoch: [517][100/251]	Time 0.456 (0.412)	Data 0.180 (0.202)	Loss 1.0505e-01 (1.0958e-01)	lr: 0.000003
2026-03-03 03:02:16,338 - INFO: Epoch: [517][200/251]	Time 0.401 (0.404)	Data 0.182 (0.192)	Loss 8.4610e-02 (1.0963e-01)	lr: 0.000003
2026-03-03 03:02:37,043 - INFO: ----------Epoch:517, training loss is 0.1106 ---------
2026-03-03 03:02:37,356 - INFO: Epoch: [518][  0/251]	Time 0.312 (0.312)	Data 0.174 (0.174)	Loss 1.0194e-01 (1.0194e-01)	lr: 0.000003
2026-03-03 03:03:17,215 - INFO: Epoch: [518][100/251]	Time 0.376 (0.398)	Data 0.191 (0.184)	Loss 1.2050e-01 (1.1229e-01)	lr: 0.000003
2026-03-03 03:03:56,760 - INFO: Epoch: [518][200/251]	Time 0.381 (0.397)	Data 0.179 (0.192)	Loss 1.0575e-01 (1.1033e-01)	lr: 0.000003
2026-03-03 03:04:17,990 - INFO: ----------Epoch:518, training loss is 0.1105 ---------
2026-03-03 03:04:18,355 - INFO: Epoch: [519][  0/251]	Time 0.364 (0.364)	Data 0.181 (0.181)	Loss 1.5760e-01 (1.5760e-01)	lr: 0.000003
2026-03-03 03:04:59,018 - INFO: Epoch: [519][100/251]	Time 0.333 (0.406)	Data 0.162 (0.182)	Loss 8.8179e-02 (1.1530e-01)	lr: 0.000003
2026-03-03 03:05:38,438 - INFO: Epoch: [519][200/251]	Time 0.322 (0.400)	Data 0.178 (0.191)	Loss 1.2804e-01 (1.1253e-01)	lr: 0.000003
2026-03-03 03:05:59,846 - INFO: ----------Epoch:519, training loss is 0.1120 ---------
2026-03-03 03:06:00,269 - INFO: Epoch: [520][  0/251]	Time 0.422 (0.422)	Data 0.181 (0.181)	Loss 1.3629e-01 (1.3629e-01)	lr: 0.000003
2026-03-03 03:06:39,837 - INFO: Epoch: [520][100/251]	Time 0.359 (0.396)	Data 0.177 (0.184)	Loss 1.1308e-01 (1.0791e-01)	lr: 0.000003
2026-03-03 03:07:19,886 - INFO: Epoch: [520][200/251]	Time 0.365 (0.398)	Data 0.187 (0.192)	Loss 1.0587e-01 (1.1004e-01)	lr: 0.000003
2026-03-03 03:07:40,788 - INFO: ----------Epoch:520, training loss is 0.1097 ---------
2026-03-03 03:07:42,289 - INFO: Epoch: [521][  0/251]	Time 0.356 (0.356)	Data 0.190 (0.190)	Loss 1.0901e-01 (1.0901e-01)	lr: 0.000003
2026-03-03 03:08:21,819 - INFO: Epoch: [521][100/251]	Time 0.401 (0.395)	Data 0.176 (0.181)	Loss 9.6635e-02 (1.1025e-01)	lr: 0.000003
2026-03-03 03:09:02,481 - INFO: Epoch: [521][200/251]	Time 0.355 (0.401)	Data 0.181 (0.190)	Loss 1.0137e-01 (1.1116e-01)	lr: 0.000003
2026-03-03 03:09:23,673 - INFO: ----------Epoch:521, training loss is 0.1099 ---------
2026-03-03 03:09:24,016 - INFO: Epoch: [522][  0/251]	Time 0.342 (0.342)	Data 0.174 (0.174)	Loss 1.2187e-01 (1.2187e-01)	lr: 0.000003
2026-03-03 03:10:03,951 - INFO: Epoch: [522][100/251]	Time 0.408 (0.399)	Data 0.184 (0.203)	Loss 1.3755e-01 (1.0669e-01)	lr: 0.000003
2026-03-03 03:10:43,731 - INFO: Epoch: [522][200/251]	Time 0.358 (0.398)	Data 0.180 (0.193)	Loss 8.4668e-02 (1.0856e-01)	lr: 0.000003
2026-03-03 03:11:04,839 - INFO: ----------Epoch:522, training loss is 0.1096 ---------
2026-03-03 03:11:05,219 - INFO: Epoch: [523][  0/251]	Time 0.379 (0.379)	Data 0.176 (0.176)	Loss 1.1966e-01 (1.1966e-01)	lr: 0.000003
2026-03-03 03:11:45,696 - INFO: Epoch: [523][100/251]	Time 0.359 (0.405)	Data 0.183 (0.203)	Loss 1.1798e-01 (1.0575e-01)	lr: 0.000003
2026-03-03 03:12:25,558 - INFO: Epoch: [523][200/251]	Time 0.357 (0.402)	Data 0.188 (0.202)	Loss 9.9823e-02 (1.0877e-01)	lr: 0.000003
2026-03-03 03:12:46,072 - INFO: ----------Epoch:523, training loss is 0.1085 ---------
2026-03-03 03:12:47,650 - INFO: Epoch: [524][  0/251]	Time 0.387 (0.387)	Data 0.184 (0.184)	Loss 1.2016e-01 (1.2016e-01)	lr: 0.000003
2026-03-03 03:13:27,378 - INFO: Epoch: [524][100/251]	Time 0.410 (0.397)	Data 0.180 (0.203)	Loss 1.6465e-01 (1.0858e-01)	lr: 0.000003
2026-03-03 03:14:07,399 - INFO: Epoch: [524][200/251]	Time 0.403 (0.399)	Data 0.192 (0.203)	Loss 1.3210e-01 (1.1112e-01)	lr: 0.000003
2026-03-03 03:14:26,075 - INFO: ----------Epoch:524, training loss is 0.1113 ---------
2026-03-03 03:14:26,397 - INFO: Epoch: [525][  0/251]	Time 0.321 (0.321)	Data 0.182 (0.182)	Loss 1.2307e-01 (1.2307e-01)	lr: 0.000003
2026-03-03 03:15:08,392 - INFO: Epoch: [525][100/251]	Time 0.337 (0.419)	Data 0.182 (0.221)	Loss 9.3481e-02 (1.1334e-01)	lr: 0.000003
2026-03-03 03:15:48,789 - INFO: Epoch: [525][200/251]	Time 0.345 (0.412)	Data 0.172 (0.203)	Loss 1.3355e-01 (1.1140e-01)	lr: 0.000003
2026-03-03 03:16:07,442 - INFO: ----------Epoch:525, training loss is 0.1104 ---------
2026-03-03 03:16:07,846 - INFO: Epoch: [526][  0/251]	Time 0.402 (0.402)	Data 0.181 (0.181)	Loss 9.8234e-02 (9.8234e-02)	lr: 0.000003
2026-03-03 03:16:49,183 - INFO: Epoch: [526][100/251]	Time 0.386 (0.413)	Data 0.185 (0.182)	Loss 1.4925e-01 (1.0587e-01)	lr: 0.000003
2026-03-03 03:17:29,757 - INFO: Epoch: [526][200/251]	Time 0.444 (0.410)	Data 0.182 (0.183)	Loss 8.9914e-02 (1.0779e-01)	lr: 0.000003
2026-03-03 03:17:48,917 - INFO: ----------Epoch:526, training loss is 0.1094 ---------
2026-03-03 03:17:49,261 - INFO: Epoch: [527][  0/251]	Time 0.342 (0.342)	Data 0.179 (0.179)	Loss 9.7642e-02 (9.7642e-02)	lr: 0.000003
2026-03-03 03:18:31,880 - INFO: Epoch: [527][100/251]	Time 0.363 (0.425)	Data 0.188 (0.202)	Loss 6.0679e-02 (1.0937e-01)	lr: 0.000003
2026-03-03 03:19:11,879 - INFO: Epoch: [527][200/251]	Time 0.415 (0.413)	Data 0.198 (0.202)	Loss 1.1217e-01 (1.0980e-01)	lr: 0.000003
2026-03-03 03:19:31,012 - INFO: ----------Epoch:527, training loss is 0.1103 ---------
2026-03-03 03:19:31,381 - INFO: Epoch: [528][  0/251]	Time 0.367 (0.367)	Data 0.181 (0.181)	Loss 7.9462e-02 (7.9462e-02)	lr: 0.000003
2026-03-03 03:20:13,096 - INFO: Epoch: [528][100/251]	Time 0.430 (0.417)	Data 0.187 (0.204)	Loss 1.3482e-01 (1.0768e-01)	lr: 0.000003
2026-03-03 03:20:53,203 - INFO: Epoch: [528][200/251]	Time 0.323 (0.409)	Data 0.171 (0.193)	Loss 1.1135e-01 (1.1120e-01)	lr: 0.000003
2026-03-03 03:21:11,842 - INFO: ----------Epoch:528, training loss is 0.1095 ---------
2026-03-03 03:21:12,237 - INFO: Epoch: [529][  0/251]	Time 0.394 (0.394)	Data 0.191 (0.191)	Loss 7.9937e-02 (7.9937e-02)	lr: 0.000003
2026-03-03 03:21:52,258 - INFO: Epoch: [529][100/251]	Time 0.466 (0.400)	Data 0.194 (0.184)	Loss 8.9781e-02 (1.0714e-01)	lr: 0.000003
2026-03-03 03:22:34,326 - INFO: Epoch: [529][200/251]	Time 0.351 (0.410)	Data 0.191 (0.192)	Loss 9.5825e-02 (1.1095e-01)	lr: 0.000003
2026-03-03 03:22:52,966 - INFO: ----------Epoch:529, training loss is 0.1107 ---------
2026-03-03 03:22:53,408 - INFO: Epoch: [530][  0/251]	Time 0.441 (0.441)	Data 0.185 (0.185)	Loss 6.9403e-02 (6.9403e-02)	lr: 0.000003
2026-03-03 03:23:32,984 - INFO: Epoch: [530][100/251]	Time 0.426 (0.396)	Data 0.182 (0.182)	Loss 7.7654e-02 (1.1121e-01)	lr: 0.000003
2026-03-03 03:24:13,980 - INFO: Epoch: [530][200/251]	Time 0.347 (0.403)	Data 0.176 (0.190)	Loss 6.7273e-02 (1.1015e-01)	lr: 0.000003
2026-03-03 03:24:32,880 - INFO: ----------Epoch:530, training loss is 0.1100 ---------
2026-03-03 03:24:33,202 - INFO: Epoch: [531][  0/251]	Time 0.322 (0.322)	Data 0.173 (0.173)	Loss 8.3570e-02 (8.3570e-02)	lr: 0.000003
2026-03-03 03:25:13,938 - INFO: Epoch: [531][100/251]	Time 0.361 (0.407)	Data 0.186 (0.185)	Loss 1.1564e-01 (1.0786e-01)	lr: 0.000003
2026-03-03 03:25:55,760 - INFO: Epoch: [531][200/251]	Time 0.353 (0.412)	Data 0.184 (0.202)	Loss 1.0586e-01 (1.0713e-01)	lr: 0.000003
2026-03-03 03:26:14,597 - INFO: ----------Epoch:531, training loss is 0.1077 ---------
2026-03-03 03:26:16,163 - INFO: Epoch: [532][  0/251]	Time 0.374 (0.374)	Data 0.200 (0.200)	Loss 1.3627e-01 (1.3627e-01)	lr: 0.000003
2026-03-03 03:26:56,060 - INFO: Epoch: [532][100/251]	Time 0.420 (0.399)	Data 0.184 (0.183)	Loss 1.0174e-01 (1.0784e-01)	lr: 0.000003
2026-03-03 03:27:37,989 - INFO: Epoch: [532][200/251]	Time 0.401 (0.409)	Data 0.184 (0.183)	Loss 1.3058e-01 (1.0906e-01)	lr: 0.000003
2026-03-03 03:27:56,974 - INFO: ----------Epoch:532, training loss is 0.1089 ---------
2026-03-03 03:27:57,299 - INFO: Epoch: [533][  0/251]	Time 0.324 (0.324)	Data 0.185 (0.185)	Loss 1.2242e-01 (1.2242e-01)	lr: 0.000003
2026-03-03 03:28:37,785 - INFO: Epoch: [533][100/251]	Time 0.406 (0.404)	Data 0.182 (0.201)	Loss 1.0147e-01 (1.0784e-01)	lr: 0.000003
2026-03-03 03:29:19,091 - INFO: Epoch: [533][200/251]	Time 0.396 (0.409)	Data 0.171 (0.201)	Loss 1.1682e-01 (1.1116e-01)	lr: 0.000003
2026-03-03 03:29:37,652 - INFO: ----------Epoch:533, training loss is 0.1093 ---------
2026-03-03 03:29:38,006 - INFO: Epoch: [534][  0/251]	Time 0.353 (0.353)	Data 0.197 (0.197)	Loss 1.7927e-01 (1.7927e-01)	lr: 0.000003
2026-03-03 03:30:17,753 - INFO: Epoch: [534][100/251]	Time 0.379 (0.397)	Data 0.179 (0.183)	Loss 8.3565e-02 (1.0974e-01)	lr: 0.000003
2026-03-03 03:30:57,764 - INFO: Epoch: [534][200/251]	Time 0.357 (0.399)	Data 0.190 (0.192)	Loss 1.0939e-01 (1.1048e-01)	lr: 0.000003
2026-03-03 03:31:18,632 - INFO: ----------Epoch:534, training loss is 0.1106 ---------
2026-03-03 03:31:18,965 - INFO: Epoch: [535][  0/251]	Time 0.331 (0.331)	Data 0.178 (0.178)	Loss 9.9835e-02 (9.9835e-02)	lr: 0.000003
2026-03-03 03:31:58,646 - INFO: Epoch: [535][100/251]	Time 0.412 (0.396)	Data 0.210 (0.181)	Loss 8.3597e-02 (1.0815e-01)	lr: 0.000003
2026-03-03 03:32:39,130 - INFO: Epoch: [535][200/251]	Time 0.401 (0.400)	Data 0.206 (0.181)	Loss 1.4853e-01 (1.0895e-01)	lr: 0.000003
2026-03-03 03:33:00,033 - INFO: ----------Epoch:535, training loss is 0.1100 ---------
2026-03-03 03:33:01,573 - INFO: Epoch: [536][  0/251]	Time 0.371 (0.371)	Data 0.188 (0.188)	Loss 8.4299e-02 (8.4299e-02)	lr: 0.000003
2026-03-03 03:33:41,440 - INFO: Epoch: [536][100/251]	Time 0.365 (0.398)	Data 0.182 (0.183)	Loss 9.7521e-02 (1.1085e-01)	lr: 0.000003
2026-03-03 03:34:20,819 - INFO: Epoch: [536][200/251]	Time 0.356 (0.396)	Data 0.180 (0.191)	Loss 1.1588e-01 (1.0832e-01)	lr: 0.000003
2026-03-03 03:34:42,131 - INFO: ----------Epoch:536, training loss is 0.1094 ---------
2026-03-03 03:34:43,736 - INFO: Epoch: [537][  0/251]	Time 0.436 (0.436)	Data 0.194 (0.194)	Loss 1.1121e-01 (1.1121e-01)	lr: 0.000003
2026-03-03 03:35:23,835 - INFO: Epoch: [537][100/251]	Time 0.335 (0.401)	Data 0.176 (0.202)	Loss 8.6930e-02 (1.1081e-01)	lr: 0.000003
2026-03-03 03:36:03,437 - INFO: Epoch: [537][200/251]	Time 0.328 (0.399)	Data 0.185 (0.192)	Loss 1.0824e-01 (1.0957e-01)	lr: 0.000003
2026-03-03 03:36:24,681 - INFO: ----------Epoch:537, training loss is 0.1099 ---------
2026-03-03 03:36:26,230 - INFO: Epoch: [538][  0/251]	Time 0.385 (0.385)	Data 0.174 (0.174)	Loss 1.1051e-01 (1.1051e-01)	lr: 0.000003
2026-03-03 03:37:06,412 - INFO: Epoch: [538][100/251]	Time 0.326 (0.402)	Data 0.171 (0.201)	Loss 7.7779e-02 (1.0694e-01)	lr: 0.000003
2026-03-03 03:37:45,917 - INFO: Epoch: [538][200/251]	Time 0.424 (0.398)	Data 0.189 (0.201)	Loss 1.2014e-01 (1.0755e-01)	lr: 0.000003
2026-03-03 03:38:07,161 - INFO: ----------Epoch:538, training loss is 0.1088 ---------
2026-03-03 03:38:08,729 - INFO: Epoch: [539][  0/251]	Time 0.376 (0.376)	Data 0.198 (0.198)	Loss 8.9447e-02 (8.9447e-02)	lr: 0.000003
2026-03-03 03:38:48,388 - INFO: Epoch: [539][100/251]	Time 0.357 (0.396)	Data 0.181 (0.202)	Loss 1.0120e-01 (1.0625e-01)	lr: 0.000003
2026-03-03 03:39:28,823 - INFO: Epoch: [539][200/251]	Time 0.378 (0.400)	Data 0.175 (0.192)	Loss 6.8529e-02 (1.0826e-01)	lr: 0.000003
2026-03-03 03:39:49,498 - INFO: ----------Epoch:539, training loss is 0.1091 ---------
2026-03-03 03:39:50,666 - INFO: ------------------- Train Finished -------------------
