2026-03-02 12:30:20,042 - INFO: ============ Initialized logger ============
2026-03-02 12:30:20,042 - INFO: 
				MLM_pretrain_path: ./pretraining_model/LM_MODEL.pth
				batch_size: 32
				beam_size: 10
				cosine_decay_end: 0.0
				criterion: MaskedCrossEntropy
				dataset: PGPS9K
				dataset_dir: ./datasets/PGPS9K_all
				debug: False
				decoder_embedding_size: 512
				decoder_hidden_size: 512
				decoder_layers: 2
				decoder_type: rnn_decoder
				diagram_size: 128
				dropout_rate: 0.2
				dump_path: ./log/2026-03-02-12-30-20
				encoder_embedding_size: 256
				encoder_hidden_size: 512
				encoder_layers: 2
				encoder_type: gru
				eval_epoch: 40
				eval_method: top3
				evaluate_only: False
				init_method: env://
				local_rank: 0
				lr: 0.001
				lr_LM: 0.0001
				max_epoch: 540
				max_input_len: 400
				max_output_len: 40
				nprocs: 1
				optimizer_type: ADAMW
				pretrain_emb_path: 
				pretrain_vis_path: 
				print_freq: 100
				random_prob: 0.5
				resume_model: 
				scheduler_factor: 0.5
				scheduler_step: [160, 280, 360, 440, 500]
				scheduler_type: warmup
				seed: 202302
				trim_min_count: 5
				use_MLM_pretrain: True
				visual_backbone: ResNet10
				vocab_src_path: ./vocab/vocab_src.txt
				vocab_tgt_path: ./vocab/vocab_tgt.txt
				warm_epoch: 40
				weight_decay: 0.01
				without_stru: False
				workers: 0
2026-03-02 12:30:20,042 - INFO: The experiment results will be stored in ./log/2026-03-02-12-30-20
2026-03-02 12:30:20,960 - INFO: Visual backbone choose to train from scratch
2026-03-02 12:30:21,520 - INFO: Network(
  (visual_extractor): ResNet(
    (trunk): Sequential(
      (0): Conv2d(3, 64, kernel_size=(7, 7), stride=(2, 2), padding=(3, 3), bias=False)
      (1): BatchNorm2d(64, eps=1e-05, momentum=0.1, affine=True, track_running_stats=True)
      (2): ReLU()
      (3): MaxPool2d(kernel_size=3, stride=2, padding=1, dilation=1, ceil_mode=False)
      (4): SimpleBlock(
        (C1): Conv2d(64, 64, kernel_size=(3, 3), stride=(1, 1), padding=(1, 1), bias=False)
        (BN1): BatchNorm2d(64, eps=1e-05, momentum=0.1, affine=True, track_running_stats=True)
        (C2): Conv2d(64, 64, kernel_size=(3, 3), stride=(1, 1), padding=(1, 1), bias=False)
        (BN2): BatchNorm2d(64, eps=1e-05, momentum=0.1, affine=True, track_running_stats=True)
        (relu1): ReLU(inplace=True)
        (relu2): ReLU(inplace=True)
      )
      (5): SimpleBlock(
        (C1): Conv2d(64, 128, kernel_size=(3, 3), stride=(2, 2), padding=(1, 1), bias=False)
        (BN1): BatchNorm2d(128, eps=1e-05, momentum=0.1, affine=True, track_running_stats=True)
        (C2): Conv2d(128, 128, kernel_size=(3, 3), stride=(1, 1), padding=(1, 1), bias=False)
        (BN2): BatchNorm2d(128, eps=1e-05, momentum=0.1, affine=True, track_running_stats=True)
        (relu1): ReLU(inplace=True)
        (relu2): ReLU(inplace=True)
        (shortcut): Conv2d(64, 128, kernel_size=(1, 1), stride=(2, 2), bias=False)
        (BNshortcut): BatchNorm2d(128, eps=1e-05, momentum=0.1, affine=True, track_running_stats=True)
      )
      (6): SimpleBlock(
        (C1): Conv2d(128, 256, kernel_size=(3, 3), stride=(2, 2), padding=(1, 1), bias=False)
        (BN1): BatchNorm2d(256, eps=1e-05, momentum=0.1, affine=True, track_running_stats=True)
        (C2): Conv2d(256, 256, kernel_size=(3, 3), stride=(1, 1), padding=(1, 1), bias=False)
        (BN2): BatchNorm2d(256, eps=1e-05, momentum=0.1, affine=True, track_running_stats=True)
        (relu1): ReLU(inplace=True)
        (relu2): ReLU(inplace=True)
        (shortcut): Conv2d(128, 256, kernel_size=(1, 1), stride=(2, 2), bias=False)
        (BNshortcut): BatchNorm2d(256, eps=1e-05, momentum=0.1, affine=True, track_running_stats=True)
      )
      (7): SimpleBlock(
        (C1): Conv2d(256, 512, kernel_size=(3, 3), stride=(2, 2), padding=(1, 1), bias=False)
        (BN1): BatchNorm2d(512, eps=1e-05, momentum=0.1, affine=True, track_running_stats=True)
        (C2): Conv2d(512, 512, kernel_size=(3, 3), stride=(1, 1), padding=(1, 1), bias=False)
        (BN2): BatchNorm2d(512, eps=1e-05, momentum=0.1, affine=True, track_running_stats=True)
        (relu1): ReLU(inplace=True)
        (relu2): ReLU(inplace=True)
        (shortcut): Conv2d(256, 512, kernel_size=(1, 1), stride=(2, 2), bias=False)
        (BNshortcut): BatchNorm2d(512, eps=1e-05, momentum=0.1, affine=True, track_running_stats=True)
      )
      (8): AvgPool2d(kernel_size=4, stride=4, padding=0)
      (9): Flatten()
    )
  )
  (encoder): GRU(
    (gru): GRU(256, 512, num_layers=2, batch_first=True, dropout=0.2, bidirectional=True)
    (dropout): Dropout(p=0.2, inplace=False)
  )
  (decoder): DecoderRNN(
    (em_dropout): Dropout(p=0.2, inplace=False)
    (embedding_tgt): Embedding(55, 512, padding_idx=0)
    (gru): GRU(1024, 512, num_layers=2, batch_first=True, dropout=0.2)
    (attn): Attn(
      (attn): Linear(in_features=1024, out_features=512, bias=True)
      (score): Linear(in_features=512, out_features=1, bias=False)
    )
    (score): Score(
      (attn): Linear(in_features=1536, out_features=512, bias=True)
      (score): Linear(in_features=512, out_features=1, bias=False)
    )
  )
  (visual_emb_unify): Sequential(
    (0): Linear(in_features=512, out_features=256, bias=True)
    (1): ReLU()
    (2): Linear(in_features=256, out_features=256, bias=True)
  )
  (mlm_pretrain): MLMTransformerPretrain(
    (transformer_en): TransformerEncoder(
      (encoder): TransformerEncoder(
        (layers): ModuleList(
          (0-5): 6 x TransformerEncoderLayer(
            (self_attn): MultiheadAttention(
              (out_proj): NonDynamicallyQuantizableLinear(in_features=256, out_features=256, bias=True)
            )
            (linear1): Linear(in_features=256, out_features=1024, bias=True)
            (dropout): Dropout(p=0.2, inplace=False)
            (linear2): Linear(in_features=1024, out_features=256, bias=True)
            (norm1): LayerNorm((256,), eps=1e-05, elementwise_affine=True)
            (norm2): LayerNorm((256,), eps=1e-05, elementwise_affine=True)
            (dropout1): Dropout(p=0.2, inplace=False)
            (dropout2): Dropout(p=0.2, inplace=False)
          )
        )
        (norm): LayerNorm((256,), eps=1e-05, elementwise_affine=True)
      )
      (position): PositionalEncoding(
        (dropout): Dropout(p=0.1, inplace=False)
      )
    )
    (text_embedding_src): Embedding(322, 256, padding_idx=0)
    (class_tag_embedding): Embedding(6, 256, padding_idx=0)
    (sect_tag_embedding): Embedding(4, 256, padding_idx=0)
  )
)
2026-03-02 12:30:21,576 - INFO: The model is trained from scratch
2026-03-02 12:30:24,520 - INFO: Epoch: [0][  0/251]	Time 2.433 (2.433)	Data 0.225 (0.225)	Loss 4.0659e+00 (4.0659e+00)	lr: 0.000033
2026-03-02 12:30:58,066 - INFO: Epoch: [0][100/251]	Time 0.294 (0.356)	Data 0.187 (0.216)	Loss 1.3452e+00 (1.9491e+00)	lr: 0.000033
2026-03-02 12:31:32,596 - INFO: Epoch: [0][200/251]	Time 0.350 (0.351)	Data 0.199 (0.215)	Loss 1.1829e+00 (1.5742e+00)	lr: 0.000033
2026-03-02 12:31:52,601 - INFO: ----------Epoch:  0, training loss is 1.4690 ---------
2026-03-02 12:31:55,162 - INFO: Epoch: [1][  0/251]	Time 0.342 (0.342)	Data 0.167 (0.167)	Loss 1.0051e+00 (1.0051e+00)	lr: 0.000035
2026-03-02 12:32:30,065 - INFO: Epoch: [1][100/251]	Time 0.317 (0.349)	Data 0.168 (0.184)	Loss 1.0741e+00 (9.5463e-01)	lr: 0.000035
2026-03-02 12:33:04,117 - INFO: Epoch: [1][200/251]	Time 0.263 (0.345)	Data 0.174 (0.183)	Loss 8.7042e-01 (9.0480e-01)	lr: 0.000035
2026-03-02 12:33:22,337 - INFO: ----------Epoch:  1, training loss is 0.8848 ---------
2026-03-02 12:33:23,852 - INFO: Epoch: [2][  0/251]	Time 0.325 (0.325)	Data 0.194 (0.194)	Loss 6.8666e-01 (6.8666e-01)	lr: 0.000037
2026-03-02 12:33:55,823 - INFO: Epoch: [2][100/251]	Time 0.363 (0.320)	Data 0.184 (0.183)	Loss 5.9880e-01 (7.4882e-01)	lr: 0.000037
2026-03-02 12:34:31,530 - INFO: Epoch: [2][200/251]	Time 0.285 (0.338)	Data 0.178 (0.186)	Loss 7.7819e-01 (7.1945e-01)	lr: 0.000037
2026-03-02 12:34:49,863 - INFO: ----------Epoch:  2, training loss is 0.7089 ---------
2026-03-02 12:34:51,470 - INFO: Epoch: [3][  0/251]	Time 0.389 (0.389)	Data 0.179 (0.179)	Loss 7.0723e-01 (7.0723e-01)	lr: 0.000038
2026-03-02 12:35:26,114 - INFO: Epoch: [3][100/251]	Time 0.315 (0.347)	Data 0.176 (0.206)	Loss 5.6019e-01 (6.2958e-01)	lr: 0.000038
2026-03-02 12:36:01,231 - INFO: Epoch: [3][200/251]	Time 0.341 (0.349)	Data 0.207 (0.196)	Loss 5.4571e-01 (6.1239e-01)	lr: 0.000038
2026-03-02 12:36:16,875 - INFO: ----------Epoch:  3, training loss is 0.6058 ---------
2026-03-02 12:36:18,304 - INFO: Epoch: [4][  0/251]	Time 0.330 (0.330)	Data 0.160 (0.160)	Loss 5.4423e-01 (5.4423e-01)	lr: 0.000040
2026-03-02 12:36:52,222 - INFO: Epoch: [4][100/251]	Time 0.292 (0.339)	Data 0.162 (0.205)	Loss 5.5744e-01 (5.4850e-01)	lr: 0.000040
2026-03-02 12:37:26,524 - INFO: Epoch: [4][200/251]	Time 0.270 (0.341)	Data 0.169 (0.205)	Loss 5.2617e-01 (5.4320e-01)	lr: 0.000040
2026-03-02 12:37:45,254 - INFO: ----------Epoch:  4, training loss is 0.5396 ---------
2026-03-02 12:37:46,623 - INFO: Epoch: [5][  0/251]	Time 0.262 (0.262)	Data 0.170 (0.170)	Loss 3.6425e-01 (3.6425e-01)	lr: 0.000042
2026-03-02 12:38:21,050 - INFO: Epoch: [5][100/251]	Time 0.298 (0.343)	Data 0.174 (0.206)	Loss 4.6842e-01 (4.8766e-01)	lr: 0.000042
2026-03-02 12:38:56,351 - INFO: Epoch: [5][200/251]	Time 0.317 (0.348)	Data 0.185 (0.198)	Loss 4.3114e-01 (4.8738e-01)	lr: 0.000042
2026-03-02 12:39:12,259 - INFO: ----------Epoch:  5, training loss is 0.4853 ---------
2026-03-02 12:39:13,657 - INFO: Epoch: [6][  0/251]	Time 0.297 (0.297)	Data 0.171 (0.171)	Loss 4.1697e-01 (4.1697e-01)	lr: 0.000043
2026-03-02 12:39:50,372 - INFO: Epoch: [6][100/251]	Time 0.345 (0.366)	Data 0.212 (0.217)	Loss 4.9370e-01 (4.5701e-01)	lr: 0.000043
2026-03-02 12:40:22,251 - INFO: Epoch: [6][200/251]	Time 0.370 (0.343)	Data 0.193 (0.202)	Loss 5.5240e-01 (4.4928e-01)	lr: 0.000043
2026-03-02 12:40:40,938 - INFO: ----------Epoch:  6, training loss is 0.4516 ---------
2026-03-02 12:40:42,375 - INFO: Epoch: [7][  0/251]	Time 0.316 (0.316)	Data 0.185 (0.185)	Loss 4.9876e-01 (4.9876e-01)	lr: 0.000045
2026-03-02 12:41:15,684 - INFO: Epoch: [7][100/251]	Time 0.304 (0.333)	Data 0.178 (0.180)	Loss 5.0361e-01 (4.1282e-01)	lr: 0.000045
2026-03-02 12:41:50,490 - INFO: Epoch: [7][200/251]	Time 0.304 (0.340)	Data 0.183 (0.196)	Loss 3.6946e-01 (4.1982e-01)	lr: 0.000045
2026-03-02 12:42:06,662 - INFO: ----------Epoch:  7, training loss is 0.4182 ---------
2026-03-02 12:42:09,939 - INFO: Epoch: [8][  0/251]	Time 0.334 (0.334)	Data 0.179 (0.179)	Loss 3.9192e-01 (3.9192e-01)	lr: 0.000047
2026-03-02 12:42:44,127 - INFO: Epoch: [8][100/251]	Time 0.316 (0.342)	Data 0.185 (0.184)	Loss 3.3273e-01 (3.8673e-01)	lr: 0.000047
2026-03-02 12:43:18,248 - INFO: Epoch: [8][200/251]	Time 0.355 (0.342)	Data 0.204 (0.184)	Loss 4.1920e-01 (3.9806e-01)	lr: 0.000047
2026-03-02 12:43:33,840 - INFO: ----------Epoch:  8, training loss is 0.3978 ---------
2026-03-02 12:43:35,265 - INFO: Epoch: [9][  0/251]	Time 0.336 (0.336)	Data 0.164 (0.164)	Loss 3.1231e-01 (3.1231e-01)	lr: 0.000048
2026-03-02 12:44:09,589 - INFO: Epoch: [9][100/251]	Time 0.307 (0.343)	Data 0.184 (0.205)	Loss 3.4550e-01 (3.6932e-01)	lr: 0.000048
2026-03-02 12:44:44,290 - INFO: Epoch: [9][200/251]	Time 0.343 (0.345)	Data 0.172 (0.195)	Loss 4.1388e-01 (3.7468e-01)	lr: 0.000048
2026-03-02 12:45:02,262 - INFO: ----------Epoch:  9, training loss is 0.3759 ---------
2026-03-02 12:45:03,860 - INFO: Epoch: [10][  0/251]	Time 0.416 (0.416)	Data 0.176 (0.176)	Loss 4.4183e-01 (4.4183e-01)	lr: 0.000050
2026-03-02 12:45:38,455 - INFO: Epoch: [10][100/251]	Time 0.354 (0.347)	Data 0.205 (0.184)	Loss 3.5729e-01 (3.5544e-01)	lr: 0.000050
2026-03-02 12:46:13,433 - INFO: Epoch: [10][200/251]	Time 0.378 (0.348)	Data 0.195 (0.197)	Loss 3.6315e-01 (3.5884e-01)	lr: 0.000050
2026-03-02 12:46:29,032 - INFO: ----------Epoch: 10, training loss is 0.3554 ---------
2026-03-02 12:46:30,674 - INFO: Epoch: [11][  0/251]	Time 0.459 (0.459)	Data 0.168 (0.168)	Loss 4.2700e-01 (4.2700e-01)	lr: 0.000052
2026-03-02 12:47:05,519 - INFO: Epoch: [11][100/251]	Time 0.343 (0.350)	Data 0.207 (0.205)	Loss 3.9306e-01 (3.4023e-01)	lr: 0.000052
2026-03-02 12:47:39,368 - INFO: Epoch: [11][200/251]	Time 0.334 (0.344)	Data 0.181 (0.206)	Loss 3.6214e-01 (3.4292e-01)	lr: 0.000052
2026-03-02 12:47:57,986 - INFO: ----------Epoch: 11, training loss is 0.3446 ---------
2026-03-02 12:47:59,462 - INFO: Epoch: [12][  0/251]	Time 0.324 (0.324)	Data 0.182 (0.182)	Loss 2.7714e-01 (2.7714e-01)	lr: 0.000053
2026-03-02 12:48:33,661 - INFO: Epoch: [12][100/251]	Time 0.343 (0.342)	Data 0.183 (0.205)	Loss 3.7569e-01 (3.2571e-01)	lr: 0.000053
2026-03-02 12:49:08,092 - INFO: Epoch: [12][200/251]	Time 0.282 (0.343)	Data 0.174 (0.206)	Loss 3.8208e-01 (3.3285e-01)	lr: 0.000053
2026-03-02 12:49:23,730 - INFO: ----------Epoch: 12, training loss is 0.3331 ---------
2026-03-02 12:49:25,279 - INFO: Epoch: [13][  0/251]	Time 0.377 (0.377)	Data 0.183 (0.183)	Loss 2.9923e-01 (2.9923e-01)	lr: 0.000055
2026-03-02 12:49:59,621 - INFO: Epoch: [13][100/251]	Time 0.367 (0.344)	Data 0.190 (0.204)	Loss 2.4607e-01 (3.1625e-01)	lr: 0.000055
2026-03-02 12:50:33,723 - INFO: Epoch: [13][200/251]	Time 0.317 (0.342)	Data 0.195 (0.194)	Loss 2.8331e-01 (3.1511e-01)	lr: 0.000055
2026-03-02 12:50:51,990 - INFO: ----------Epoch: 13, training loss is 0.3203 ---------
2026-03-02 12:50:53,440 - INFO: Epoch: [14][  0/251]	Time 0.302 (0.302)	Data 0.189 (0.189)	Loss 2.4359e-01 (2.4359e-01)	lr: 0.000057
2026-03-02 12:51:28,588 - INFO: Epoch: [14][100/251]	Time 0.350 (0.351)	Data 0.197 (0.206)	Loss 2.9460e-01 (3.1076e-01)	lr: 0.000057
2026-03-02 12:52:02,934 - INFO: Epoch: [14][200/251]	Time 0.293 (0.347)	Data 0.171 (0.195)	Loss 2.8672e-01 (3.1130e-01)	lr: 0.000057
2026-03-02 12:52:18,281 - INFO: ----------Epoch: 14, training loss is 0.3122 ---------
2026-03-02 12:52:19,813 - INFO: Epoch: [15][  0/251]	Time 0.340 (0.340)	Data 0.192 (0.192)	Loss 3.3984e-01 (3.3984e-01)	lr: 0.000058
2026-03-02 12:52:53,899 - INFO: Epoch: [15][100/251]	Time 0.301 (0.341)	Data 0.174 (0.204)	Loss 2.5500e-01 (2.8799e-01)	lr: 0.000058
2026-03-02 12:53:28,923 - INFO: Epoch: [15][200/251]	Time 0.320 (0.346)	Data 0.168 (0.194)	Loss 3.2070e-01 (2.9662e-01)	lr: 0.000058
2026-03-02 12:53:47,223 - INFO: ----------Epoch: 15, training loss is 0.3027 ---------
2026-03-02 12:53:48,745 - INFO: Epoch: [16][  0/251]	Time 0.358 (0.358)	Data 0.182 (0.182)	Loss 2.9706e-01 (2.9706e-01)	lr: 0.000060
2026-03-02 12:54:23,424 - INFO: Epoch: [16][100/251]	Time 0.384 (0.347)	Data 0.194 (0.208)	Loss 3.6265e-01 (2.9085e-01)	lr: 0.000060
2026-03-02 12:54:57,609 - INFO: Epoch: [16][200/251]	Time 0.317 (0.344)	Data 0.196 (0.205)	Loss 3.7023e-01 (2.9115e-01)	lr: 0.000060
2026-03-02 12:55:13,357 - INFO: ----------Epoch: 16, training loss is 0.2942 ---------
2026-03-02 12:55:14,979 - INFO: Epoch: [17][  0/251]	Time 0.390 (0.390)	Data 0.188 (0.188)	Loss 3.3738e-01 (3.3738e-01)	lr: 0.000062
2026-03-02 12:55:49,972 - INFO: Epoch: [17][100/251]	Time 0.357 (0.350)	Data 0.214 (0.184)	Loss 2.8643e-01 (2.8295e-01)	lr: 0.000062
2026-03-02 12:56:24,239 - INFO: Epoch: [17][200/251]	Time 0.266 (0.347)	Data 0.176 (0.184)	Loss 2.3046e-01 (2.8641e-01)	lr: 0.000062
2026-03-02 12:56:42,427 - INFO: ----------Epoch: 17, training loss is 0.2896 ---------
2026-03-02 12:56:44,227 - INFO: Epoch: [18][  0/251]	Time 0.405 (0.405)	Data 0.177 (0.177)	Loss 2.5071e-01 (2.5071e-01)	lr: 0.000063
2026-03-02 12:57:19,159 - INFO: Epoch: [18][100/251]	Time 0.325 (0.350)	Data 0.177 (0.209)	Loss 3.4159e-01 (2.8279e-01)	lr: 0.000063
2026-03-02 12:57:53,023 - INFO: Epoch: [18][200/251]	Time 0.333 (0.344)	Data 0.189 (0.207)	Loss 2.2228e-01 (2.8335e-01)	lr: 0.000063
2026-03-02 12:58:08,680 - INFO: ----------Epoch: 18, training loss is 0.2845 ---------
2026-03-02 12:58:12,393 - INFO: Epoch: [19][  0/251]	Time 0.280 (0.280)	Data 0.172 (0.172)	Loss 2.3645e-01 (2.3645e-01)	lr: 0.000065
2026-03-02 12:58:47,514 - INFO: Epoch: [19][100/251]	Time 0.325 (0.351)	Data 0.198 (0.185)	Loss 3.0219e-01 (2.7432e-01)	lr: 0.000065
2026-03-02 12:59:22,164 - INFO: Epoch: [19][200/251]	Time 0.355 (0.349)	Data 0.204 (0.184)	Loss 3.0221e-01 (2.7568e-01)	lr: 0.000065
2026-03-02 12:59:38,121 - INFO: ----------Epoch: 19, training loss is 0.2799 ---------
2026-03-02 12:59:39,543 - INFO: Epoch: [20][  0/251]	Time 0.311 (0.311)	Data 0.176 (0.176)	Loss 2.6283e-01 (2.6283e-01)	lr: 0.000067
2026-03-02 13:00:14,405 - INFO: Epoch: [20][100/251]	Time 0.333 (0.348)	Data 0.178 (0.185)	Loss 2.1465e-01 (2.6250e-01)	lr: 0.000067
2026-03-02 13:00:49,060 - INFO: Epoch: [20][200/251]	Time 0.293 (0.347)	Data 0.201 (0.186)	Loss 4.2633e-01 (2.7470e-01)	lr: 0.000067
2026-03-02 13:01:06,406 - INFO: ----------Epoch: 20, training loss is 0.2781 ---------
2026-03-02 13:01:07,976 - INFO: Epoch: [21][  0/251]	Time 0.419 (0.419)	Data 0.180 (0.180)	Loss 2.5123e-01 (2.5123e-01)	lr: 0.000068
2026-03-02 13:01:42,665 - INFO: Epoch: [21][100/251]	Time 0.409 (0.348)	Data 0.186 (0.209)	Loss 3.0955e-01 (2.5612e-01)	lr: 0.000068
2026-03-02 13:02:16,778 - INFO: Epoch: [21][200/251]	Time 0.305 (0.344)	Data 0.191 (0.205)	Loss 3.1649e-01 (2.7009e-01)	lr: 0.000068
2026-03-02 13:02:33,296 - INFO: ----------Epoch: 21, training loss is 0.2724 ---------
2026-03-02 13:02:34,755 - INFO: Epoch: [22][  0/251]	Time 0.274 (0.274)	Data 0.172 (0.172)	Loss 1.6040e-01 (1.6040e-01)	lr: 0.000070
2026-03-02 13:03:09,769 - INFO: Epoch: [22][100/251]	Time 0.346 (0.349)	Data 0.187 (0.205)	Loss 2.5932e-01 (2.6558e-01)	lr: 0.000070
2026-03-02 13:03:43,786 - INFO: Epoch: [22][200/251]	Time 0.286 (0.345)	Data 0.172 (0.203)	Loss 2.7117e-01 (2.6843e-01)	lr: 0.000070
2026-03-02 13:04:02,374 - INFO: ----------Epoch: 22, training loss is 0.2696 ---------
2026-03-02 13:04:03,891 - INFO: Epoch: [23][  0/251]	Time 0.394 (0.394)	Data 0.172 (0.172)	Loss 1.9000e-01 (1.9000e-01)	lr: 0.000072
2026-03-02 13:04:38,454 - INFO: Epoch: [23][100/251]	Time 0.309 (0.346)	Data 0.185 (0.207)	Loss 2.3155e-01 (2.5190e-01)	lr: 0.000072
2026-03-02 13:05:13,248 - INFO: Epoch: [23][200/251]	Time 0.346 (0.347)	Data 0.179 (0.207)	Loss 2.8961e-01 (2.6150e-01)	lr: 0.000072
2026-03-02 13:05:29,009 - INFO: ----------Epoch: 23, training loss is 0.2628 ---------
2026-03-02 13:05:30,549 - INFO: Epoch: [24][  0/251]	Time 0.410 (0.410)	Data 0.170 (0.170)	Loss 2.9084e-01 (2.9084e-01)	lr: 0.000073
2026-03-02 13:06:05,122 - INFO: Epoch: [24][100/251]	Time 0.346 (0.346)	Data 0.202 (0.207)	Loss 2.2787e-01 (2.5346e-01)	lr: 0.000073
2026-03-02 13:06:39,632 - INFO: Epoch: [24][200/251]	Time 0.360 (0.346)	Data 0.177 (0.196)	Loss 3.4408e-01 (2.6378e-01)	lr: 0.000073
2026-03-02 13:06:57,860 - INFO: ----------Epoch: 24, training loss is 0.2657 ---------
2026-03-02 13:06:58,188 - INFO: Epoch: [25][  0/251]	Time 0.327 (0.327)	Data 0.177 (0.177)	Loss 3.4409e-01 (3.4409e-01)	lr: 0.000075
2026-03-02 13:07:32,181 - INFO: Epoch: [25][100/251]	Time 0.295 (0.340)	Data 0.183 (0.184)	Loss 2.5064e-01 (2.6248e-01)	lr: 0.000075
2026-03-02 13:08:06,871 - INFO: Epoch: [25][200/251]	Time 0.348 (0.343)	Data 0.171 (0.196)	Loss 3.4294e-01 (2.6433e-01)	lr: 0.000075
2026-03-02 13:08:22,429 - INFO: ----------Epoch: 25, training loss is 0.2681 ---------
2026-03-02 13:08:22,791 - INFO: Epoch: [26][  0/251]	Time 0.361 (0.361)	Data 0.182 (0.182)	Loss 2.2350e-01 (2.2350e-01)	lr: 0.000077
2026-03-02 13:08:56,820 - INFO: Epoch: [26][100/251]	Time 0.323 (0.340)	Data 0.184 (0.183)	Loss 2.3483e-01 (2.5961e-01)	lr: 0.000077
2026-03-02 13:09:31,133 - INFO: Epoch: [26][200/251]	Time 0.276 (0.342)	Data 0.174 (0.184)	Loss 3.5869e-01 (2.6147e-01)	lr: 0.000077
2026-03-02 13:09:49,300 - INFO: ----------Epoch: 26, training loss is 0.2647 ---------
2026-03-02 13:09:49,552 - INFO: Epoch: [27][  0/251]	Time 0.251 (0.251)	Data 0.171 (0.171)	Loss 2.1463e-01 (2.1463e-01)	lr: 0.000078
2026-03-02 13:10:23,984 - INFO: Epoch: [27][100/251]	Time 0.315 (0.343)	Data 0.183 (0.186)	Loss 2.4669e-01 (2.5402e-01)	lr: 0.000078
2026-03-02 13:10:58,346 - INFO: Epoch: [27][200/251]	Time 0.313 (0.344)	Data 0.194 (0.197)	Loss 2.8397e-01 (2.6053e-01)	lr: 0.000078
2026-03-02 13:11:14,493 - INFO: ----------Epoch: 27, training loss is 0.2646 ---------
2026-03-02 13:11:14,799 - INFO: Epoch: [28][  0/251]	Time 0.305 (0.305)	Data 0.198 (0.198)	Loss 2.7371e-01 (2.7371e-01)	lr: 0.000080
2026-03-02 13:11:49,456 - INFO: Epoch: [28][100/251]	Time 0.312 (0.346)	Data 0.195 (0.208)	Loss 2.9310e-01 (2.5901e-01)	lr: 0.000080
2026-03-02 13:12:23,572 - INFO: Epoch: [28][200/251]	Time 0.318 (0.344)	Data 0.199 (0.196)	Loss 2.1398e-01 (2.5836e-01)	lr: 0.000080
2026-03-02 13:12:41,950 - INFO: ----------Epoch: 28, training loss is 0.2608 ---------
2026-03-02 13:12:43,451 - INFO: Epoch: [29][  0/251]	Time 0.325 (0.325)	Data 0.196 (0.196)	Loss 2.5611e-01 (2.5611e-01)	lr: 0.000082
2026-03-02 13:13:18,414 - INFO: Epoch: [29][100/251]	Time 0.362 (0.349)	Data 0.172 (0.205)	Loss 2.5587e-01 (2.5518e-01)	lr: 0.000082
2026-03-02 13:13:53,192 - INFO: Epoch: [29][200/251]	Time 0.281 (0.349)	Data 0.173 (0.194)	Loss 2.5598e-01 (2.5910e-01)	lr: 0.000082
2026-03-02 13:14:09,201 - INFO: ----------Epoch: 29, training loss is 0.2621 ---------
2026-03-02 13:14:09,499 - INFO: Epoch: [30][  0/251]	Time 0.297 (0.297)	Data 0.184 (0.184)	Loss 2.0223e-01 (2.0223e-01)	lr: 0.000083
2026-03-02 13:14:44,208 - INFO: Epoch: [30][100/251]	Time 0.351 (0.347)	Data 0.181 (0.183)	Loss 2.9203e-01 (2.5076e-01)	lr: 0.000083
2026-03-02 13:15:18,443 - INFO: Epoch: [30][200/251]	Time 0.298 (0.344)	Data 0.174 (0.181)	Loss 2.1425e-01 (2.5845e-01)	lr: 0.000083
2026-03-02 13:15:37,119 - INFO: ----------Epoch: 30, training loss is 0.2622 ---------
2026-03-02 13:15:37,409 - INFO: Epoch: [31][  0/251]	Time 0.289 (0.289)	Data 0.189 (0.189)	Loss 2.1556e-01 (2.1556e-01)	lr: 0.000085
2026-03-02 13:16:11,289 - INFO: Epoch: [31][100/251]	Time 0.334 (0.338)	Data 0.185 (0.184)	Loss 2.8199e-01 (2.4973e-01)	lr: 0.000085
2026-03-02 13:16:45,825 - INFO: Epoch: [31][200/251]	Time 0.325 (0.342)	Data 0.187 (0.195)	Loss 3.2775e-01 (2.5737e-01)	lr: 0.000085
2026-03-02 13:17:01,461 - INFO: ----------Epoch: 31, training loss is 0.2621 ---------
2026-03-02 13:17:01,783 - INFO: Epoch: [32][  0/251]	Time 0.321 (0.321)	Data 0.185 (0.185)	Loss 2.2316e-01 (2.2316e-01)	lr: 0.000087
2026-03-02 13:17:36,457 - INFO: Epoch: [32][100/251]	Time 0.279 (0.346)	Data 0.173 (0.211)	Loss 2.5754e-01 (2.4843e-01)	lr: 0.000087
2026-03-02 13:18:10,816 - INFO: Epoch: [32][200/251]	Time 0.286 (0.345)	Data 0.167 (0.208)	Loss 2.3330e-01 (2.5557e-01)	lr: 0.000087
2026-03-02 13:18:29,678 - INFO: ----------Epoch: 32, training loss is 0.2593 ---------
2026-03-02 13:18:31,049 - INFO: Epoch: [33][  0/251]	Time 0.271 (0.271)	Data 0.177 (0.177)	Loss 2.6064e-01 (2.6064e-01)	lr: 0.000088
2026-03-02 13:19:05,632 - INFO: Epoch: [33][100/251]	Time 0.325 (0.345)	Data 0.178 (0.206)	Loss 2.6299e-01 (2.5539e-01)	lr: 0.000088
2026-03-02 13:19:39,699 - INFO: Epoch: [33][200/251]	Time 0.354 (0.343)	Data 0.198 (0.206)	Loss 3.3679e-01 (2.5798e-01)	lr: 0.000088
2026-03-02 13:19:55,025 - INFO: ----------Epoch: 33, training loss is 0.2626 ---------
2026-03-02 13:19:55,335 - INFO: Epoch: [34][  0/251]	Time 0.308 (0.308)	Data 0.191 (0.191)	Loss 3.0473e-01 (3.0473e-01)	lr: 0.000090
2026-03-02 13:20:29,790 - INFO: Epoch: [34][100/251]	Time 0.301 (0.344)	Data 0.187 (0.180)	Loss 2.1920e-01 (2.5725e-01)	lr: 0.000090
2026-03-02 13:21:04,233 - INFO: Epoch: [34][200/251]	Time 0.338 (0.344)	Data 0.177 (0.195)	Loss 3.2281e-01 (2.5928e-01)	lr: 0.000090
2026-03-02 13:21:22,834 - INFO: ----------Epoch: 34, training loss is 0.2636 ---------
2026-03-02 13:21:23,133 - INFO: Epoch: [35][  0/251]	Time 0.298 (0.298)	Data 0.183 (0.183)	Loss 2.3888e-01 (2.3888e-01)	lr: 0.000092
2026-03-02 13:21:57,621 - INFO: Epoch: [35][100/251]	Time 0.330 (0.344)	Data 0.172 (0.182)	Loss 2.0373e-01 (2.5432e-01)	lr: 0.000092
2026-03-02 13:22:31,863 - INFO: Epoch: [35][200/251]	Time 0.293 (0.343)	Data 0.168 (0.195)	Loss 3.7913e-01 (2.6476e-01)	lr: 0.000092
2026-03-02 13:22:47,289 - INFO: ----------Epoch: 35, training loss is 0.2651 ---------
2026-03-02 13:22:47,669 - INFO: Epoch: [36][  0/251]	Time 0.379 (0.379)	Data 0.179 (0.179)	Loss 3.4742e-01 (3.4742e-01)	lr: 0.000093
2026-03-02 13:23:22,030 - INFO: Epoch: [36][100/251]	Time 0.287 (0.344)	Data 0.193 (0.210)	Loss 2.8758e-01 (2.5593e-01)	lr: 0.000093
2026-03-02 13:23:55,865 - INFO: Epoch: [36][200/251]	Time 0.307 (0.341)	Data 0.161 (0.195)	Loss 2.6086e-01 (2.5983e-01)	lr: 0.000093
2026-03-02 13:24:14,500 - INFO: ----------Epoch: 36, training loss is 0.2629 ---------
2026-03-02 13:24:14,803 - INFO: Epoch: [37][  0/251]	Time 0.302 (0.302)	Data 0.174 (0.174)	Loss 1.8616e-01 (1.8616e-01)	lr: 0.000095
2026-03-02 13:24:49,217 - INFO: Epoch: [37][100/251]	Time 0.357 (0.344)	Data 0.192 (0.212)	Loss 2.3783e-01 (2.5578e-01)	lr: 0.000095
2026-03-02 13:25:24,434 - INFO: Epoch: [37][200/251]	Time 0.275 (0.348)	Data 0.176 (0.196)	Loss 2.7665e-01 (2.6459e-01)	lr: 0.000095
2026-03-02 13:25:39,863 - INFO: ----------Epoch: 37, training loss is 0.2667 ---------
2026-03-02 13:25:40,139 - INFO: Epoch: [38][  0/251]	Time 0.276 (0.276)	Data 0.179 (0.179)	Loss 1.9759e-01 (1.9759e-01)	lr: 0.000097
2026-03-02 13:26:14,666 - INFO: Epoch: [38][100/251]	Time 0.316 (0.345)	Data 0.172 (0.209)	Loss 2.7569e-01 (2.6470e-01)	lr: 0.000097
2026-03-02 13:26:48,885 - INFO: Epoch: [38][200/251]	Time 0.272 (0.343)	Data 0.180 (0.195)	Loss 2.6404e-01 (2.6954e-01)	lr: 0.000097
2026-03-02 13:27:07,720 - INFO: ----------Epoch: 38, training loss is 0.2705 ---------
2026-03-02 13:27:08,082 - INFO: Epoch: [39][  0/251]	Time 0.361 (0.361)	Data 0.198 (0.198)	Loss 2.9307e-01 (2.9307e-01)	lr: 0.000098
2026-03-02 13:27:42,745 - INFO: Epoch: [39][100/251]	Time 0.345 (0.347)	Data 0.180 (0.208)	Loss 2.6362e-01 (2.6525e-01)	lr: 0.000098
2026-03-02 13:28:17,163 - INFO: Epoch: [39][200/251]	Time 0.313 (0.345)	Data 0.195 (0.195)	Loss 2.9139e-01 (2.7118e-01)	lr: 0.000098
2026-03-02 13:28:34,592 - INFO: ----------Epoch: 39, training loss is 0.2701 ---------
2026-03-02 13:28:34,948 - INFO: Epoch: [40][  0/251]	Time 0.354 (0.354)	Data 0.203 (0.203)	Loss 3.0357e-01 (3.0357e-01)	lr: 0.000100
2026-03-02 13:29:08,177 - INFO: Epoch: [40][100/251]	Time 0.297 (0.333)	Data 0.179 (0.194)	Loss 2.5364e-01 (2.6633e-01)	lr: 0.000100
2026-03-02 13:29:43,679 - INFO: Epoch: [40][200/251]	Time 0.327 (0.344)	Data 0.188 (0.193)	Loss 2.6430e-01 (2.6775e-01)	lr: 0.000100
2026-03-02 13:30:00,505 - INFO: ----------Epoch: 40, training loss is 0.2702 ---------
2026-03-02 13:30:01,914 - INFO: Epoch: [41][  0/251]	Time 0.280 (0.280)	Data 0.173 (0.173)	Loss 2.4066e-01 (2.4066e-01)	lr: 0.000100
2026-03-02 13:30:37,675 - INFO: Epoch: [41][100/251]	Time 0.338 (0.357)	Data 0.175 (0.211)	Loss 2.1862e-01 (2.6740e-01)	lr: 0.000100
2026-03-02 13:31:11,554 - INFO: Epoch: [41][200/251]	Time 0.362 (0.348)	Data 0.185 (0.197)	Loss 2.8241e-01 (2.7265e-01)	lr: 0.000100
2026-03-02 13:31:26,955 - INFO: ----------Epoch: 41, training loss is 0.2732 ---------
2026-03-02 13:31:27,268 - INFO: Epoch: [42][  0/251]	Time 0.312 (0.312)	Data 0.166 (0.166)	Loss 2.9731e-01 (2.9731e-01)	lr: 0.000100
2026-03-02 13:32:01,963 - INFO: Epoch: [42][100/251]	Time 0.338 (0.347)	Data 0.188 (0.205)	Loss 2.2229e-01 (2.6006e-01)	lr: 0.000100
2026-03-02 13:32:36,393 - INFO: Epoch: [42][200/251]	Time 0.346 (0.345)	Data 0.177 (0.204)	Loss 2.2669e-01 (2.7129e-01)	lr: 0.000100
2026-03-02 13:32:55,140 - INFO: ----------Epoch: 42, training loss is 0.2720 ---------
2026-03-02 13:32:55,478 - INFO: Epoch: [43][  0/251]	Time 0.336 (0.336)	Data 0.175 (0.175)	Loss 2.2469e-01 (2.2469e-01)	lr: 0.000100
2026-03-02 13:33:29,736 - INFO: Epoch: [43][100/251]	Time 0.305 (0.343)	Data 0.174 (0.205)	Loss 1.9520e-01 (2.5914e-01)	lr: 0.000100
2026-03-02 13:34:04,363 - INFO: Epoch: [43][200/251]	Time 0.297 (0.344)	Data 0.188 (0.205)	Loss 2.2630e-01 (2.6953e-01)	lr: 0.000100
2026-03-02 13:34:20,201 - INFO: ----------Epoch: 43, training loss is 0.2732 ---------
2026-03-02 13:34:20,480 - INFO: Epoch: [44][  0/251]	Time 0.277 (0.277)	Data 0.181 (0.181)	Loss 2.1587e-01 (2.1587e-01)	lr: 0.000100
2026-03-02 13:34:54,877 - INFO: Epoch: [44][100/251]	Time 0.362 (0.343)	Data 0.205 (0.208)	Loss 2.6454e-01 (2.6881e-01)	lr: 0.000100
2026-03-02 13:35:29,082 - INFO: Epoch: [44][200/251]	Time 0.339 (0.343)	Data 0.196 (0.196)	Loss 2.7073e-01 (2.6835e-01)	lr: 0.000100
2026-03-02 13:35:48,280 - INFO: ----------Epoch: 44, training loss is 0.2728 ---------
2026-03-02 13:35:48,618 - INFO: Epoch: [45][  0/251]	Time 0.337 (0.337)	Data 0.182 (0.182)	Loss 1.9914e-01 (1.9914e-01)	lr: 0.000100
2026-03-02 13:36:23,233 - INFO: Epoch: [45][100/251]	Time 0.286 (0.346)	Data 0.177 (0.181)	Loss 2.3580e-01 (2.5801e-01)	lr: 0.000100
2026-03-02 13:36:57,672 - INFO: Epoch: [45][200/251]	Time 0.271 (0.345)	Data 0.168 (0.195)	Loss 3.9682e-01 (2.6797e-01)	lr: 0.000100
2026-03-02 13:37:13,514 - INFO: ----------Epoch: 45, training loss is 0.2680 ---------
2026-03-02 13:37:13,837 - INFO: Epoch: [46][  0/251]	Time 0.322 (0.322)	Data 0.181 (0.181)	Loss 2.7129e-01 (2.7129e-01)	lr: 0.000100
2026-03-02 13:37:48,194 - INFO: Epoch: [46][100/251]	Time 0.267 (0.343)	Data 0.179 (0.205)	Loss 2.5707e-01 (2.6209e-01)	lr: 0.000100
2026-03-02 13:38:22,526 - INFO: Epoch: [46][200/251]	Time 0.315 (0.343)	Data 0.179 (0.194)	Loss 2.4444e-01 (2.6602e-01)	lr: 0.000100
2026-03-02 13:38:41,372 - INFO: ----------Epoch: 46, training loss is 0.2673 ---------
2026-03-02 13:38:41,668 - INFO: Epoch: [47][  0/251]	Time 0.295 (0.295)	Data 0.175 (0.175)	Loss 3.0594e-01 (3.0594e-01)	lr: 0.000100
2026-03-02 13:39:16,315 - INFO: Epoch: [47][100/251]	Time 0.309 (0.346)	Data 0.184 (0.207)	Loss 2.7627e-01 (2.5334e-01)	lr: 0.000100
2026-03-02 13:39:51,004 - INFO: Epoch: [47][200/251]	Time 0.315 (0.346)	Data 0.165 (0.196)	Loss 2.6597e-01 (2.5934e-01)	lr: 0.000100
2026-03-02 13:40:06,859 - INFO: ----------Epoch: 47, training loss is 0.2615 ---------
2026-03-02 13:40:07,204 - INFO: Epoch: [48][  0/251]	Time 0.344 (0.344)	Data 0.188 (0.188)	Loss 1.8603e-01 (1.8603e-01)	lr: 0.000100
2026-03-02 13:40:41,668 - INFO: Epoch: [48][100/251]	Time 0.387 (0.345)	Data 0.184 (0.204)	Loss 3.2335e-01 (2.5792e-01)	lr: 0.000100
2026-03-02 13:41:16,095 - INFO: Epoch: [48][200/251]	Time 0.387 (0.344)	Data 0.184 (0.194)	Loss 2.4992e-01 (2.6448e-01)	lr: 0.000100
2026-03-02 13:41:34,164 - INFO: ----------Epoch: 48, training loss is 0.2653 ---------
2026-03-02 13:41:34,454 - INFO: Epoch: [49][  0/251]	Time 0.289 (0.289)	Data 0.174 (0.174)	Loss 2.1960e-01 (2.1960e-01)	lr: 0.000100
2026-03-02 13:42:08,970 - INFO: Epoch: [49][100/251]	Time 0.311 (0.345)	Data 0.181 (0.206)	Loss 2.3310e-01 (2.5667e-01)	lr: 0.000100
2026-03-02 13:42:43,454 - INFO: Epoch: [49][200/251]	Time 0.298 (0.345)	Data 0.177 (0.195)	Loss 1.6955e-01 (2.6090e-01)	lr: 0.000100
2026-03-02 13:42:59,459 - INFO: ----------Epoch: 49, training loss is 0.2646 ---------
2026-03-02 13:42:59,781 - INFO: Epoch: [50][  0/251]	Time 0.320 (0.320)	Data 0.181 (0.181)	Loss 2.1118e-01 (2.1118e-01)	lr: 0.000100
2026-03-02 13:43:34,300 - INFO: Epoch: [50][100/251]	Time 0.310 (0.345)	Data 0.170 (0.182)	Loss 2.4229e-01 (2.5659e-01)	lr: 0.000100
2026-03-02 13:44:08,718 - INFO: Epoch: [50][200/251]	Time 0.371 (0.345)	Data 0.204 (0.183)	Loss 2.8845e-01 (2.6503e-01)	lr: 0.000100
2026-03-02 13:44:27,200 - INFO: ----------Epoch: 50, training loss is 0.2680 ---------
2026-03-02 13:44:27,580 - INFO: Epoch: [51][  0/251]	Time 0.380 (0.380)	Data 0.180 (0.180)	Loss 2.2558e-01 (2.2558e-01)	lr: 0.000100
2026-03-02 13:45:02,127 - INFO: Epoch: [51][100/251]	Time 0.342 (0.346)	Data 0.175 (0.184)	Loss 3.1063e-01 (2.5742e-01)	lr: 0.000100
2026-03-02 13:45:36,297 - INFO: Epoch: [51][200/251]	Time 0.292 (0.344)	Data 0.174 (0.195)	Loss 2.8547e-01 (2.5695e-01)	lr: 0.000100
2026-03-02 13:45:52,445 - INFO: ----------Epoch: 51, training loss is 0.2608 ---------
2026-03-02 13:45:52,780 - INFO: Epoch: [52][  0/251]	Time 0.334 (0.334)	Data 0.191 (0.191)	Loss 2.3491e-01 (2.3491e-01)	lr: 0.000100
2026-03-02 13:46:27,139 - INFO: Epoch: [52][100/251]	Time 0.361 (0.343)	Data 0.202 (0.204)	Loss 2.5881e-01 (2.5689e-01)	lr: 0.000100
2026-03-02 13:47:02,242 - INFO: Epoch: [52][200/251]	Time 0.294 (0.347)	Data 0.181 (0.206)	Loss 2.9461e-01 (2.6374e-01)	lr: 0.000100
2026-03-02 13:47:19,871 - INFO: ----------Epoch: 52, training loss is 0.2667 ---------
2026-03-02 13:47:20,152 - INFO: Epoch: [53][  0/251]	Time 0.279 (0.279)	Data 0.177 (0.177)	Loss 2.5871e-01 (2.5871e-01)	lr: 0.000100
2026-03-02 13:47:54,399 - INFO: Epoch: [53][100/251]	Time 0.265 (0.342)	Data 0.177 (0.202)	Loss 2.2019e-01 (2.5840e-01)	lr: 0.000100
2026-03-02 13:48:28,810 - INFO: Epoch: [53][200/251]	Time 0.298 (0.343)	Data 0.183 (0.205)	Loss 2.9006e-01 (2.6803e-01)	lr: 0.000100
2026-03-02 13:48:44,415 - INFO: ----------Epoch: 53, training loss is 0.2691 ---------
2026-03-02 13:48:44,763 - INFO: Epoch: [54][  0/251]	Time 0.347 (0.347)	Data 0.181 (0.181)	Loss 2.7651e-01 (2.7651e-01)	lr: 0.000100
2026-03-02 13:49:19,035 - INFO: Epoch: [54][100/251]	Time 0.322 (0.343)	Data 0.180 (0.205)	Loss 3.5569e-01 (2.5060e-01)	lr: 0.000100
2026-03-02 13:49:53,132 - INFO: Epoch: [54][200/251]	Time 0.359 (0.342)	Data 0.180 (0.205)	Loss 2.4461e-01 (2.6321e-01)	lr: 0.000100
2026-03-02 13:50:11,765 - INFO: ----------Epoch: 54, training loss is 0.2650 ---------
2026-03-02 13:50:12,097 - INFO: Epoch: [55][  0/251]	Time 0.332 (0.332)	Data 0.179 (0.179)	Loss 2.1077e-01 (2.1077e-01)	lr: 0.000100
2026-03-02 13:50:46,992 - INFO: Epoch: [55][100/251]	Time 0.340 (0.349)	Data 0.178 (0.184)	Loss 3.0992e-01 (2.5618e-01)	lr: 0.000100
2026-03-02 13:51:21,727 - INFO: Epoch: [55][200/251]	Time 0.280 (0.348)	Data 0.182 (0.183)	Loss 4.1060e-01 (2.6181e-01)	lr: 0.000100
2026-03-02 13:51:37,342 - INFO: ----------Epoch: 55, training loss is 0.2647 ---------
2026-03-02 13:51:37,634 - INFO: Epoch: [56][  0/251]	Time 0.291 (0.291)	Data 0.193 (0.193)	Loss 2.0129e-01 (2.0129e-01)	lr: 0.000100
2026-03-02 13:52:14,161 - INFO: Epoch: [56][100/251]	Time 1.650 (0.365)	Data 1.481 (0.203)	Loss 2.6353e-01 (2.5204e-01)	lr: 0.000100
2026-03-02 13:52:45,817 - INFO: Epoch: [56][200/251]	Time 0.369 (0.341)	Data 0.188 (0.193)	Loss 4.9220e-01 (2.6353e-01)	lr: 0.000100
2026-03-02 13:53:04,414 - INFO: ----------Epoch: 56, training loss is 0.2648 ---------
2026-03-02 13:53:04,725 - INFO: Epoch: [57][  0/251]	Time 0.309 (0.309)	Data 0.175 (0.175)	Loss 3.9504e-01 (3.9504e-01)	lr: 0.000100
2026-03-02 13:53:39,596 - INFO: Epoch: [57][100/251]	Time 0.323 (0.348)	Data 0.182 (0.205)	Loss 2.4851e-01 (2.5593e-01)	lr: 0.000100
2026-03-02 13:54:13,649 - INFO: Epoch: [57][200/251]	Time 0.299 (0.344)	Data 0.187 (0.206)	Loss 1.5470e-01 (2.6037e-01)	lr: 0.000100
2026-03-02 13:54:32,467 - INFO: ----------Epoch: 57, training loss is 0.2633 ---------
2026-03-02 13:54:32,826 - INFO: Epoch: [58][  0/251]	Time 0.357 (0.357)	Data 0.198 (0.198)	Loss 2.0408e-01 (2.0408e-01)	lr: 0.000100
2026-03-02 13:55:07,713 - INFO: Epoch: [58][100/251]	Time 0.337 (0.349)	Data 0.210 (0.205)	Loss 2.9005e-01 (2.5648e-01)	lr: 0.000100
2026-03-02 13:55:42,209 - INFO: Epoch: [58][200/251]	Time 0.307 (0.347)	Data 0.183 (0.193)	Loss 2.1780e-01 (2.6248e-01)	lr: 0.000100
2026-03-02 13:55:58,134 - INFO: ----------Epoch: 58, training loss is 0.2655 ---------
2026-03-02 13:55:58,442 - INFO: Epoch: [59][  0/251]	Time 0.307 (0.307)	Data 0.186 (0.186)	Loss 2.4627e-01 (2.4627e-01)	lr: 0.000100
2026-03-02 13:56:33,574 - INFO: Epoch: [59][100/251]	Time 0.307 (0.351)	Data 0.189 (0.184)	Loss 2.4056e-01 (2.6452e-01)	lr: 0.000100
2026-03-02 13:57:08,350 - INFO: Epoch: [59][200/251]	Time 0.351 (0.349)	Data 0.217 (0.196)	Loss 2.3308e-01 (2.6268e-01)	lr: 0.000100
2026-03-02 13:57:24,259 - INFO: ----------Epoch: 59, training loss is 0.2650 ---------
2026-03-02 13:57:24,588 - INFO: Epoch: [60][  0/251]	Time 0.328 (0.328)	Data 0.170 (0.170)	Loss 2.4002e-01 (2.4002e-01)	lr: 0.000100
2026-03-02 13:57:59,709 - INFO: Epoch: [60][100/251]	Time 0.285 (0.351)	Data 0.175 (0.181)	Loss 2.4481e-01 (2.6049e-01)	lr: 0.000100
2026-03-02 13:58:34,046 - INFO: Epoch: [60][200/251]	Time 0.285 (0.347)	Data 0.179 (0.182)	Loss 2.1723e-01 (2.6446e-01)	lr: 0.000100
2026-03-02 13:58:52,049 - INFO: ----------Epoch: 60, training loss is 0.2657 ---------
2026-03-02 13:58:52,380 - INFO: Epoch: [61][  0/251]	Time 0.330 (0.330)	Data 0.211 (0.211)	Loss 1.9063e-01 (1.9063e-01)	lr: 0.000100
2026-03-02 13:59:26,992 - INFO: Epoch: [61][100/251]	Time 0.315 (0.346)	Data 0.184 (0.185)	Loss 2.2820e-01 (2.4649e-01)	lr: 0.000100
2026-03-02 14:00:00,873 - INFO: Epoch: [61][200/251]	Time 2.683 (0.342)	Data 0.184 (0.183)	Loss 2.0235e-01 (2.5656e-01)	lr: 0.000100
2026-03-02 14:00:16,923 - INFO: ----------Epoch: 61, training loss is 0.2604 ---------
2026-03-02 14:00:17,294 - INFO: Epoch: [62][  0/251]	Time 0.370 (0.370)	Data 0.175 (0.175)	Loss 2.3700e-01 (2.3700e-01)	lr: 0.000100
2026-03-02 14:00:52,575 - INFO: Epoch: [62][100/251]	Time 0.358 (0.353)	Data 0.192 (0.211)	Loss 2.3000e-01 (2.5948e-01)	lr: 0.000100
2026-03-02 14:01:26,653 - INFO: Epoch: [62][200/251]	Time 0.312 (0.347)	Data 0.177 (0.197)	Loss 2.5946e-01 (2.6324e-01)	lr: 0.000100
2026-03-02 14:01:45,108 - INFO: ----------Epoch: 62, training loss is 0.2672 ---------
2026-03-02 14:01:45,425 - INFO: Epoch: [63][  0/251]	Time 0.316 (0.316)	Data 0.184 (0.184)	Loss 2.6304e-01 (2.6304e-01)	lr: 0.000100
2026-03-02 14:02:20,756 - INFO: Epoch: [63][100/251]	Time 0.352 (0.353)	Data 0.202 (0.206)	Loss 2.4653e-01 (2.6423e-01)	lr: 0.000100
2026-03-02 14:02:54,936 - INFO: Epoch: [63][200/251]	Time 0.379 (0.347)	Data 0.194 (0.194)	Loss 2.9923e-01 (2.6819e-01)	lr: 0.000100
2026-03-02 14:03:10,862 - INFO: ----------Epoch: 63, training loss is 0.2696 ---------
2026-03-02 14:03:11,149 - INFO: Epoch: [64][  0/251]	Time 0.286 (0.286)	Data 0.176 (0.176)	Loss 3.2683e-01 (3.2683e-01)	lr: 0.000100
2026-03-02 14:03:45,682 - INFO: Epoch: [64][100/251]	Time 0.316 (0.345)	Data 0.176 (0.182)	Loss 2.4270e-01 (2.6463e-01)	lr: 0.000100
2026-03-02 14:04:20,036 - INFO: Epoch: [64][200/251]	Time 0.327 (0.344)	Data 0.178 (0.196)	Loss 2.5084e-01 (2.6959e-01)	lr: 0.000100
2026-03-02 14:04:38,240 - INFO: ----------Epoch: 64, training loss is 0.2708 ---------
2026-03-02 14:04:38,631 - INFO: Epoch: [65][  0/251]	Time 0.390 (0.390)	Data 0.206 (0.206)	Loss 3.1440e-01 (3.1440e-01)	lr: 0.000100
2026-03-02 14:05:13,462 - INFO: Epoch: [65][100/251]	Time 0.315 (0.349)	Data 0.170 (0.185)	Loss 3.4670e-01 (2.5913e-01)	lr: 0.000100
2026-03-02 14:05:47,870 - INFO: Epoch: [65][200/251]	Time 0.330 (0.346)	Data 0.188 (0.196)	Loss 2.3308e-01 (2.7034e-01)	lr: 0.000100
2026-03-02 14:06:03,469 - INFO: ----------Epoch: 65, training loss is 0.2718 ---------
2026-03-02 14:06:03,793 - INFO: Epoch: [66][  0/251]	Time 0.323 (0.323)	Data 0.181 (0.181)	Loss 2.8655e-01 (2.8655e-01)	lr: 0.000100
2026-03-02 14:06:38,516 - INFO: Epoch: [66][100/251]	Time 0.333 (0.347)	Data 0.179 (0.183)	Loss 3.4199e-01 (2.7362e-01)	lr: 0.000100
2026-03-02 14:07:13,590 - INFO: Epoch: [66][200/251]	Time 0.349 (0.349)	Data 0.184 (0.195)	Loss 3.0003e-01 (2.6874e-01)	lr: 0.000100
2026-03-02 14:07:32,046 - INFO: ----------Epoch: 66, training loss is 0.2687 ---------
2026-03-02 14:07:32,349 - INFO: Epoch: [67][  0/251]	Time 0.301 (0.301)	Data 0.177 (0.177)	Loss 2.8421e-01 (2.8421e-01)	lr: 0.000100
2026-03-02 14:08:07,079 - INFO: Epoch: [67][100/251]	Time 0.329 (0.347)	Data 0.163 (0.183)	Loss 3.1533e-01 (2.6026e-01)	lr: 0.000100
2026-03-02 14:08:41,314 - INFO: Epoch: [67][200/251]	Time 0.295 (0.345)	Data 0.170 (0.183)	Loss 3.2213e-01 (2.7034e-01)	lr: 0.000100
2026-03-02 14:08:57,432 - INFO: ----------Epoch: 67, training loss is 0.2723 ---------
2026-03-02 14:08:57,711 - INFO: Epoch: [68][  0/251]	Time 0.278 (0.278)	Data 0.171 (0.171)	Loss 2.7576e-01 (2.7576e-01)	lr: 0.000100
2026-03-02 14:09:31,610 - INFO: Epoch: [68][100/251]	Time 0.312 (0.338)	Data 0.171 (0.180)	Loss 2.5773e-01 (2.5219e-01)	lr: 0.000100
2026-03-02 14:10:06,856 - INFO: Epoch: [68][200/251]	Time 0.322 (0.345)	Data 0.181 (0.182)	Loss 2.6953e-01 (2.6008e-01)	lr: 0.000100
2026-03-02 14:10:25,324 - INFO: ----------Epoch: 68, training loss is 0.2636 ---------
2026-03-02 14:10:25,658 - INFO: Epoch: [69][  0/251]	Time 0.332 (0.332)	Data 0.194 (0.194)	Loss 3.1509e-01 (3.1509e-01)	lr: 0.000100
2026-03-02 14:11:00,310 - INFO: Epoch: [69][100/251]	Time 3.116 (0.346)	Data 2.965 (0.210)	Loss 2.5389e-01 (2.6396e-01)	lr: 0.000100
2026-03-02 14:11:35,164 - INFO: Epoch: [69][200/251]	Time 3.000 (0.347)	Data 0.226 (0.197)	Loss 2.9760e-01 (2.7087e-01)	lr: 0.000100
2026-03-02 14:11:51,894 - INFO: ----------Epoch: 69, training loss is 0.2719 ---------
2026-03-02 14:11:52,176 - INFO: Epoch: [70][  0/251]	Time 0.281 (0.281)	Data 0.177 (0.177)	Loss 2.6869e-01 (2.6869e-01)	lr: 0.000100
2026-03-02 14:12:26,452 - INFO: Epoch: [70][100/251]	Time 0.320 (0.342)	Data 0.172 (0.205)	Loss 3.4736e-01 (2.6109e-01)	lr: 0.000100
2026-03-02 14:13:01,064 - INFO: Epoch: [70][200/251]	Time 0.308 (0.344)	Data 0.171 (0.193)	Loss 2.1213e-01 (2.6703e-01)	lr: 0.000100
2026-03-02 14:13:16,965 - INFO: ----------Epoch: 70, training loss is 0.2689 ---------
2026-03-02 14:13:20,051 - INFO: Epoch: [71][  0/251]	Time 3.085 (3.085)	Data 2.946 (2.946)	Loss 2.6017e-01 (2.6017e-01)	lr: 0.000100
2026-03-02 14:13:52,057 - INFO: Epoch: [71][100/251]	Time 0.351 (0.347)	Data 0.186 (0.208)	Loss 1.9665e-01 (2.6267e-01)	lr: 0.000100
2026-03-02 14:14:27,128 - INFO: Epoch: [71][200/251]	Time 0.360 (0.349)	Data 0.202 (0.208)	Loss 3.4743e-01 (2.6752e-01)	lr: 0.000100
2026-03-02 14:14:45,508 - INFO: ----------Epoch: 71, training loss is 0.2707 ---------
2026-03-02 14:14:45,845 - INFO: Epoch: [72][  0/251]	Time 0.336 (0.336)	Data 0.174 (0.174)	Loss 2.4641e-01 (2.4641e-01)	lr: 0.000100
2026-03-02 14:15:20,291 - INFO: Epoch: [72][100/251]	Time 0.294 (0.344)	Data 0.189 (0.210)	Loss 2.0733e-01 (2.6205e-01)	lr: 0.000100
2026-03-02 14:15:54,988 - INFO: Epoch: [72][200/251]	Time 0.310 (0.346)	Data 0.182 (0.195)	Loss 3.3224e-01 (2.6557e-01)	lr: 0.000100
2026-03-02 14:16:10,213 - INFO: ----------Epoch: 72, training loss is 0.2689 ---------
2026-03-02 14:16:10,524 - INFO: Epoch: [73][  0/251]	Time 0.309 (0.309)	Data 0.179 (0.179)	Loss 2.4032e-01 (2.4032e-01)	lr: 0.000100
2026-03-02 14:16:44,667 - INFO: Epoch: [73][100/251]	Time 0.336 (0.341)	Data 0.207 (0.181)	Loss 2.0800e-01 (2.6868e-01)	lr: 0.000100
2026-03-02 14:17:22,608 - INFO: Epoch: [73][200/251]	Time 0.297 (0.360)	Data 0.186 (0.190)	Loss 2.3946e-01 (2.6885e-01)	lr: 0.000100
2026-03-02 14:17:39,324 - INFO: ----------Epoch: 73, training loss is 0.2698 ---------
2026-03-02 14:17:39,627 - INFO: Epoch: [74][  0/251]	Time 0.302 (0.302)	Data 0.195 (0.195)	Loss 2.4421e-01 (2.4421e-01)	lr: 0.000100
2026-03-02 14:18:14,029 - INFO: Epoch: [74][100/251]	Time 0.364 (0.344)	Data 0.189 (0.187)	Loss 3.1812e-01 (2.5542e-01)	lr: 0.000100
2026-03-02 14:18:48,478 - INFO: Epoch: [74][200/251]	Time 0.369 (0.344)	Data 0.192 (0.197)	Loss 3.3158e-01 (2.6691e-01)	lr: 0.000100
2026-03-02 14:19:04,221 - INFO: ----------Epoch: 74, training loss is 0.2660 ---------
2026-03-02 14:19:04,547 - INFO: Epoch: [75][  0/251]	Time 0.325 (0.325)	Data 0.175 (0.175)	Loss 2.6345e-01 (2.6345e-01)	lr: 0.000100
2026-03-02 14:19:38,682 - INFO: Epoch: [75][100/251]	Time 0.269 (0.341)	Data 0.173 (0.203)	Loss 2.0393e-01 (2.5748e-01)	lr: 0.000100
2026-03-02 14:20:13,272 - INFO: Epoch: [75][200/251]	Time 0.298 (0.344)	Data 0.183 (0.205)	Loss 2.6936e-01 (2.6710e-01)	lr: 0.000100
2026-03-02 14:20:30,090 - INFO: ----------Epoch: 75, training loss is 0.2690 ---------
2026-03-02 14:20:30,468 - INFO: Epoch: [76][  0/251]	Time 0.376 (0.376)	Data 0.189 (0.189)	Loss 2.8753e-01 (2.8753e-01)	lr: 0.000100
2026-03-02 14:21:06,961 - INFO: Epoch: [76][100/251]	Time 0.357 (0.365)	Data 0.203 (0.214)	Loss 2.4900e-01 (2.6249e-01)	lr: 0.000100
2026-03-02 14:21:41,295 - INFO: Epoch: [76][200/251]	Time 0.307 (0.354)	Data 0.181 (0.206)	Loss 2.8629e-01 (2.7279e-01)	lr: 0.000100
2026-03-02 14:21:57,105 - INFO: ----------Epoch: 76, training loss is 0.2749 ---------
2026-03-02 14:21:57,490 - INFO: Epoch: [77][  0/251]	Time 0.384 (0.384)	Data 0.189 (0.189)	Loss 2.6698e-01 (2.6698e-01)	lr: 0.000100
2026-03-02 14:22:34,451 - INFO: Epoch: [77][100/251]	Time 0.337 (0.370)	Data 0.211 (0.200)	Loss 2.6873e-01 (2.6350e-01)	lr: 0.000100
2026-03-02 14:23:08,140 - INFO: Epoch: [77][200/251]	Time 0.337 (0.353)	Data 0.200 (0.199)	Loss 2.4421e-01 (2.6887e-01)	lr: 0.000100
2026-03-02 14:23:26,683 - INFO: ----------Epoch: 77, training loss is 0.2731 ---------
2026-03-02 14:23:27,024 - INFO: Epoch: [78][  0/251]	Time 0.340 (0.340)	Data 0.206 (0.206)	Loss 2.4470e-01 (2.4470e-01)	lr: 0.000100
2026-03-02 14:24:01,435 - INFO: Epoch: [78][100/251]	Time 0.315 (0.344)	Data 0.185 (0.203)	Loss 2.8360e-01 (2.7297e-01)	lr: 0.000100
2026-03-02 14:24:36,300 - INFO: Epoch: [78][200/251]	Time 0.303 (0.346)	Data 0.175 (0.195)	Loss 2.2799e-01 (2.7225e-01)	lr: 0.000100
2026-03-02 14:24:52,266 - INFO: ----------Epoch: 78, training loss is 0.2731 ---------
2026-03-02 14:24:52,576 - INFO: Epoch: [79][  0/251]	Time 0.309 (0.309)	Data 0.187 (0.187)	Loss 3.2475e-01 (3.2475e-01)	lr: 0.000100
2026-03-02 14:25:26,317 - INFO: Epoch: [79][100/251]	Time 0.343 (0.337)	Data 0.212 (0.181)	Loss 1.9941e-01 (2.6494e-01)	lr: 0.000100
2026-03-02 14:26:01,441 - INFO: Epoch: [79][200/251]	Time 0.391 (0.344)	Data 0.187 (0.183)	Loss 2.8185e-01 (2.7112e-01)	lr: 0.000100
2026-03-02 14:26:20,012 - INFO: ----------Epoch: 79, training loss is 0.2749 ---------
2026-03-02 14:26:20,300 - INFO: Epoch: [80][  0/251]	Time 0.287 (0.287)	Data 0.169 (0.169)	Loss 3.3677e-01 (3.3677e-01)	lr: 0.000100
2026-03-02 14:26:54,648 - INFO: Epoch: [80][100/251]	Time 0.277 (0.343)	Data 0.171 (0.182)	Loss 2.5291e-01 (2.7022e-01)	lr: 0.000100
2026-03-02 14:27:29,437 - INFO: Epoch: [80][200/251]	Time 0.306 (0.345)	Data 0.186 (0.194)	Loss 3.1977e-01 (2.7763e-01)	lr: 0.000100
2026-03-02 14:27:45,522 - INFO: ----------Epoch: 80, training loss is 0.2774 ---------
2026-03-02 14:27:46,988 - INFO: Epoch: [81][  0/251]	Time 0.308 (0.308)	Data 0.170 (0.170)	Loss 2.2205e-01 (2.2205e-01)	lr: 0.000100
2026-03-02 14:28:21,801 - INFO: Epoch: [81][100/251]	Time 0.305 (0.348)	Data 0.179 (0.184)	Loss 3.4640e-01 (2.7829e-01)	lr: 0.000100
2026-03-02 14:28:56,568 - INFO: Epoch: [81][200/251]	Time 0.368 (0.348)	Data 0.182 (0.184)	Loss 3.8169e-01 (2.7760e-01)	lr: 0.000100
2026-03-02 14:29:14,646 - INFO: ----------Epoch: 81, training loss is 0.2768 ---------
2026-03-02 14:29:14,924 - INFO: Epoch: [82][  0/251]	Time 0.277 (0.277)	Data 0.172 (0.172)	Loss 1.9477e-01 (1.9477e-01)	lr: 0.000100
2026-03-02 14:29:48,811 - INFO: Epoch: [82][100/251]	Time 0.385 (0.338)	Data 0.181 (0.184)	Loss 3.7147e-01 (2.6683e-01)	lr: 0.000100
2026-03-02 14:30:24,025 - INFO: Epoch: [82][200/251]	Time 0.320 (0.345)	Data 0.168 (0.184)	Loss 2.5869e-01 (2.7221e-01)	lr: 0.000100
2026-03-02 14:30:40,027 - INFO: ----------Epoch: 82, training loss is 0.2761 ---------
2026-03-02 14:30:40,333 - INFO: Epoch: [83][  0/251]	Time 0.305 (0.305)	Data 0.182 (0.182)	Loss 2.9853e-01 (2.9853e-01)	lr: 0.000100
2026-03-02 14:31:14,770 - INFO: Epoch: [83][100/251]	Time 0.321 (0.344)	Data 0.190 (0.205)	Loss 3.2259e-01 (2.6920e-01)	lr: 0.000100
2026-03-02 14:31:49,535 - INFO: Epoch: [83][200/251]	Time 0.279 (0.346)	Data 0.187 (0.194)	Loss 2.9055e-01 (2.7339e-01)	lr: 0.000100
2026-03-02 14:32:07,890 - INFO: ----------Epoch: 83, training loss is 0.2771 ---------
2026-03-02 14:32:08,194 - INFO: Epoch: [84][  0/251]	Time 0.302 (0.302)	Data 0.170 (0.170)	Loss 2.8705e-01 (2.8705e-01)	lr: 0.000100
2026-03-02 14:32:42,661 - INFO: Epoch: [84][100/251]	Time 0.295 (0.344)	Data 0.192 (0.205)	Loss 3.0046e-01 (2.7087e-01)	lr: 0.000100
2026-03-02 14:33:18,623 - INFO: Epoch: [84][200/251]	Time 0.354 (0.352)	Data 0.206 (0.198)	Loss 3.1790e-01 (2.7388e-01)	lr: 0.000100
2026-03-02 14:33:34,612 - INFO: ----------Epoch: 84, training loss is 0.2764 ---------
2026-03-02 14:33:34,958 - INFO: Epoch: [85][  0/251]	Time 0.345 (0.345)	Data 0.182 (0.182)	Loss 2.5507e-01 (2.5507e-01)	lr: 0.000100
2026-03-02 14:34:09,135 - INFO: Epoch: [85][100/251]	Time 0.299 (0.342)	Data 0.171 (0.201)	Loss 2.9400e-01 (2.7315e-01)	lr: 0.000100
2026-03-02 14:34:43,388 - INFO: Epoch: [85][200/251]	Time 0.301 (0.342)	Data 0.189 (0.203)	Loss 2.6930e-01 (2.7546e-01)	lr: 0.000100
2026-03-02 14:35:02,472 - INFO: ----------Epoch: 85, training loss is 0.2801 ---------
2026-03-02 14:35:02,791 - INFO: Epoch: [86][  0/251]	Time 0.318 (0.318)	Data 0.187 (0.187)	Loss 3.2523e-01 (3.2523e-01)	lr: 0.000100
2026-03-02 14:35:37,039 - INFO: Epoch: [86][100/251]	Time 0.331 (0.342)	Data 0.186 (0.204)	Loss 2.4311e-01 (2.6245e-01)	lr: 0.000100
2026-03-02 14:36:11,791 - INFO: Epoch: [86][200/251]	Time 0.340 (0.345)	Data 0.195 (0.205)	Loss 2.6632e-01 (2.7045e-01)	lr: 0.000100
2026-03-02 14:36:27,895 - INFO: ----------Epoch: 86, training loss is 0.2740 ---------
2026-03-02 14:36:28,202 - INFO: Epoch: [87][  0/251]	Time 0.305 (0.305)	Data 0.187 (0.187)	Loss 2.6987e-01 (2.6987e-01)	lr: 0.000100
2026-03-02 14:37:02,553 - INFO: Epoch: [87][100/251]	Time 0.290 (0.343)	Data 0.171 (0.183)	Loss 2.7273e-01 (2.7663e-01)	lr: 0.000100
2026-03-02 14:37:37,544 - INFO: Epoch: [87][200/251]	Time 0.383 (0.347)	Data 0.188 (0.194)	Loss 2.7682e-01 (2.7884e-01)	lr: 0.000100
2026-03-02 14:37:55,770 - INFO: ----------Epoch: 87, training loss is 0.2786 ---------
2026-03-02 14:37:56,121 - INFO: Epoch: [88][  0/251]	Time 0.350 (0.350)	Data 0.200 (0.200)	Loss 2.5093e-01 (2.5093e-01)	lr: 0.000100
2026-03-02 14:38:30,989 - INFO: Epoch: [88][100/251]	Time 0.383 (0.349)	Data 0.188 (0.210)	Loss 3.4893e-01 (2.7521e-01)	lr: 0.000100
2026-03-02 14:39:05,995 - INFO: Epoch: [88][200/251]	Time 0.298 (0.349)	Data 0.192 (0.200)	Loss 2.6408e-01 (2.8363e-01)	lr: 0.000100
2026-03-02 14:39:22,466 - INFO: ----------Epoch: 88, training loss is 0.2861 ---------
2026-03-02 14:39:22,796 - INFO: Epoch: [89][  0/251]	Time 0.328 (0.328)	Data 0.180 (0.180)	Loss 2.8675e-01 (2.8675e-01)	lr: 0.000100
2026-03-02 14:39:57,178 - INFO: Epoch: [89][100/251]	Time 0.344 (0.344)	Data 0.187 (0.185)	Loss 3.7395e-01 (2.8177e-01)	lr: 0.000100
2026-03-02 14:40:31,632 - INFO: Epoch: [89][200/251]	Time 0.350 (0.344)	Data 0.188 (0.193)	Loss 3.8678e-01 (2.8696e-01)	lr: 0.000100
2026-03-02 14:40:49,619 - INFO: ----------Epoch: 89, training loss is 0.2868 ---------
2026-03-02 14:40:49,923 - INFO: Epoch: [90][  0/251]	Time 0.303 (0.303)	Data 0.185 (0.185)	Loss 2.2817e-01 (2.2817e-01)	lr: 0.000100
2026-03-02 14:41:24,352 - INFO: Epoch: [90][100/251]	Time 0.303 (0.344)	Data 0.180 (0.184)	Loss 2.5339e-01 (2.7794e-01)	lr: 0.000100
2026-03-02 14:41:58,382 - INFO: Epoch: [90][200/251]	Time 0.404 (0.342)	Data 0.194 (0.183)	Loss 3.5959e-01 (2.7582e-01)	lr: 0.000100
2026-03-02 14:42:14,447 - INFO: ----------Epoch: 90, training loss is 0.2780 ---------
2026-03-02 14:42:14,814 - INFO: Epoch: [91][  0/251]	Time 0.366 (0.366)	Data 0.185 (0.185)	Loss 2.4408e-01 (2.4408e-01)	lr: 0.000100
2026-03-02 14:42:50,170 - INFO: Epoch: [91][100/251]	Time 0.357 (0.354)	Data 0.204 (0.207)	Loss 2.7616e-01 (2.7614e-01)	lr: 0.000100
2026-03-02 14:43:24,648 - INFO: Epoch: [91][200/251]	Time 0.327 (0.349)	Data 0.180 (0.206)	Loss 2.3492e-01 (2.8181e-01)	lr: 0.000100
2026-03-02 14:43:42,619 - INFO: ----------Epoch: 91, training loss is 0.2853 ---------
2026-03-02 14:43:42,928 - INFO: Epoch: [92][  0/251]	Time 0.308 (0.308)	Data 0.193 (0.193)	Loss 2.8061e-01 (2.8061e-01)	lr: 0.000100
2026-03-02 14:44:17,803 - INFO: Epoch: [92][100/251]	Time 0.323 (0.348)	Data 0.177 (0.186)	Loss 3.0826e-01 (2.8144e-01)	lr: 0.000100
2026-03-02 14:44:52,203 - INFO: Epoch: [92][200/251]	Time 0.282 (0.346)	Data 0.183 (0.194)	Loss 3.5114e-01 (2.8530e-01)	lr: 0.000100
2026-03-02 14:45:08,896 - INFO: ----------Epoch: 92, training loss is 0.2858 ---------
2026-03-02 14:45:09,258 - INFO: Epoch: [93][  0/251]	Time 0.362 (0.362)	Data 0.185 (0.185)	Loss 2.2867e-01 (2.2867e-01)	lr: 0.000100
2026-03-02 14:45:42,124 - INFO: Epoch: [93][100/251]	Time 0.321 (0.329)	Data 0.177 (0.192)	Loss 2.5673e-01 (2.7280e-01)	lr: 0.000100
2026-03-02 14:46:18,440 - INFO: Epoch: [93][200/251]	Time 0.294 (0.346)	Data 0.178 (0.189)	Loss 3.2697e-01 (2.8049e-01)	lr: 0.000100
2026-03-02 14:46:36,564 - INFO: ----------Epoch: 93, training loss is 0.2838 ---------
2026-03-02 14:46:36,912 - INFO: Epoch: [94][  0/251]	Time 0.347 (0.347)	Data 0.178 (0.178)	Loss 2.8730e-01 (2.8730e-01)	lr: 0.000100
2026-03-02 14:47:11,515 - INFO: Epoch: [94][100/251]	Time 0.333 (0.346)	Data 0.174 (0.180)	Loss 2.6931e-01 (2.7785e-01)	lr: 0.000100
2026-03-02 14:47:46,315 - INFO: Epoch: [94][200/251]	Time 0.282 (0.347)	Data 0.193 (0.195)	Loss 1.9207e-01 (2.8193e-01)	lr: 0.000100
2026-03-02 14:48:01,754 - INFO: ----------Epoch: 94, training loss is 0.2880 ---------
2026-03-02 14:48:02,040 - INFO: Epoch: [95][  0/251]	Time 0.284 (0.284)	Data 0.170 (0.170)	Loss 2.0184e-01 (2.0184e-01)	lr: 0.000100
2026-03-02 14:48:37,615 - INFO: Epoch: [95][100/251]	Time 0.325 (0.355)	Data 0.176 (0.181)	Loss 4.2836e-01 (2.8315e-01)	lr: 0.000100
2026-03-02 14:49:11,888 - INFO: Epoch: [95][200/251]	Time 0.343 (0.349)	Data 0.184 (0.182)	Loss 3.4662e-01 (2.8825e-01)	lr: 0.000100
2026-03-02 14:49:30,577 - INFO: ----------Epoch: 95, training loss is 0.2903 ---------
2026-03-02 14:49:30,852 - INFO: Epoch: [96][  0/251]	Time 0.274 (0.274)	Data 0.169 (0.169)	Loss 2.5798e-01 (2.5798e-01)	lr: 0.000100
2026-03-02 14:50:05,166 - INFO: Epoch: [96][100/251]	Time 0.297 (0.342)	Data 0.175 (0.209)	Loss 3.3519e-01 (2.8676e-01)	lr: 0.000100
2026-03-02 14:50:40,083 - INFO: Epoch: [96][200/251]	Time 0.306 (0.346)	Data 0.167 (0.196)	Loss 2.7119e-01 (2.8935e-01)	lr: 0.000100
2026-03-02 14:50:55,413 - INFO: ----------Epoch: 96, training loss is 0.2922 ---------
2026-03-02 14:50:55,755 - INFO: Epoch: [97][  0/251]	Time 0.341 (0.341)	Data 0.187 (0.187)	Loss 3.6494e-01 (3.6494e-01)	lr: 0.000100
2026-03-02 14:51:30,387 - INFO: Epoch: [97][100/251]	Time 0.310 (0.346)	Data 0.182 (0.207)	Loss 3.2311e-01 (2.8227e-01)	lr: 0.000100
2026-03-02 14:52:05,044 - INFO: Epoch: [97][200/251]	Time 0.357 (0.346)	Data 0.204 (0.193)	Loss 2.6587e-01 (2.8862e-01)	lr: 0.000100
2026-03-02 14:52:24,333 - INFO: ----------Epoch: 97, training loss is 0.2911 ---------
2026-03-02 14:52:24,633 - INFO: Epoch: [98][  0/251]	Time 0.298 (0.298)	Data 0.192 (0.192)	Loss 1.4465e-01 (1.4465e-01)	lr: 0.000100
2026-03-02 14:52:59,243 - INFO: Epoch: [98][100/251]	Time 0.319 (0.346)	Data 0.196 (0.180)	Loss 3.0183e-01 (2.9386e-01)	lr: 0.000100
2026-03-02 14:53:33,747 - INFO: Epoch: [98][200/251]	Time 0.312 (0.345)	Data 0.169 (0.194)	Loss 3.0342e-01 (2.9316e-01)	lr: 0.000100
2026-03-02 14:53:49,517 - INFO: ----------Epoch: 98, training loss is 0.2966 ---------
2026-03-02 14:53:49,785 - INFO: Epoch: [99][  0/251]	Time 0.267 (0.267)	Data 0.176 (0.176)	Loss 2.6077e-01 (2.6077e-01)	lr: 0.000100
2026-03-02 14:54:24,833 - INFO: Epoch: [99][100/251]	Time 0.374 (0.350)	Data 0.210 (0.208)	Loss 3.4066e-01 (2.9225e-01)	lr: 0.000100
2026-03-02 14:54:59,163 - INFO: Epoch: [99][200/251]	Time 0.346 (0.346)	Data 0.197 (0.194)	Loss 3.2690e-01 (2.9026e-01)	lr: 0.000100
2026-03-02 14:55:17,628 - INFO: ----------Epoch: 99, training loss is 0.2922 ---------
2026-03-02 14:55:17,914 - INFO: Epoch: [100][  0/251]	Time 0.286 (0.286)	Data 0.178 (0.178)	Loss 3.0372e-01 (3.0372e-01)	lr: 0.000100
2026-03-02 14:55:52,953 - INFO: Epoch: [100][100/251]	Time 0.319 (0.350)	Data 0.179 (0.182)	Loss 3.9085e-01 (2.8580e-01)	lr: 0.000100
2026-03-02 14:56:27,287 - INFO: Epoch: [100][200/251]	Time 0.322 (0.347)	Data 0.180 (0.195)	Loss 2.4964e-01 (2.9288e-01)	lr: 0.000100
2026-03-02 14:56:42,952 - INFO: ----------Epoch:100, training loss is 0.2935 ---------
2026-03-02 14:56:43,289 - INFO: Epoch: [101][  0/251]	Time 0.336 (0.336)	Data 0.190 (0.190)	Loss 3.4285e-01 (3.4285e-01)	lr: 0.000100
2026-03-02 14:57:17,686 - INFO: Epoch: [101][100/251]	Time 0.299 (0.344)	Data 0.175 (0.182)	Loss 2.8881e-01 (2.9288e-01)	lr: 0.000100
2026-03-02 14:57:52,567 - INFO: Epoch: [101][200/251]	Time 0.309 (0.346)	Data 0.172 (0.197)	Loss 2.3534e-01 (2.9011e-01)	lr: 0.000100
2026-03-02 14:58:10,964 - INFO: ----------Epoch:101, training loss is 0.2904 ---------
2026-03-02 14:58:11,284 - INFO: Epoch: [102][  0/251]	Time 0.319 (0.319)	Data 0.185 (0.185)	Loss 2.6718e-01 (2.6718e-01)	lr: 0.000100
2026-03-02 14:58:46,168 - INFO: Epoch: [102][100/251]	Time 0.372 (0.349)	Data 0.176 (0.206)	Loss 4.2190e-01 (2.7852e-01)	lr: 0.000100
2026-03-02 14:59:20,727 - INFO: Epoch: [102][200/251]	Time 0.315 (0.347)	Data 0.182 (0.195)	Loss 2.2654e-01 (2.8743e-01)	lr: 0.000100
2026-03-02 14:59:36,214 - INFO: ----------Epoch:102, training loss is 0.2895 ---------
2026-03-02 14:59:36,578 - INFO: Epoch: [103][  0/251]	Time 0.363 (0.363)	Data 0.185 (0.185)	Loss 2.6611e-01 (2.6611e-01)	lr: 0.000100
2026-03-02 15:00:11,524 - INFO: Epoch: [103][100/251]	Time 0.369 (0.350)	Data 0.180 (0.183)	Loss 2.8695e-01 (2.8579e-01)	lr: 0.000100
2026-03-02 15:00:45,941 - INFO: Epoch: [103][200/251]	Time 0.302 (0.347)	Data 0.176 (0.182)	Loss 2.6673e-01 (2.8967e-01)	lr: 0.000100
2026-03-02 15:01:04,368 - INFO: ----------Epoch:103, training loss is 0.2927 ---------
2026-03-02 15:01:04,673 - INFO: Epoch: [104][  0/251]	Time 0.304 (0.304)	Data 0.170 (0.170)	Loss 2.6919e-01 (2.6919e-01)	lr: 0.000100
2026-03-02 15:01:39,980 - INFO: Epoch: [104][100/251]	Time 0.291 (0.353)	Data 0.188 (0.208)	Loss 2.6059e-01 (2.9412e-01)	lr: 0.000100
2026-03-02 15:02:14,135 - INFO: Epoch: [104][200/251]	Time 0.288 (0.347)	Data 0.180 (0.208)	Loss 2.4862e-01 (2.9406e-01)	lr: 0.000100
2026-03-02 15:02:29,905 - INFO: ----------Epoch:104, training loss is 0.2957 ---------
2026-03-02 15:02:30,209 - INFO: Epoch: [105][  0/251]	Time 0.303 (0.303)	Data 0.173 (0.173)	Loss 2.8896e-01 (2.8896e-01)	lr: 0.000100
2026-03-02 15:03:05,205 - INFO: Epoch: [105][100/251]	Time 0.343 (0.349)	Data 0.169 (0.209)	Loss 2.9603e-01 (2.9359e-01)	lr: 0.000100
2026-03-02 15:03:39,995 - INFO: Epoch: [105][200/251]	Time 0.360 (0.349)	Data 0.184 (0.209)	Loss 2.9655e-01 (2.9172e-01)	lr: 0.000100
2026-03-02 15:03:58,525 - INFO: ----------Epoch:105, training loss is 0.2931 ---------
2026-03-02 15:03:58,847 - INFO: Epoch: [106][  0/251]	Time 0.321 (0.321)	Data 0.183 (0.183)	Loss 2.1002e-01 (2.1002e-01)	lr: 0.000100
2026-03-02 15:04:33,520 - INFO: Epoch: [106][100/251]	Time 0.343 (0.346)	Data 0.199 (0.184)	Loss 3.0322e-01 (2.8879e-01)	lr: 0.000100
2026-03-02 15:05:07,952 - INFO: Epoch: [106][200/251]	Time 0.303 (0.345)	Data 0.177 (0.196)	Loss 2.9266e-01 (2.9258e-01)	lr: 0.000100
2026-03-02 15:05:23,603 - INFO: ----------Epoch:106, training loss is 0.2963 ---------
2026-03-02 15:05:23,930 - INFO: Epoch: [107][  0/251]	Time 0.326 (0.326)	Data 0.166 (0.166)	Loss 2.9182e-01 (2.9182e-01)	lr: 0.000100
2026-03-02 15:05:59,621 - INFO: Epoch: [107][100/251]	Time 0.331 (0.357)	Data 0.188 (0.182)	Loss 2.8350e-01 (3.0080e-01)	lr: 0.000100
2026-03-02 15:06:33,940 - INFO: Epoch: [107][200/251]	Time 0.300 (0.350)	Data 0.170 (0.195)	Loss 2.5800e-01 (2.9755e-01)	lr: 0.000100
2026-03-02 15:06:52,835 - INFO: ----------Epoch:107, training loss is 0.2995 ---------
2026-03-02 15:06:53,128 - INFO: Epoch: [108][  0/251]	Time 0.292 (0.292)	Data 0.181 (0.181)	Loss 3.4775e-01 (3.4775e-01)	lr: 0.000100
2026-03-02 15:07:27,793 - INFO: Epoch: [108][100/251]	Time 0.316 (0.346)	Data 0.177 (0.179)	Loss 2.8264e-01 (2.8888e-01)	lr: 0.000100
2026-03-02 15:08:02,704 - INFO: Epoch: [108][200/251]	Time 0.307 (0.348)	Data 0.174 (0.181)	Loss 2.6129e-01 (2.9681e-01)	lr: 0.000100
2026-03-02 15:08:17,727 - INFO: ----------Epoch:108, training loss is 0.3013 ---------
2026-03-02 15:08:18,057 - INFO: Epoch: [109][  0/251]	Time 0.329 (0.329)	Data 0.177 (0.177)	Loss 2.5638e-01 (2.5638e-01)	lr: 0.000100
2026-03-02 15:08:52,511 - INFO: Epoch: [109][100/251]	Time 0.368 (0.344)	Data 0.192 (0.208)	Loss 2.3601e-01 (2.9373e-01)	lr: 0.000100
2026-03-02 15:09:27,489 - INFO: Epoch: [109][200/251]	Time 0.332 (0.347)	Data 0.185 (0.208)	Loss 2.9034e-01 (3.0029e-01)	lr: 0.000100
2026-03-02 15:09:46,338 - INFO: ----------Epoch:109, training loss is 0.2990 ---------
2026-03-02 15:09:46,721 - INFO: Epoch: [110][  0/251]	Time 0.382 (0.382)	Data 0.189 (0.189)	Loss 3.0437e-01 (3.0437e-01)	lr: 0.000100
2026-03-02 15:10:21,879 - INFO: Epoch: [110][100/251]	Time 0.304 (0.352)	Data 0.179 (0.208)	Loss 2.8056e-01 (2.9449e-01)	lr: 0.000100
2026-03-02 15:10:56,934 - INFO: Epoch: [110][200/251]	Time 0.267 (0.351)	Data 0.170 (0.209)	Loss 4.6257e-01 (3.0015e-01)	lr: 0.000100
2026-03-02 15:11:12,081 - INFO: ----------Epoch:110, training loss is 0.3006 ---------
2026-03-02 15:11:12,394 - INFO: Epoch: [111][  0/251]	Time 0.312 (0.312)	Data 0.187 (0.187)	Loss 3.1801e-01 (3.1801e-01)	lr: 0.000100
2026-03-02 15:11:47,198 - INFO: Epoch: [111][100/251]	Time 0.322 (0.348)	Data 0.179 (0.180)	Loss 2.8399e-01 (3.0331e-01)	lr: 0.000100
2026-03-02 15:12:21,756 - INFO: Epoch: [111][200/251]	Time 0.285 (0.347)	Data 0.169 (0.195)	Loss 3.6332e-01 (3.0599e-01)	lr: 0.000100
2026-03-02 15:12:40,445 - INFO: ----------Epoch:111, training loss is 0.3052 ---------
2026-03-02 15:12:40,758 - INFO: Epoch: [112][  0/251]	Time 0.311 (0.311)	Data 0.190 (0.190)	Loss 2.8358e-01 (2.8358e-01)	lr: 0.000100
2026-03-02 15:13:16,129 - INFO: Epoch: [112][100/251]	Time 0.305 (0.353)	Data 0.182 (0.215)	Loss 3.3176e-01 (2.9131e-01)	lr: 0.000100
2026-03-02 15:13:50,895 - INFO: Epoch: [112][200/251]	Time 0.446 (0.350)	Data 0.195 (0.212)	Loss 3.6535e-01 (2.9831e-01)	lr: 0.000100
2026-03-02 15:14:06,651 - INFO: ----------Epoch:112, training loss is 0.3011 ---------
2026-03-02 15:14:06,931 - INFO: Epoch: [113][  0/251]	Time 0.279 (0.279)	Data 0.155 (0.155)	Loss 2.7882e-01 (2.7882e-01)	lr: 0.000100
2026-03-02 15:14:41,183 - INFO: Epoch: [113][100/251]	Time 0.298 (0.342)	Data 0.186 (0.207)	Loss 2.8557e-01 (2.9161e-01)	lr: 0.000100
2026-03-02 15:15:16,771 - INFO: Epoch: [113][200/251]	Time 0.272 (0.349)	Data 0.184 (0.195)	Loss 2.4179e-01 (3.0140e-01)	lr: 0.000100
2026-03-02 15:15:34,813 - INFO: ----------Epoch:113, training loss is 0.3027 ---------
2026-03-02 15:15:35,132 - INFO: Epoch: [114][  0/251]	Time 0.318 (0.318)	Data 0.176 (0.176)	Loss 2.7691e-01 (2.7691e-01)	lr: 0.000100
2026-03-02 15:16:09,663 - INFO: Epoch: [114][100/251]	Time 0.353 (0.345)	Data 0.186 (0.177)	Loss 3.4500e-01 (2.9762e-01)	lr: 0.000100
2026-03-02 15:16:44,600 - INFO: Epoch: [114][200/251]	Time 0.437 (0.347)	Data 0.214 (0.179)	Loss 3.0000e-01 (3.0195e-01)	lr: 0.000100
2026-03-02 15:17:00,573 - INFO: ----------Epoch:114, training loss is 0.3032 ---------
2026-03-02 15:17:00,905 - INFO: Epoch: [115][  0/251]	Time 0.331 (0.331)	Data 0.192 (0.192)	Loss 2.8670e-01 (2.8670e-01)	lr: 0.000100
2026-03-02 15:17:35,737 - INFO: Epoch: [115][100/251]	Time 0.435 (0.348)	Data 0.170 (0.178)	Loss 4.4869e-01 (3.0685e-01)	lr: 0.000100
2026-03-02 15:18:10,079 - INFO: Epoch: [115][200/251]	Time 0.282 (0.346)	Data 0.178 (0.193)	Loss 2.7251e-01 (3.0602e-01)	lr: 0.000100
2026-03-02 15:18:25,705 - INFO: ----------Epoch:115, training loss is 0.3089 ---------
2026-03-02 15:18:26,360 - INFO: Epoch: [116][  0/251]	Time 0.653 (0.653)	Data 0.192 (0.192)	Loss 4.1726e-01 (4.1726e-01)	lr: 0.000100
2026-03-02 15:19:02,668 - INFO: Epoch: [116][100/251]	Time 0.338 (0.366)	Data 0.180 (0.218)	Loss 1.6737e-01 (3.0611e-01)	lr: 0.000100
2026-03-02 15:19:37,531 - INFO: Epoch: [116][200/251]	Time 0.336 (0.357)	Data 0.186 (0.200)	Loss 3.3439e-01 (3.1069e-01)	lr: 0.000100
2026-03-02 15:19:56,361 - INFO: ----------Epoch:116, training loss is 0.3080 ---------
2026-03-02 15:19:56,708 - INFO: Epoch: [117][  0/251]	Time 0.346 (0.346)	Data 0.184 (0.184)	Loss 3.3612e-01 (3.3612e-01)	lr: 0.000100
2026-03-02 15:20:30,950 - INFO: Epoch: [117][100/251]	Time 0.302 (0.342)	Data 0.181 (0.207)	Loss 3.8298e-01 (2.9490e-01)	lr: 0.000100
2026-03-02 15:21:02,500 - INFO: Epoch: [117][200/251]	Time 0.285 (0.329)	Data 0.166 (0.194)	Loss 3.0726e-01 (3.0665e-01)	lr: 0.000100
2026-03-02 15:21:20,920 - INFO: ----------Epoch:117, training loss is 0.3100 ---------
2026-03-02 15:21:21,240 - INFO: Epoch: [118][  0/251]	Time 0.319 (0.319)	Data 0.182 (0.182)	Loss 2.0930e-01 (2.0930e-01)	lr: 0.000100
2026-03-02 15:21:55,724 - INFO: Epoch: [118][100/251]	Time 0.374 (0.345)	Data 0.179 (0.181)	Loss 3.6929e-01 (3.0496e-01)	lr: 0.000100
2026-03-02 15:22:30,457 - INFO: Epoch: [118][200/251]	Time 0.298 (0.346)	Data 0.180 (0.194)	Loss 3.4468e-01 (3.0798e-01)	lr: 0.000100
2026-03-02 15:22:46,273 - INFO: ----------Epoch:118, training loss is 0.3105 ---------
2026-03-02 15:22:46,537 - INFO: Epoch: [119][  0/251]	Time 0.264 (0.264)	Data 0.168 (0.168)	Loss 2.3516e-01 (2.3516e-01)	lr: 0.000100
2026-03-02 15:23:21,218 - INFO: Epoch: [119][100/251]	Time 0.313 (0.346)	Data 0.179 (0.179)	Loss 3.1625e-01 (3.0058e-01)	lr: 0.000100
2026-03-02 15:23:55,891 - INFO: Epoch: [119][200/251]	Time 0.295 (0.346)	Data 0.185 (0.193)	Loss 2.6427e-01 (3.0036e-01)	lr: 0.000100
2026-03-02 15:24:14,401 - INFO: ----------Epoch:119, training loss is 0.3030 ---------
2026-03-02 15:24:14,681 - INFO: Epoch: [120][  0/251]	Time 0.279 (0.279)	Data 0.174 (0.174)	Loss 2.6115e-01 (2.6115e-01)	lr: 0.000100
2026-03-02 15:24:46,320 - INFO: Epoch: [120][100/251]	Time 0.317 (0.316)	Data 0.180 (0.181)	Loss 2.6259e-01 (3.0274e-01)	lr: 0.000100
2026-03-02 15:25:21,673 - INFO: Epoch: [120][200/251]	Time 0.374 (0.335)	Data 0.181 (0.181)	Loss 3.1806e-01 (3.0941e-01)	lr: 0.000100
2026-03-02 15:25:40,348 - INFO: ----------Epoch:120, training loss is 0.3118 ---------
2026-03-02 15:25:41,813 - INFO: Epoch: [121][  0/251]	Time 0.324 (0.324)	Data 0.169 (0.169)	Loss 3.1295e-01 (3.1295e-01)	lr: 0.000100
2026-03-02 15:26:16,677 - INFO: Epoch: [121][100/251]	Time 0.289 (0.348)	Data 0.197 (0.208)	Loss 2.9803e-01 (2.9578e-01)	lr: 0.000100
2026-03-02 15:26:51,998 - INFO: Epoch: [121][200/251]	Time 0.308 (0.351)	Data 0.176 (0.207)	Loss 3.1940e-01 (3.0725e-01)	lr: 0.000100
2026-03-02 15:27:08,033 - INFO: ----------Epoch:121, training loss is 0.3059 ---------
2026-03-02 15:27:08,376 - INFO: Epoch: [122][  0/251]	Time 0.342 (0.342)	Data 0.179 (0.179)	Loss 2.7070e-01 (2.7070e-01)	lr: 0.000100
2026-03-02 15:27:43,144 - INFO: Epoch: [122][100/251]	Time 0.345 (0.348)	Data 0.172 (0.207)	Loss 2.7412e-01 (3.0826e-01)	lr: 0.000100
2026-03-02 15:28:17,587 - INFO: Epoch: [122][200/251]	Time 0.323 (0.346)	Data 0.180 (0.208)	Loss 2.9208e-01 (3.1241e-01)	lr: 0.000100
2026-03-02 15:28:36,158 - INFO: ----------Epoch:122, training loss is 0.3139 ---------
2026-03-02 15:28:36,440 - INFO: Epoch: [123][  0/251]	Time 0.281 (0.281)	Data 0.175 (0.175)	Loss 3.1193e-01 (3.1193e-01)	lr: 0.000100
2026-03-02 15:29:10,976 - INFO: Epoch: [123][100/251]	Time 0.268 (0.345)	Data 0.174 (0.207)	Loss 3.7467e-01 (3.0336e-01)	lr: 0.000100
2026-03-02 15:29:43,175 - INFO: Epoch: [123][200/251]	Time 0.287 (0.333)	Data 0.178 (0.195)	Loss 2.8541e-01 (3.1394e-01)	lr: 0.000100
2026-03-02 15:30:02,516 - INFO: ----------Epoch:123, training loss is 0.3187 ---------
2026-03-02 15:30:02,823 - INFO: Epoch: [124][  0/251]	Time 0.306 (0.306)	Data 0.170 (0.170)	Loss 2.8110e-01 (2.8110e-01)	lr: 0.000100
2026-03-02 15:30:38,336 - INFO: Epoch: [124][100/251]	Time 0.314 (0.355)	Data 0.191 (0.180)	Loss 3.1561e-01 (3.1184e-01)	lr: 0.000100
2026-03-02 15:31:12,578 - INFO: Epoch: [124][200/251]	Time 0.284 (0.349)	Data 0.188 (0.193)	Loss 4.2791e-01 (3.2079e-01)	lr: 0.000100
2026-03-02 15:31:27,703 - INFO: ----------Epoch:124, training loss is 0.3217 ---------
2026-03-02 15:31:28,034 - INFO: Epoch: [125][  0/251]	Time 0.331 (0.331)	Data 0.178 (0.178)	Loss 3.8302e-01 (3.8302e-01)	lr: 0.000100
2026-03-02 15:32:03,029 - INFO: Epoch: [125][100/251]	Time 0.343 (0.350)	Data 0.208 (0.209)	Loss 3.4713e-01 (3.1280e-01)	lr: 0.000100
2026-03-02 15:32:41,435 - INFO: Epoch: [125][200/251]	Time 0.426 (0.367)	Data 0.215 (0.222)	Loss 2.8570e-01 (3.1433e-01)	lr: 0.000100
2026-03-02 15:32:57,282 - INFO: ----------Epoch:125, training loss is 0.3196 ---------
2026-03-02 15:32:57,644 - INFO: Epoch: [126][  0/251]	Time 0.361 (0.361)	Data 0.185 (0.185)	Loss 2.9268e-01 (2.9268e-01)	lr: 0.000100
2026-03-02 15:33:32,187 - INFO: Epoch: [126][100/251]	Time 0.330 (0.346)	Data 0.183 (0.203)	Loss 3.1004e-01 (3.2203e-01)	lr: 0.000100
2026-03-02 15:34:06,811 - INFO: Epoch: [126][200/251]	Time 0.319 (0.346)	Data 0.174 (0.203)	Loss 3.4719e-01 (3.2275e-01)	lr: 0.000100
2026-03-02 15:34:23,009 - INFO: ----------Epoch:126, training loss is 0.3228 ---------
2026-03-02 15:34:23,320 - INFO: Epoch: [127][  0/251]	Time 0.309 (0.309)	Data 0.183 (0.183)	Loss 4.4170e-01 (4.4170e-01)	lr: 0.000100
2026-03-02 15:34:58,795 - INFO: Epoch: [127][100/251]	Time 0.310 (0.354)	Data 0.179 (0.209)	Loss 3.4837e-01 (3.0406e-01)	lr: 0.000100
2026-03-02 15:35:33,231 - INFO: Epoch: [127][200/251]	Time 0.349 (0.349)	Data 0.180 (0.207)	Loss 3.4498e-01 (3.1001e-01)	lr: 0.000100
2026-03-02 15:35:51,959 - INFO: ----------Epoch:127, training loss is 0.3138 ---------
2026-03-02 15:35:52,290 - INFO: Epoch: [128][  0/251]	Time 0.330 (0.330)	Data 0.173 (0.173)	Loss 2.3509e-01 (2.3509e-01)	lr: 0.000100
2026-03-02 15:36:27,282 - INFO: Epoch: [128][100/251]	Time 0.311 (0.350)	Data 0.190 (0.187)	Loss 3.0558e-01 (3.0708e-01)	lr: 0.000100
2026-03-02 15:37:03,535 - INFO: Epoch: [128][200/251]	Time 0.355 (0.356)	Data 0.212 (0.204)	Loss 2.8256e-01 (3.1353e-01)	lr: 0.000100
2026-03-02 15:37:19,645 - INFO: ----------Epoch:128, training loss is 0.3139 ---------
2026-03-02 15:37:19,988 - INFO: Epoch: [129][  0/251]	Time 0.341 (0.341)	Data 0.175 (0.175)	Loss 2.9914e-01 (2.9914e-01)	lr: 0.000100
2026-03-02 15:37:55,105 - INFO: Epoch: [129][100/251]	Time 0.302 (0.351)	Data 0.191 (0.188)	Loss 1.7284e-01 (3.0376e-01)	lr: 0.000100
2026-03-02 15:38:29,129 - INFO: Epoch: [129][200/251]	Time 0.303 (0.346)	Data 0.170 (0.196)	Loss 3.3730e-01 (3.0943e-01)	lr: 0.000100
2026-03-02 15:38:47,429 - INFO: ----------Epoch:129, training loss is 0.3150 ---------
2026-03-02 15:38:47,748 - INFO: Epoch: [130][  0/251]	Time 0.317 (0.317)	Data 0.180 (0.180)	Loss 2.7647e-01 (2.7647e-01)	lr: 0.000100
2026-03-02 15:39:21,844 - INFO: Epoch: [130][100/251]	Time 0.291 (0.341)	Data 0.173 (0.185)	Loss 2.7826e-01 (3.2120e-01)	lr: 0.000100
2026-03-02 15:39:56,432 - INFO: Epoch: [130][200/251]	Time 0.334 (0.343)	Data 0.195 (0.184)	Loss 2.9493e-01 (3.1951e-01)	lr: 0.000100
2026-03-02 15:40:12,748 - INFO: ----------Epoch:130, training loss is 0.3219 ---------
2026-03-02 15:40:13,122 - INFO: Epoch: [131][  0/251]	Time 0.373 (0.373)	Data 0.188 (0.188)	Loss 2.3883e-01 (2.3883e-01)	lr: 0.000100
2026-03-02 15:40:47,520 - INFO: Epoch: [131][100/251]	Time 0.376 (0.344)	Data 0.171 (0.205)	Loss 3.1612e-01 (3.1293e-01)	lr: 0.000100
2026-03-02 15:41:21,844 - INFO: Epoch: [131][200/251]	Time 0.321 (0.344)	Data 0.169 (0.204)	Loss 4.6445e-01 (3.1780e-01)	lr: 0.000100
2026-03-02 15:41:39,956 - INFO: ----------Epoch:131, training loss is 0.3186 ---------
2026-03-02 15:41:40,307 - INFO: Epoch: [132][  0/251]	Time 0.351 (0.351)	Data 0.174 (0.174)	Loss 2.2240e-01 (2.2240e-01)	lr: 0.000100
2026-03-02 15:42:14,616 - INFO: Epoch: [132][100/251]	Time 0.326 (0.343)	Data 0.170 (0.183)	Loss 4.1566e-01 (3.1103e-01)	lr: 0.000100
2026-03-02 15:42:49,486 - INFO: Epoch: [132][200/251]	Time 0.370 (0.346)	Data 0.190 (0.185)	Loss 3.1986e-01 (3.2618e-01)	lr: 0.000100
2026-03-02 15:43:05,316 - INFO: ----------Epoch:132, training loss is 0.3251 ---------
2026-03-02 15:43:05,641 - INFO: Epoch: [133][  0/251]	Time 0.323 (0.323)	Data 0.191 (0.191)	Loss 3.2390e-01 (3.2390e-01)	lr: 0.000100
2026-03-02 15:43:39,894 - INFO: Epoch: [133][100/251]	Time 0.320 (0.342)	Data 0.199 (0.184)	Loss 2.9282e-01 (3.1422e-01)	lr: 0.000100
2026-03-02 15:44:14,599 - INFO: Epoch: [133][200/251]	Time 0.366 (0.345)	Data 0.202 (0.184)	Loss 3.6977e-01 (3.2033e-01)	lr: 0.000100
2026-03-02 15:44:33,237 - INFO: ----------Epoch:133, training loss is 0.3247 ---------
2026-03-02 15:44:33,544 - INFO: Epoch: [134][  0/251]	Time 0.306 (0.306)	Data 0.164 (0.164)	Loss 2.8650e-01 (2.8650e-01)	lr: 0.000100
2026-03-02 15:45:08,534 - INFO: Epoch: [134][100/251]	Time 0.294 (0.349)	Data 0.172 (0.183)	Loss 3.0813e-01 (3.2263e-01)	lr: 0.000100
2026-03-02 15:45:43,331 - INFO: Epoch: [134][200/251]	Time 0.332 (0.349)	Data 0.183 (0.185)	Loss 4.8887e-01 (3.2701e-01)	lr: 0.000100
2026-03-02 15:45:59,125 - INFO: ----------Epoch:134, training loss is 0.3252 ---------
2026-03-02 15:45:59,469 - INFO: Epoch: [135][  0/251]	Time 0.342 (0.342)	Data 0.194 (0.194)	Loss 3.3494e-01 (3.3494e-01)	lr: 0.000100
2026-03-02 15:46:33,631 - INFO: Epoch: [135][100/251]	Time 0.365 (0.342)	Data 0.184 (0.205)	Loss 3.1679e-01 (3.1957e-01)	lr: 0.000100
2026-03-02 15:47:08,075 - INFO: Epoch: [135][200/251]	Time 0.323 (0.343)	Data 0.195 (0.194)	Loss 2.9926e-01 (3.2071e-01)	lr: 0.000100
2026-03-02 15:47:26,510 - INFO: ----------Epoch:135, training loss is 0.3236 ---------
2026-03-02 15:47:26,812 - INFO: Epoch: [136][  0/251]	Time 0.300 (0.300)	Data 0.167 (0.167)	Loss 2.5278e-01 (2.5278e-01)	lr: 0.000100
2026-03-02 15:48:01,048 - INFO: Epoch: [136][100/251]	Time 0.346 (0.342)	Data 0.195 (0.184)	Loss 3.8555e-01 (3.3116e-01)	lr: 0.000100
2026-03-02 15:48:35,510 - INFO: Epoch: [136][200/251]	Time 0.332 (0.343)	Data 0.201 (0.195)	Loss 3.7301e-01 (3.2284e-01)	lr: 0.000100
2026-03-02 15:48:51,551 - INFO: ----------Epoch:136, training loss is 0.3250 ---------
2026-03-02 15:48:51,846 - INFO: Epoch: [137][  0/251]	Time 0.294 (0.294)	Data 0.174 (0.174)	Loss 2.7417e-01 (2.7417e-01)	lr: 0.000100
2026-03-02 15:49:28,259 - INFO: Epoch: [137][100/251]	Time 2.271 (0.363)	Data 2.096 (0.224)	Loss 3.7869e-01 (3.2179e-01)	lr: 0.000100
2026-03-02 15:50:02,585 - INFO: Epoch: [137][200/251]	Time 0.328 (0.353)	Data 0.180 (0.205)	Loss 3.6147e-01 (3.2162e-01)	lr: 0.000100
2026-03-02 15:50:19,323 - INFO: ----------Epoch:137, training loss is 0.3241 ---------
2026-03-02 15:50:19,636 - INFO: Epoch: [138][  0/251]	Time 0.312 (0.312)	Data 0.188 (0.188)	Loss 3.2046e-01 (3.2046e-01)	lr: 0.000100
2026-03-02 15:50:54,300 - INFO: Epoch: [138][100/251]	Time 0.312 (0.346)	Data 0.190 (0.206)	Loss 3.1374e-01 (3.0977e-01)	lr: 0.000100
2026-03-02 15:51:29,242 - INFO: Epoch: [138][200/251]	Time 0.311 (0.348)	Data 0.186 (0.195)	Loss 2.7459e-01 (3.1732e-01)	lr: 0.000100
2026-03-02 15:51:47,211 - INFO: ----------Epoch:138, training loss is 0.3203 ---------
2026-03-02 15:51:47,520 - INFO: Epoch: [139][  0/251]	Time 0.307 (0.307)	Data 0.193 (0.193)	Loss 3.2692e-01 (3.2692e-01)	lr: 0.000100
2026-03-02 15:52:22,434 - INFO: Epoch: [139][100/251]	Time 0.350 (0.349)	Data 0.185 (0.203)	Loss 3.3378e-01 (3.2324e-01)	lr: 0.000100
2026-03-02 15:52:57,380 - INFO: Epoch: [139][200/251]	Time 0.292 (0.349)	Data 0.175 (0.194)	Loss 4.3865e-01 (3.2350e-01)	lr: 0.000100
2026-03-02 15:53:13,337 - INFO: ----------Epoch:139, training loss is 0.3244 ---------
2026-03-02 15:53:13,721 - INFO: Epoch: [140][  0/251]	Time 0.383 (0.383)	Data 0.203 (0.203)	Loss 3.1947e-01 (3.1947e-01)	lr: 0.000100
2026-03-02 15:53:48,237 - INFO: Epoch: [140][100/251]	Time 0.354 (0.346)	Data 0.184 (0.186)	Loss 2.7636e-01 (3.2624e-01)	lr: 0.000100
2026-03-02 15:54:22,971 - INFO: Epoch: [140][200/251]	Time 0.321 (0.346)	Data 0.188 (0.186)	Loss 4.0062e-01 (3.3353e-01)	lr: 0.000100
2026-03-02 15:54:41,424 - INFO: ----------Epoch:140, training loss is 0.3356 ---------
2026-03-02 15:54:41,718 - INFO: Epoch: [141][  0/251]	Time 0.293 (0.293)	Data 0.182 (0.182)	Loss 2.4264e-01 (2.4264e-01)	lr: 0.000100
2026-03-02 15:55:15,960 - INFO: Epoch: [141][100/251]	Time 0.395 (0.342)	Data 0.188 (0.204)	Loss 4.2009e-01 (3.2708e-01)	lr: 0.000100
2026-03-02 15:55:51,074 - INFO: Epoch: [141][200/251]	Time 0.352 (0.347)	Data 0.176 (0.206)	Loss 4.4734e-01 (3.3426e-01)	lr: 0.000100
2026-03-02 15:56:07,358 - INFO: ----------Epoch:141, training loss is 0.3355 ---------
2026-03-02 15:56:07,727 - INFO: Epoch: [142][  0/251]	Time 0.368 (0.368)	Data 0.175 (0.175)	Loss 3.2118e-01 (3.2118e-01)	lr: 0.000100
2026-03-02 15:56:42,374 - INFO: Epoch: [142][100/251]	Time 0.337 (0.347)	Data 0.171 (0.207)	Loss 3.9802e-01 (3.2019e-01)	lr: 0.000100
2026-03-02 15:57:17,662 - INFO: Epoch: [142][200/251]	Time 0.310 (0.350)	Data 0.174 (0.197)	Loss 3.4485e-01 (3.2707e-01)	lr: 0.000100
2026-03-02 15:57:35,532 - INFO: ----------Epoch:142, training loss is 0.3270 ---------
2026-03-02 15:57:35,914 - INFO: Epoch: [143][  0/251]	Time 0.381 (0.381)	Data 0.190 (0.190)	Loss 2.4781e-01 (2.4781e-01)	lr: 0.000100
2026-03-02 15:58:10,816 - INFO: Epoch: [143][100/251]	Time 0.282 (0.349)	Data 0.167 (0.184)	Loss 3.5527e-01 (3.2568e-01)	lr: 0.000100
2026-03-02 15:58:45,590 - INFO: Epoch: [143][200/251]	Time 0.291 (0.349)	Data 0.171 (0.185)	Loss 3.5939e-01 (3.3069e-01)	lr: 0.000100
2026-03-02 15:59:01,487 - INFO: ----------Epoch:143, training loss is 0.3302 ---------
2026-03-02 15:59:01,793 - INFO: Epoch: [144][  0/251]	Time 0.305 (0.305)	Data 0.168 (0.168)	Loss 2.7419e-01 (2.7419e-01)	lr: 0.000100
2026-03-02 15:59:35,901 - INFO: Epoch: [144][100/251]	Time 0.296 (0.341)	Data 0.192 (0.203)	Loss 3.3179e-01 (3.2359e-01)	lr: 0.000100
2026-03-02 16:00:14,258 - INFO: Epoch: [144][200/251]	Time 0.472 (0.362)	Data 0.234 (0.214)	Loss 4.3436e-01 (3.2539e-01)	lr: 0.000100
2026-03-02 16:00:35,748 - INFO: ----------Epoch:144, training loss is 0.3226 ---------
2026-03-02 16:00:36,097 - INFO: Epoch: [145][  0/251]	Time 0.348 (0.348)	Data 0.185 (0.185)	Loss 3.2309e-01 (3.2309e-01)	lr: 0.000100
2026-03-02 16:01:11,157 - INFO: Epoch: [145][100/251]	Time 0.304 (0.351)	Data 0.182 (0.186)	Loss 3.7348e-01 (3.3158e-01)	lr: 0.000100
2026-03-02 16:01:47,674 - INFO: Epoch: [145][200/251]	Time 0.303 (0.358)	Data 0.177 (0.190)	Loss 2.8363e-01 (3.3278e-01)	lr: 0.000100
2026-03-02 16:02:06,441 - INFO: ----------Epoch:145, training loss is 0.3348 ---------
2026-03-02 16:02:06,805 - INFO: Epoch: [146][  0/251]	Time 0.363 (0.363)	Data 0.221 (0.221)	Loss 2.9802e-01 (2.9802e-01)	lr: 0.000100
2026-03-02 16:02:41,524 - INFO: Epoch: [146][100/251]	Time 0.363 (0.347)	Data 0.215 (0.183)	Loss 3.3642e-01 (3.3332e-01)	lr: 0.000100
2026-03-02 16:03:16,957 - INFO: Epoch: [146][200/251]	Time 0.340 (0.351)	Data 0.211 (0.198)	Loss 3.3164e-01 (3.3562e-01)	lr: 0.000100
2026-03-02 16:03:33,291 - INFO: ----------Epoch:146, training loss is 0.3355 ---------
2026-03-02 16:03:33,588 - INFO: Epoch: [147][  0/251]	Time 0.295 (0.295)	Data 0.180 (0.180)	Loss 3.5999e-01 (3.5999e-01)	lr: 0.000100
2026-03-02 16:04:09,031 - INFO: Epoch: [147][100/251]	Time 0.374 (0.354)	Data 0.177 (0.212)	Loss 4.3757e-01 (3.3165e-01)	lr: 0.000100
2026-03-02 16:04:44,273 - INFO: Epoch: [147][200/251]	Time 0.350 (0.353)	Data 0.183 (0.202)	Loss 2.7286e-01 (3.3639e-01)	lr: 0.000100
2026-03-02 16:05:02,906 - INFO: ----------Epoch:147, training loss is 0.3373 ---------
2026-03-02 16:05:03,280 - INFO: Epoch: [148][  0/251]	Time 0.373 (0.373)	Data 0.186 (0.186)	Loss 2.9103e-01 (2.9103e-01)	lr: 0.000100
2026-03-02 16:05:38,980 - INFO: Epoch: [148][100/251]	Time 0.316 (0.357)	Data 0.185 (0.186)	Loss 3.2160e-01 (3.3984e-01)	lr: 0.000100
2026-03-02 16:06:13,854 - INFO: Epoch: [148][200/251]	Time 0.309 (0.353)	Data 0.184 (0.187)	Loss 2.9671e-01 (3.4299e-01)	lr: 0.000100
2026-03-02 16:06:30,683 - INFO: ----------Epoch:148, training loss is 0.3435 ---------
2026-03-02 16:06:31,067 - INFO: Epoch: [149][  0/251]	Time 0.381 (0.381)	Data 0.207 (0.207)	Loss 3.8486e-01 (3.8486e-01)	lr: 0.000100
2026-03-02 16:07:07,765 - INFO: Epoch: [149][100/251]	Time 0.354 (0.367)	Data 0.202 (0.224)	Loss 2.6683e-01 (3.3720e-01)	lr: 0.000100
2026-03-02 16:07:45,338 - INFO: Epoch: [149][200/251]	Time 0.321 (0.371)	Data 0.211 (0.223)	Loss 3.2088e-01 (3.4632e-01)	lr: 0.000100
2026-03-02 16:08:04,320 - INFO: ----------Epoch:149, training loss is 0.3464 ---------
2026-03-02 16:08:04,619 - INFO: Epoch: [150][  0/251]	Time 0.298 (0.298)	Data 0.184 (0.184)	Loss 3.1504e-01 (3.1504e-01)	lr: 0.000100
2026-03-02 16:08:40,380 - INFO: Epoch: [150][100/251]	Time 0.395 (0.357)	Data 0.204 (0.210)	Loss 2.9303e-01 (3.4264e-01)	lr: 0.000100
2026-03-02 16:09:16,487 - INFO: Epoch: [150][200/251]	Time 0.292 (0.359)	Data 0.187 (0.201)	Loss 3.3773e-01 (3.4747e-01)	lr: 0.000100
2026-03-02 16:09:33,378 - INFO: ----------Epoch:150, training loss is 0.3505 ---------
2026-03-02 16:09:36,125 - INFO: Epoch: [151][  0/251]	Time 2.746 (2.746)	Data 0.190 (0.190)	Loss 3.9133e-01 (3.9133e-01)	lr: 0.000100
2026-03-02 16:10:11,465 - INFO: Epoch: [151][100/251]	Time 0.314 (0.377)	Data 0.187 (0.190)	Loss 4.8100e-01 (3.6623e-01)	lr: 0.000100
2026-03-02 16:10:47,273 - INFO: Epoch: [151][200/251]	Time 0.322 (0.368)	Data 0.191 (0.202)	Loss 3.7868e-01 (3.6605e-01)	lr: 0.000100
2026-03-02 16:11:03,283 - INFO: ----------Epoch:151, training loss is 0.3635 ---------
2026-03-02 16:11:03,592 - INFO: Epoch: [152][  0/251]	Time 0.308 (0.308)	Data 0.177 (0.177)	Loss 3.0222e-01 (3.0222e-01)	lr: 0.000100
2026-03-02 16:11:39,911 - INFO: Epoch: [152][100/251]	Time 0.352 (0.363)	Data 0.178 (0.209)	Loss 3.0826e-01 (3.4457e-01)	lr: 0.000100
2026-03-02 16:12:14,646 - INFO: Epoch: [152][200/251]	Time 0.319 (0.355)	Data 0.195 (0.198)	Loss 3.2609e-01 (3.4890e-01)	lr: 0.000100
2026-03-02 16:12:32,820 - INFO: ----------Epoch:152, training loss is 0.3498 ---------
2026-03-02 16:12:33,176 - INFO: Epoch: [153][  0/251]	Time 0.355 (0.355)	Data 0.175 (0.175)	Loss 3.1921e-01 (3.1921e-01)	lr: 0.000100
2026-03-02 16:13:07,875 - INFO: Epoch: [153][100/251]	Time 0.310 (0.347)	Data 0.188 (0.210)	Loss 3.5273e-01 (3.5247e-01)	lr: 0.000100
2026-03-02 16:13:43,237 - INFO: Epoch: [153][200/251]	Time 0.363 (0.350)	Data 0.190 (0.211)	Loss 3.4230e-01 (3.5364e-01)	lr: 0.000100
2026-03-02 16:13:58,747 - INFO: ----------Epoch:153, training loss is 0.3533 ---------
2026-03-02 16:13:59,120 - INFO: Epoch: [154][  0/251]	Time 0.371 (0.371)	Data 0.185 (0.185)	Loss 3.8425e-01 (3.8425e-01)	lr: 0.000100
2026-03-02 16:14:34,997 - INFO: Epoch: [154][100/251]	Time 0.334 (0.359)	Data 0.173 (0.210)	Loss 2.9886e-01 (3.4392e-01)	lr: 0.000100
2026-03-02 16:15:09,940 - INFO: Epoch: [154][200/251]	Time 0.283 (0.354)	Data 0.173 (0.211)	Loss 3.7380e-01 (3.5354e-01)	lr: 0.000100
2026-03-02 16:15:29,101 - INFO: ----------Epoch:154, training loss is 0.3568 ---------
2026-03-02 16:15:29,439 - INFO: Epoch: [155][  0/251]	Time 0.337 (0.337)	Data 0.178 (0.178)	Loss 2.9139e-01 (2.9139e-01)	lr: 0.000100
2026-03-02 16:16:05,936 - INFO: Epoch: [155][100/251]	Time 0.342 (0.365)	Data 0.204 (0.190)	Loss 4.1713e-01 (3.4817e-01)	lr: 0.000100
2026-03-02 16:16:42,378 - INFO: Epoch: [155][200/251]	Time 0.319 (0.365)	Data 0.191 (0.190)	Loss 3.9261e-01 (3.5182e-01)	lr: 0.000100
2026-03-02 16:16:58,246 - INFO: ----------Epoch:155, training loss is 0.3533 ---------
2026-03-02 16:16:58,645 - INFO: Epoch: [156][  0/251]	Time 0.398 (0.398)	Data 0.202 (0.202)	Loss 2.6303e-01 (2.6303e-01)	lr: 0.000100
2026-03-02 16:17:33,754 - INFO: Epoch: [156][100/251]	Time 0.296 (0.352)	Data 0.177 (0.211)	Loss 4.2726e-01 (3.4547e-01)	lr: 0.000100
2026-03-02 16:18:09,300 - INFO: Epoch: [156][200/251]	Time 0.315 (0.353)	Data 0.202 (0.213)	Loss 2.6244e-01 (3.4796e-01)	lr: 0.000100
2026-03-02 16:18:28,410 - INFO: ----------Epoch:156, training loss is 0.3508 ---------
2026-03-02 16:18:28,700 - INFO: Epoch: [157][  0/251]	Time 0.289 (0.289)	Data 0.177 (0.177)	Loss 3.3724e-01 (3.3724e-01)	lr: 0.000100
2026-03-02 16:19:03,468 - INFO: Epoch: [157][100/251]	Time 0.307 (0.347)	Data 0.184 (0.185)	Loss 2.9505e-01 (3.4026e-01)	lr: 0.000100
2026-03-02 16:19:38,952 - INFO: Epoch: [157][200/251]	Time 0.309 (0.351)	Data 0.183 (0.199)	Loss 3.7682e-01 (3.4287e-01)	lr: 0.000100
2026-03-02 16:19:55,295 - INFO: ----------Epoch:157, training loss is 0.3447 ---------
2026-03-02 16:19:55,600 - INFO: Epoch: [158][  0/251]	Time 0.304 (0.304)	Data 0.182 (0.182)	Loss 3.1861e-01 (3.1861e-01)	lr: 0.000100
2026-03-02 16:20:33,113 - INFO: Epoch: [158][100/251]	Time 0.374 (0.374)	Data 0.196 (0.225)	Loss 2.3116e-01 (3.3731e-01)	lr: 0.000100
2026-03-02 16:21:10,510 - INFO: Epoch: [158][200/251]	Time 0.332 (0.374)	Data 0.199 (0.215)	Loss 3.1701e-01 (3.4312e-01)	lr: 0.000100
2026-03-02 16:21:29,855 - INFO: ----------Epoch:158, training loss is 0.3407 ---------
2026-03-02 16:21:30,239 - INFO: Epoch: [159][  0/251]	Time 0.384 (0.384)	Data 0.191 (0.191)	Loss 3.4466e-01 (3.4466e-01)	lr: 0.000100
2026-03-02 16:22:04,852 - INFO: Epoch: [159][100/251]	Time 0.312 (0.346)	Data 0.186 (0.187)	Loss 3.3253e-01 (3.3475e-01)	lr: 0.000100
2026-03-02 16:22:40,121 - INFO: Epoch: [159][200/251]	Time 0.268 (0.350)	Data 0.172 (0.198)	Loss 3.6305e-01 (3.3498e-01)	lr: 0.000100
2026-03-02 16:22:56,501 - INFO: ----------Epoch:159, training loss is 0.3391 ---------
2026-03-02 16:22:56,803 - INFO: Epoch: [160][  0/251]	Time 0.301 (0.301)	Data 0.175 (0.175)	Loss 3.5714e-01 (3.5714e-01)	lr: 0.000050
2026-03-02 16:23:36,521 - INFO: Epoch: [160][100/251]	Time 0.395 (0.396)	Data 0.216 (0.224)	Loss 3.3321e-01 (3.4208e-01)	lr: 0.000050
2026-03-02 16:24:11,416 - INFO: Epoch: [160][200/251]	Time 0.270 (0.373)	Data 0.176 (0.206)	Loss 2.5861e-01 (3.3185e-01)	lr: 0.000050
2026-03-02 16:24:27,561 - INFO: ----------Epoch:160, training loss is 0.3295 ---------
2026-03-02 16:24:29,060 - INFO: Epoch: [161][  0/251]	Time 0.364 (0.364)	Data 0.171 (0.171)	Loss 3.8893e-01 (3.8893e-01)	lr: 0.000050
2026-03-02 16:25:05,227 - INFO: Epoch: [161][100/251]	Time 0.367 (0.362)	Data 0.223 (0.218)	Loss 2.5005e-01 (3.0882e-01)	lr: 0.000050
2026-03-02 16:25:42,817 - INFO: Epoch: [161][200/251]	Time 0.332 (0.369)	Data 0.200 (0.209)	Loss 3.2950e-01 (3.0959e-01)	lr: 0.000050
2026-03-02 16:26:01,627 - INFO: ----------Epoch:161, training loss is 0.3086 ---------
2026-03-02 16:26:01,954 - INFO: Epoch: [162][  0/251]	Time 0.325 (0.325)	Data 0.174 (0.174)	Loss 2.5016e-01 (2.5016e-01)	lr: 0.000050
2026-03-02 16:26:36,832 - INFO: Epoch: [162][100/251]	Time 0.321 (0.349)	Data 0.184 (0.206)	Loss 3.3401e-01 (3.0805e-01)	lr: 0.000050
2026-03-02 16:27:12,493 - INFO: Epoch: [162][200/251]	Time 0.301 (0.353)	Data 0.177 (0.207)	Loss 3.1879e-01 (3.0361e-01)	lr: 0.000050
2026-03-02 16:27:28,422 - INFO: ----------Epoch:162, training loss is 0.3008 ---------
2026-03-02 16:27:28,740 - INFO: Epoch: [163][  0/251]	Time 0.316 (0.316)	Data 0.186 (0.186)	Loss 3.3821e-01 (3.3821e-01)	lr: 0.000050
2026-03-02 16:28:03,368 - INFO: Epoch: [163][100/251]	Time 0.282 (0.346)	Data 0.167 (0.206)	Loss 3.4553e-01 (2.9092e-01)	lr: 0.000050
2026-03-02 16:28:39,136 - INFO: Epoch: [163][200/251]	Time 0.334 (0.352)	Data 0.200 (0.197)	Loss 2.7256e-01 (2.9492e-01)	lr: 0.000050
2026-03-02 16:28:57,938 - INFO: ----------Epoch:163, training loss is 0.2963 ---------
2026-03-02 16:28:58,261 - INFO: Epoch: [164][  0/251]	Time 0.321 (0.321)	Data 0.183 (0.183)	Loss 3.4216e-01 (3.4216e-01)	lr: 0.000050
2026-03-02 16:29:33,484 - INFO: Epoch: [164][100/251]	Time 0.274 (0.352)	Data 0.182 (0.187)	Loss 2.6493e-01 (2.9268e-01)	lr: 0.000050
2026-03-02 16:30:09,388 - INFO: Epoch: [164][200/251]	Time 0.319 (0.355)	Data 0.189 (0.187)	Loss 3.4155e-01 (2.8922e-01)	lr: 0.000050
2026-03-02 16:30:24,869 - INFO: ----------Epoch:164, training loss is 0.2894 ---------
2026-03-02 16:30:25,153 - INFO: Epoch: [165][  0/251]	Time 0.283 (0.283)	Data 0.184 (0.184)	Loss 2.2365e-01 (2.2365e-01)	lr: 0.000050
2026-03-02 16:31:01,078 - INFO: Epoch: [165][100/251]	Time 0.311 (0.358)	Data 0.193 (0.215)	Loss 3.0095e-01 (2.8202e-01)	lr: 0.000050
2026-03-02 16:31:39,552 - INFO: Epoch: [165][200/251]	Time 0.361 (0.372)	Data 0.192 (0.222)	Loss 2.8603e-01 (2.8544e-01)	lr: 0.000050
2026-03-02 16:31:59,271 - INFO: ----------Epoch:165, training loss is 0.2859 ---------
2026-03-02 16:31:59,601 - INFO: Epoch: [166][  0/251]	Time 0.329 (0.329)	Data 0.182 (0.182)	Loss 2.5411e-01 (2.5411e-01)	lr: 0.000050
2026-03-02 16:32:37,735 - INFO: Epoch: [166][100/251]	Time 0.251 (0.381)	Data 0.160 (0.229)	Loss 2.4862e-01 (2.8467e-01)	lr: 0.000050
2026-03-02 16:33:12,694 - INFO: Epoch: [166][200/251]	Time 0.283 (0.365)	Data 0.173 (0.218)	Loss 1.7810e-01 (2.8408e-01)	lr: 0.000050
2026-03-02 16:33:31,695 - INFO: ----------Epoch:166, training loss is 0.2835 ---------
2026-03-02 16:33:32,050 - INFO: Epoch: [167][  0/251]	Time 0.355 (0.355)	Data 0.194 (0.194)	Loss 3.2270e-01 (3.2270e-01)	lr: 0.000050
2026-03-02 16:34:06,953 - INFO: Epoch: [167][100/251]	Time 0.319 (0.349)	Data 0.183 (0.186)	Loss 2.4769e-01 (2.8133e-01)	lr: 0.000050
2026-03-02 16:34:41,136 - INFO: Epoch: [167][200/251]	Time 0.324 (0.345)	Data 0.179 (0.198)	Loss 3.2991e-01 (2.8017e-01)	lr: 0.000050
2026-03-02 16:34:57,129 - INFO: ----------Epoch:167, training loss is 0.2774 ---------
2026-03-02 16:34:57,398 - INFO: Epoch: [168][  0/251]	Time 0.268 (0.268)	Data 0.161 (0.161)	Loss 2.6248e-01 (2.6248e-01)	lr: 0.000050
2026-03-02 16:35:34,786 - INFO: Epoch: [168][100/251]	Time 0.410 (0.373)	Data 0.221 (0.227)	Loss 2.1906e-01 (2.7695e-01)	lr: 0.000050
2026-03-02 16:36:11,084 - INFO: Epoch: [168][200/251]	Time 0.408 (0.368)	Data 0.192 (0.208)	Loss 3.0702e-01 (2.7648e-01)	lr: 0.000050
2026-03-02 16:36:29,841 - INFO: ----------Epoch:168, training loss is 0.2774 ---------
2026-03-02 16:36:30,108 - INFO: Epoch: [169][  0/251]	Time 0.266 (0.266)	Data 0.174 (0.174)	Loss 2.6559e-01 (2.6559e-01)	lr: 0.000050
2026-03-02 16:37:05,820 - INFO: Epoch: [169][100/251]	Time 0.329 (0.356)	Data 0.203 (0.215)	Loss 2.7594e-01 (2.6599e-01)	lr: 0.000050
2026-03-02 16:37:42,571 - INFO: Epoch: [169][200/251]	Time 0.351 (0.362)	Data 0.171 (0.219)	Loss 2.2914e-01 (2.7495e-01)	lr: 0.000050
2026-03-02 16:37:57,861 - INFO: ----------Epoch:169, training loss is 0.2754 ---------
2026-03-02 16:37:58,176 - INFO: Epoch: [170][  0/251]	Time 0.314 (0.314)	Data 0.172 (0.172)	Loss 3.2004e-01 (3.2004e-01)	lr: 0.000050
2026-03-02 16:38:34,801 - INFO: Epoch: [170][100/251]	Time 0.361 (0.366)	Data 0.197 (0.216)	Loss 3.2530e-01 (2.7450e-01)	lr: 0.000050
2026-03-02 16:39:10,736 - INFO: Epoch: [170][200/251]	Time 0.386 (0.363)	Data 0.191 (0.203)	Loss 2.1758e-01 (2.7038e-01)	lr: 0.000050
2026-03-02 16:39:27,999 - INFO: ----------Epoch:170, training loss is 0.2697 ---------
2026-03-02 16:39:28,318 - INFO: Epoch: [171][  0/251]	Time 0.318 (0.318)	Data 0.197 (0.197)	Loss 2.2041e-01 (2.2041e-01)	lr: 0.000050
2026-03-02 16:40:04,989 - INFO: Epoch: [171][100/251]	Time 0.294 (0.366)	Data 0.196 (0.194)	Loss 2.6155e-01 (2.6119e-01)	lr: 0.000050
2026-03-02 16:40:40,259 - INFO: Epoch: [171][200/251]	Time 0.338 (0.359)	Data 0.198 (0.201)	Loss 3.6321e-01 (2.6387e-01)	lr: 0.000050
2026-03-02 16:41:00,654 - INFO: ----------Epoch:171, training loss is 0.2664 ---------
2026-03-02 16:41:00,931 - INFO: Epoch: [172][  0/251]	Time 0.276 (0.276)	Data 0.174 (0.174)	Loss 2.9018e-01 (2.9018e-01)	lr: 0.000050
2026-03-02 16:41:36,895 - INFO: Epoch: [172][100/251]	Time 0.287 (0.359)	Data 0.184 (0.193)	Loss 2.6046e-01 (2.6985e-01)	lr: 0.000050
2026-03-02 16:42:13,518 - INFO: Epoch: [172][200/251]	Time 0.297 (0.363)	Data 0.192 (0.195)	Loss 1.7808e-01 (2.6940e-01)	lr: 0.000050
2026-03-02 16:42:33,595 - INFO: ----------Epoch:172, training loss is 0.2687 ---------
2026-03-02 16:42:34,014 - INFO: Epoch: [173][  0/251]	Time 0.418 (0.418)	Data 0.229 (0.229)	Loss 3.0039e-01 (3.0039e-01)	lr: 0.000050
2026-03-02 16:43:09,519 - INFO: Epoch: [173][100/251]	Time 0.344 (0.356)	Data 0.194 (0.213)	Loss 2.8162e-01 (2.6300e-01)	lr: 0.000050
2026-03-02 16:43:44,303 - INFO: Epoch: [173][200/251]	Time 0.367 (0.352)	Data 0.184 (0.211)	Loss 2.2001e-01 (2.6485e-01)	lr: 0.000050
2026-03-02 16:44:01,492 - INFO: ----------Epoch:173, training loss is 0.2663 ---------
2026-03-02 16:44:01,953 - INFO: Epoch: [174][  0/251]	Time 0.459 (0.459)	Data 0.231 (0.231)	Loss 2.5055e-01 (2.5055e-01)	lr: 0.000050
2026-03-02 16:44:35,342 - INFO: Epoch: [174][100/251]	Time 0.374 (0.335)	Data 0.174 (0.196)	Loss 2.5079e-01 (2.5501e-01)	lr: 0.000050
2026-03-02 16:45:09,943 - INFO: Epoch: [174][200/251]	Time 0.402 (0.341)	Data 0.190 (0.199)	Loss 2.7048e-01 (2.6204e-01)	lr: 0.000050
2026-03-02 16:45:29,257 - INFO: ----------Epoch:174, training loss is 0.2626 ---------
2026-03-02 16:45:29,621 - INFO: Epoch: [175][  0/251]	Time 0.362 (0.362)	Data 0.213 (0.213)	Loss 2.8650e-01 (2.8650e-01)	lr: 0.000050
2026-03-02 16:46:03,747 - INFO: Epoch: [175][100/251]	Time 0.282 (0.341)	Data 0.182 (0.191)	Loss 2.0886e-01 (2.6120e-01)	lr: 0.000050
2026-03-02 16:46:38,002 - INFO: Epoch: [175][200/251]	Time 0.285 (0.342)	Data 0.187 (0.194)	Loss 3.1671e-01 (2.6649e-01)	lr: 0.000050
2026-03-02 16:46:55,454 - INFO: ----------Epoch:175, training loss is 0.2655 ---------
2026-03-02 16:46:55,833 - INFO: Epoch: [176][  0/251]	Time 0.378 (0.378)	Data 0.196 (0.196)	Loss 1.8236e-01 (1.8236e-01)	lr: 0.000050
2026-03-02 16:47:30,495 - INFO: Epoch: [176][100/251]	Time 0.365 (0.347)	Data 0.202 (0.205)	Loss 3.1817e-01 (2.5201e-01)	lr: 0.000050
2026-03-02 16:48:06,449 - INFO: Epoch: [176][200/251]	Time 0.376 (0.353)	Data 0.207 (0.199)	Loss 3.0026e-01 (2.6088e-01)	lr: 0.000050
2026-03-02 16:48:23,593 - INFO: ----------Epoch:176, training loss is 0.2612 ---------
2026-03-02 16:48:23,927 - INFO: Epoch: [177][  0/251]	Time 0.333 (0.333)	Data 0.170 (0.170)	Loss 2.4897e-01 (2.4897e-01)	lr: 0.000050
2026-03-02 16:48:58,947 - INFO: Epoch: [177][100/251]	Time 0.316 (0.350)	Data 0.179 (0.186)	Loss 2.4753e-01 (2.6013e-01)	lr: 0.000050
2026-03-02 16:49:33,788 - INFO: Epoch: [177][200/251]	Time 0.272 (0.349)	Data 0.185 (0.194)	Loss 2.6482e-01 (2.5986e-01)	lr: 0.000050
2026-03-02 16:49:49,963 - INFO: ----------Epoch:177, training loss is 0.2602 ---------
2026-03-02 16:49:50,321 - INFO: Epoch: [178][  0/251]	Time 0.357 (0.357)	Data 0.198 (0.198)	Loss 2.1051e-01 (2.1051e-01)	lr: 0.000050
2026-03-02 16:50:25,087 - INFO: Epoch: [178][100/251]	Time 0.404 (0.348)	Data 0.209 (0.205)	Loss 2.7974e-01 (2.5294e-01)	lr: 0.000050
2026-03-02 16:50:59,606 - INFO: Epoch: [178][200/251]	Time 0.298 (0.346)	Data 0.192 (0.206)	Loss 2.7588e-01 (2.5897e-01)	lr: 0.000050
2026-03-02 16:51:17,140 - INFO: ----------Epoch:178, training loss is 0.2598 ---------
2026-03-02 16:51:17,482 - INFO: Epoch: [179][  0/251]	Time 0.342 (0.342)	Data 0.198 (0.198)	Loss 2.3969e-01 (2.3969e-01)	lr: 0.000050
2026-03-02 16:51:54,364 - INFO: Epoch: [179][100/251]	Time 0.384 (0.369)	Data 0.230 (0.200)	Loss 2.9024e-01 (2.5559e-01)	lr: 0.000050
2026-03-02 16:52:31,809 - INFO: Epoch: [179][200/251]	Time 0.352 (0.371)	Data 0.199 (0.203)	Loss 2.4608e-01 (2.5524e-01)	lr: 0.000050
2026-03-02 16:52:50,829 - INFO: ----------Epoch:179, training loss is 0.2563 ---------
2026-03-02 16:52:52,543 - INFO: Epoch: [180][  0/251]	Time 0.399 (0.399)	Data 0.188 (0.188)	Loss 2.8816e-01 (2.8816e-01)	lr: 0.000050
2026-03-02 16:53:28,905 - INFO: Epoch: [180][100/251]	Time 0.299 (0.364)	Data 0.176 (0.195)	Loss 2.6738e-01 (2.5875e-01)	lr: 0.000050
2026-03-02 16:54:03,441 - INFO: Epoch: [180][200/251]	Time 0.331 (0.355)	Data 0.196 (0.190)	Loss 3.2524e-01 (2.5709e-01)	lr: 0.000050
2026-03-02 16:54:19,481 - INFO: ----------Epoch:180, training loss is 0.2573 ---------
2026-03-02 16:54:19,834 - INFO: Epoch: [181][  0/251]	Time 0.352 (0.352)	Data 0.174 (0.174)	Loss 1.9313e-01 (1.9313e-01)	lr: 0.000050
2026-03-02 16:54:54,248 - INFO: Epoch: [181][100/251]	Time 0.379 (0.344)	Data 0.180 (0.186)	Loss 2.5910e-01 (2.4657e-01)	lr: 0.000050
2026-03-02 16:55:29,288 - INFO: Epoch: [181][200/251]	Time 0.339 (0.347)	Data 0.182 (0.186)	Loss 3.2777e-01 (2.5118e-01)	lr: 0.000050
2026-03-02 16:55:47,569 - INFO: ----------Epoch:181, training loss is 0.2538 ---------
2026-03-02 16:55:48,967 - INFO: Epoch: [182][  0/251]	Time 0.286 (0.286)	Data 0.172 (0.172)	Loss 2.1539e-01 (2.1539e-01)	lr: 0.000050
2026-03-02 16:56:24,120 - INFO: Epoch: [182][100/251]	Time 0.317 (0.351)	Data 0.181 (0.208)	Loss 2.2409e-01 (2.5712e-01)	lr: 0.000050
2026-03-02 16:56:58,689 - INFO: Epoch: [182][200/251]	Time 0.359 (0.348)	Data 0.167 (0.196)	Loss 2.3300e-01 (2.5190e-01)	lr: 0.000050
2026-03-02 16:57:14,605 - INFO: ----------Epoch:182, training loss is 0.2507 ---------
2026-03-02 16:57:16,182 - INFO: Epoch: [183][  0/251]	Time 0.401 (0.401)	Data 0.181 (0.181)	Loss 2.0651e-01 (2.0651e-01)	lr: 0.000050
2026-03-02 16:57:50,486 - INFO: Epoch: [183][100/251]	Time 0.329 (0.344)	Data 0.185 (0.207)	Loss 1.9714e-01 (2.4318e-01)	lr: 0.000050
2026-03-02 16:58:25,479 - INFO: Epoch: [183][200/251]	Time 0.367 (0.347)	Data 0.182 (0.196)	Loss 2.4330e-01 (2.4935e-01)	lr: 0.000050
2026-03-02 16:58:45,016 - INFO: ----------Epoch:183, training loss is 0.2488 ---------
2026-03-02 16:58:46,479 - INFO: Epoch: [184][  0/251]	Time 0.306 (0.306)	Data 0.203 (0.203)	Loss 2.8608e-01 (2.8608e-01)	lr: 0.000050
2026-03-02 16:59:21,108 - INFO: Epoch: [184][100/251]	Time 0.341 (0.346)	Data 0.197 (0.187)	Loss 2.4151e-01 (2.5394e-01)	lr: 0.000050
2026-03-02 16:59:56,173 - INFO: Epoch: [184][200/251]	Time 0.302 (0.348)	Data 0.181 (0.186)	Loss 2.5869e-01 (2.5134e-01)	lr: 0.000050
2026-03-02 17:00:15,092 - INFO: ----------Epoch:184, training loss is 0.2513 ---------
2026-03-02 17:00:15,423 - INFO: Epoch: [185][  0/251]	Time 0.330 (0.330)	Data 0.191 (0.191)	Loss 1.9424e-01 (1.9424e-01)	lr: 0.000050
2026-03-02 17:00:50,385 - INFO: Epoch: [185][100/251]	Time 0.409 (0.349)	Data 0.227 (0.213)	Loss 4.2873e-01 (2.5196e-01)	lr: 0.000050
2026-03-02 17:01:23,382 - INFO: Epoch: [185][200/251]	Time 0.350 (0.340)	Data 0.209 (0.199)	Loss 2.3971e-01 (2.5211e-01)	lr: 0.000050
2026-03-02 17:01:43,587 - INFO: ----------Epoch:185, training loss is 0.2512 ---------
2026-03-02 17:01:43,940 - INFO: Epoch: [186][  0/251]	Time 0.352 (0.352)	Data 0.194 (0.194)	Loss 1.6062e-01 (1.6062e-01)	lr: 0.000050
2026-03-02 17:02:18,427 - INFO: Epoch: [186][100/251]	Time 0.365 (0.345)	Data 0.179 (0.197)	Loss 3.2445e-01 (2.4710e-01)	lr: 0.000050
2026-03-02 17:02:54,651 - INFO: Epoch: [186][200/251]	Time 0.316 (0.354)	Data 0.191 (0.203)	Loss 2.5137e-01 (2.4784e-01)	lr: 0.000050
2026-03-02 17:03:12,222 - INFO: ----------Epoch:186, training loss is 0.2500 ---------
2026-03-02 17:03:12,580 - INFO: Epoch: [187][  0/251]	Time 0.357 (0.357)	Data 0.201 (0.201)	Loss 2.9255e-01 (2.9255e-01)	lr: 0.000050
2026-03-02 17:03:48,046 - INFO: Epoch: [187][100/251]	Time 0.289 (0.355)	Data 0.179 (0.193)	Loss 1.6632e-01 (2.4753e-01)	lr: 0.000050
2026-03-02 17:04:24,489 - INFO: Epoch: [187][200/251]	Time 0.395 (0.360)	Data 0.200 (0.191)	Loss 3.2480e-01 (2.4938e-01)	lr: 0.000050
2026-03-02 17:04:41,224 - INFO: ----------Epoch:187, training loss is 0.2518 ---------
2026-03-02 17:04:41,587 - INFO: Epoch: [188][  0/251]	Time 0.362 (0.362)	Data 0.187 (0.187)	Loss 2.1688e-01 (2.1688e-01)	lr: 0.000050
2026-03-02 17:05:17,100 - INFO: Epoch: [188][100/251]	Time 0.347 (0.355)	Data 0.206 (0.192)	Loss 2.3104e-01 (2.5024e-01)	lr: 0.000050
2026-03-02 17:05:52,506 - INFO: Epoch: [188][200/251]	Time 0.324 (0.355)	Data 0.179 (0.190)	Loss 2.4030e-01 (2.4981e-01)	lr: 0.000050
2026-03-02 17:06:10,752 - INFO: ----------Epoch:188, training loss is 0.2510 ---------
2026-03-02 17:06:11,078 - INFO: Epoch: [189][  0/251]	Time 0.325 (0.325)	Data 0.194 (0.194)	Loss 1.8754e-01 (1.8754e-01)	lr: 0.000050
2026-03-02 17:06:46,113 - INFO: Epoch: [189][100/251]	Time 0.325 (0.350)	Data 0.205 (0.207)	Loss 2.6927e-01 (2.4404e-01)	lr: 0.000050
2026-03-02 17:07:21,105 - INFO: Epoch: [189][200/251]	Time 0.325 (0.350)	Data 0.189 (0.206)	Loss 2.4285e-01 (2.5050e-01)	lr: 0.000050
2026-03-02 17:07:37,446 - INFO: ----------Epoch:189, training loss is 0.2494 ---------
2026-03-02 17:07:37,809 - INFO: Epoch: [190][  0/251]	Time 0.362 (0.362)	Data 0.193 (0.193)	Loss 3.1325e-01 (3.1325e-01)	lr: 0.000050
2026-03-02 17:08:12,872 - INFO: Epoch: [190][100/251]	Time 0.285 (0.351)	Data 0.184 (0.207)	Loss 1.9048e-01 (2.4348e-01)	lr: 0.000050
2026-03-02 17:08:48,129 - INFO: Epoch: [190][200/251]	Time 0.274 (0.352)	Data 0.173 (0.198)	Loss 2.2641e-01 (2.5157e-01)	lr: 0.000050
2026-03-02 17:09:06,242 - INFO: ----------Epoch:190, training loss is 0.2519 ---------
2026-03-02 17:09:06,577 - INFO: Epoch: [191][  0/251]	Time 0.334 (0.334)	Data 0.180 (0.180)	Loss 1.9744e-01 (1.9744e-01)	lr: 0.000050
2026-03-02 17:09:41,568 - INFO: Epoch: [191][100/251]	Time 0.307 (0.350)	Data 0.187 (0.189)	Loss 2.1120e-01 (2.4627e-01)	lr: 0.000050
2026-03-02 17:10:16,911 - INFO: Epoch: [191][200/251]	Time 0.338 (0.352)	Data 0.183 (0.190)	Loss 2.3653e-01 (2.4903e-01)	lr: 0.000050
2026-03-02 17:10:33,405 - INFO: ----------Epoch:191, training loss is 0.2509 ---------
2026-03-02 17:10:33,789 - INFO: Epoch: [192][  0/251]	Time 0.384 (0.384)	Data 0.188 (0.188)	Loss 1.9816e-01 (1.9816e-01)	lr: 0.000050
2026-03-02 17:11:09,190 - INFO: Epoch: [192][100/251]	Time 0.357 (0.354)	Data 0.193 (0.212)	Loss 3.0136e-01 (2.4182e-01)	lr: 0.000050
2026-03-02 17:11:46,643 - INFO: Epoch: [192][200/251]	Time 0.378 (0.364)	Data 0.178 (0.209)	Loss 3.0178e-01 (2.4484e-01)	lr: 0.000050
2026-03-02 17:12:02,893 - INFO: ----------Epoch:192, training loss is 0.2454 ---------
2026-03-02 17:12:04,340 - INFO: Epoch: [193][  0/251]	Time 0.326 (0.326)	Data 0.179 (0.179)	Loss 2.8615e-01 (2.8615e-01)	lr: 0.000050
2026-03-02 17:12:40,118 - INFO: Epoch: [193][100/251]	Time 0.332 (0.357)	Data 0.186 (0.212)	Loss 1.8938e-01 (2.4166e-01)	lr: 0.000050
2026-03-02 17:13:14,523 - INFO: Epoch: [193][200/251]	Time 0.291 (0.351)	Data 0.177 (0.200)	Loss 2.6801e-01 (2.4673e-01)	lr: 0.000050
2026-03-02 17:13:33,194 - INFO: ----------Epoch:193, training loss is 0.2491 ---------
2026-03-02 17:13:33,541 - INFO: Epoch: [194][  0/251]	Time 0.346 (0.346)	Data 0.196 (0.196)	Loss 2.1571e-01 (2.1571e-01)	lr: 0.000050
2026-03-02 17:14:09,087 - INFO: Epoch: [194][100/251]	Time 0.357 (0.355)	Data 0.199 (0.189)	Loss 1.6948e-01 (2.4263e-01)	lr: 0.000050
2026-03-02 17:14:45,389 - INFO: Epoch: [194][200/251]	Time 0.345 (0.359)	Data 0.198 (0.189)	Loss 2.7638e-01 (2.4547e-01)	lr: 0.000050
2026-03-02 17:15:01,037 - INFO: ----------Epoch:194, training loss is 0.2460 ---------
2026-03-02 17:15:01,335 - INFO: Epoch: [195][  0/251]	Time 0.297 (0.297)	Data 0.175 (0.175)	Loss 2.3604e-01 (2.3604e-01)	lr: 0.000050
2026-03-02 17:15:37,157 - INFO: Epoch: [195][100/251]	Time 0.337 (0.358)	Data 0.183 (0.217)	Loss 2.1940e-01 (2.3642e-01)	lr: 0.000050
2026-03-02 17:16:11,682 - INFO: Epoch: [195][200/251]	Time 0.319 (0.351)	Data 0.185 (0.201)	Loss 1.9620e-01 (2.4160e-01)	lr: 0.000050
2026-03-02 17:16:30,627 - INFO: ----------Epoch:195, training loss is 0.2439 ---------
2026-03-02 17:16:32,160 - INFO: Epoch: [196][  0/251]	Time 0.325 (0.325)	Data 0.181 (0.181)	Loss 2.4364e-01 (2.4364e-01)	lr: 0.000050
2026-03-02 17:17:07,679 - INFO: Epoch: [196][100/251]	Time 0.302 (0.355)	Data 0.193 (0.211)	Loss 2.9219e-01 (2.4469e-01)	lr: 0.000050
2026-03-02 17:17:43,768 - INFO: Epoch: [196][200/251]	Time 0.345 (0.358)	Data 0.180 (0.200)	Loss 3.1965e-01 (2.4630e-01)	lr: 0.000050
2026-03-02 17:18:00,108 - INFO: ----------Epoch:196, training loss is 0.2480 ---------
2026-03-02 17:18:00,418 - INFO: Epoch: [197][  0/251]	Time 0.309 (0.309)	Data 0.183 (0.183)	Loss 2.6356e-01 (2.6356e-01)	lr: 0.000050
2026-03-02 17:18:35,925 - INFO: Epoch: [197][100/251]	Time 0.319 (0.355)	Data 0.182 (0.189)	Loss 2.5386e-01 (2.4841e-01)	lr: 0.000050
2026-03-02 17:19:11,716 - INFO: Epoch: [197][200/251]	Time 0.416 (0.356)	Data 0.185 (0.198)	Loss 2.5221e-01 (2.4817e-01)	lr: 0.000050
2026-03-02 17:19:30,456 - INFO: ----------Epoch:197, training loss is 0.2467 ---------
2026-03-02 17:19:30,746 - INFO: Epoch: [198][  0/251]	Time 0.289 (0.289)	Data 0.179 (0.179)	Loss 2.4245e-01 (2.4245e-01)	lr: 0.000050
2026-03-02 17:20:06,456 - INFO: Epoch: [198][100/251]	Time 0.367 (0.356)	Data 0.181 (0.210)	Loss 3.1117e-01 (2.4542e-01)	lr: 0.000050
2026-03-02 17:20:41,785 - INFO: Epoch: [198][200/251]	Time 0.332 (0.355)	Data 0.191 (0.199)	Loss 2.4663e-01 (2.4570e-01)	lr: 0.000050
2026-03-02 17:21:00,472 - INFO: ----------Epoch:198, training loss is 0.2456 ---------
2026-03-02 17:21:00,764 - INFO: Epoch: [199][  0/251]	Time 0.291 (0.291)	Data 0.193 (0.193)	Loss 1.7656e-01 (1.7656e-01)	lr: 0.000050
2026-03-02 17:21:36,022 - INFO: Epoch: [199][100/251]	Time 0.299 (0.352)	Data 0.185 (0.211)	Loss 2.5710e-01 (2.3941e-01)	lr: 0.000050
2026-03-02 17:22:10,783 - INFO: Epoch: [199][200/251]	Time 0.348 (0.350)	Data 0.185 (0.210)	Loss 2.4245e-01 (2.4152e-01)	lr: 0.000050
2026-03-02 17:22:27,708 - INFO: ----------Epoch:199, training loss is 0.2416 ---------
2026-03-02 17:22:29,266 - INFO: Epoch: [200][  0/251]	Time 0.401 (0.401)	Data 0.206 (0.206)	Loss 2.0527e-01 (2.0527e-01)	lr: 0.000050
2026-03-02 17:23:04,297 - INFO: Epoch: [200][100/251]	Time 0.328 (0.351)	Data 0.176 (0.213)	Loss 2.8313e-01 (2.3514e-01)	lr: 0.000050
2026-03-02 17:23:39,467 - INFO: Epoch: [200][200/251]	Time 0.363 (0.351)	Data 0.187 (0.212)	Loss 2.3229e-01 (2.3769e-01)	lr: 0.000050
2026-03-02 17:23:58,251 - INFO: ----------Epoch:200, training loss is 0.2392 ---------
2026-03-02 17:24:00,943 - INFO: Epoch: [201][  0/251]	Time 0.339 (0.339)	Data 0.194 (0.194)	Loss 2.7333e-01 (2.7333e-01)	lr: 0.000050
2026-03-02 17:24:36,626 - INFO: Epoch: [201][100/251]	Time 0.337 (0.357)	Data 0.189 (0.210)	Loss 1.8463e-01 (2.3048e-01)	lr: 0.000050
2026-03-02 17:25:11,872 - INFO: Epoch: [201][200/251]	Time 0.303 (0.355)	Data 0.196 (0.209)	Loss 2.1746e-01 (2.3507e-01)	lr: 0.000050
2026-03-02 17:25:28,838 - INFO: ----------Epoch:201, training loss is 0.2359 ---------
2026-03-02 17:25:30,405 - INFO: Epoch: [202][  0/251]	Time 0.382 (0.382)	Data 0.181 (0.181)	Loss 2.6699e-01 (2.6699e-01)	lr: 0.000050
2026-03-02 17:26:08,267 - INFO: Epoch: [202][100/251]	Time 2.589 (0.379)	Data 2.451 (0.209)	Loss 2.2373e-01 (2.3861e-01)	lr: 0.000050
2026-03-02 17:26:43,521 - INFO: Epoch: [202][200/251]	Time 0.369 (0.366)	Data 0.194 (0.210)	Loss 1.6756e-01 (2.3889e-01)	lr: 0.000050
2026-03-02 17:26:59,467 - INFO: ----------Epoch:202, training loss is 0.2374 ---------
2026-03-02 17:26:59,806 - INFO: Epoch: [203][  0/251]	Time 0.337 (0.337)	Data 0.190 (0.190)	Loss 3.3007e-01 (3.3007e-01)	lr: 0.000050
2026-03-02 17:27:35,666 - INFO: Epoch: [203][100/251]	Time 0.332 (0.358)	Data 0.199 (0.188)	Loss 3.5013e-01 (2.4062e-01)	lr: 0.000050
2026-03-02 17:28:10,776 - INFO: Epoch: [203][200/251]	Time 0.330 (0.355)	Data 0.181 (0.188)	Loss 1.8183e-01 (2.4123e-01)	lr: 0.000050
2026-03-02 17:28:29,698 - INFO: ----------Epoch:203, training loss is 0.2407 ---------
2026-03-02 17:28:30,059 - INFO: Epoch: [204][  0/251]	Time 0.359 (0.359)	Data 0.196 (0.196)	Loss 2.3693e-01 (2.3693e-01)	lr: 0.000050
2026-03-02 17:29:06,025 - INFO: Epoch: [204][100/251]	Time 0.342 (0.360)	Data 0.200 (0.214)	Loss 2.8903e-01 (2.4129e-01)	lr: 0.000050
2026-03-02 17:29:41,043 - INFO: Epoch: [204][200/251]	Time 0.298 (0.355)	Data 0.198 (0.199)	Loss 2.1789e-01 (2.3965e-01)	lr: 0.000050
2026-03-02 17:29:56,864 - INFO: ----------Epoch:204, training loss is 0.2400 ---------
2026-03-02 17:29:57,158 - INFO: Epoch: [205][  0/251]	Time 0.293 (0.293)	Data 0.193 (0.193)	Loss 1.9480e-01 (1.9480e-01)	lr: 0.000050
2026-03-02 17:30:32,643 - INFO: Epoch: [205][100/251]	Time 0.387 (0.354)	Data 0.183 (0.187)	Loss 2.4158e-01 (2.3364e-01)	lr: 0.000050
2026-03-02 17:31:08,438 - INFO: Epoch: [205][200/251]	Time 0.299 (0.356)	Data 0.183 (0.200)	Loss 2.5016e-01 (2.3726e-01)	lr: 0.000050
2026-03-02 17:31:28,156 - INFO: ----------Epoch:205, training loss is 0.2400 ---------
2026-03-02 17:31:28,481 - INFO: Epoch: [206][  0/251]	Time 0.324 (0.324)	Data 0.183 (0.183)	Loss 2.2008e-01 (2.2008e-01)	lr: 0.000050
2026-03-02 17:32:04,192 - INFO: Epoch: [206][100/251]	Time 0.285 (0.357)	Data 0.187 (0.186)	Loss 2.0239e-01 (2.3853e-01)	lr: 0.000050
2026-03-02 17:32:39,296 - INFO: Epoch: [206][200/251]	Time 0.283 (0.354)	Data 0.177 (0.197)	Loss 2.3548e-01 (2.3755e-01)	lr: 0.000050
2026-03-02 17:32:55,025 - INFO: ----------Epoch:206, training loss is 0.2369 ---------
2026-03-02 17:32:55,312 - INFO: Epoch: [207][  0/251]	Time 0.286 (0.286)	Data 0.186 (0.186)	Loss 2.7789e-01 (2.7789e-01)	lr: 0.000050
2026-03-02 17:33:31,437 - INFO: Epoch: [207][100/251]	Time 0.345 (0.361)	Data 0.209 (0.185)	Loss 2.4369e-01 (2.4164e-01)	lr: 0.000050
2026-03-02 17:34:06,020 - INFO: Epoch: [207][200/251]	Time 0.340 (0.353)	Data 0.188 (0.185)	Loss 2.1968e-01 (2.3329e-01)	lr: 0.000050
2026-03-02 17:34:25,442 - INFO: ----------Epoch:207, training loss is 0.2344 ---------
2026-03-02 17:34:26,888 - INFO: Epoch: [208][  0/251]	Time 0.313 (0.313)	Data 0.189 (0.189)	Loss 2.9819e-01 (2.9819e-01)	lr: 0.000050
2026-03-02 17:35:02,070 - INFO: Epoch: [208][100/251]	Time 0.322 (0.351)	Data 0.180 (0.185)	Loss 2.1344e-01 (2.3579e-01)	lr: 0.000050
2026-03-02 17:35:37,409 - INFO: Epoch: [208][200/251]	Time 0.308 (0.352)	Data 0.182 (0.198)	Loss 2.2071e-01 (2.3888e-01)	lr: 0.000050
2026-03-02 17:35:53,450 - INFO: ----------Epoch:208, training loss is 0.2367 ---------
2026-03-02 17:35:53,850 - INFO: Epoch: [209][  0/251]	Time 0.398 (0.398)	Data 0.187 (0.187)	Loss 2.0360e-01 (2.0360e-01)	lr: 0.000050
2026-03-02 17:36:31,517 - INFO: Epoch: [209][100/251]	Time 0.346 (0.377)	Data 0.189 (0.224)	Loss 1.9037e-01 (2.2795e-01)	lr: 0.000050
2026-03-02 17:37:06,424 - INFO: Epoch: [209][200/251]	Time 0.333 (0.363)	Data 0.204 (0.207)	Loss 2.4155e-01 (2.3026e-01)	lr: 0.000050
2026-03-02 17:37:23,235 - INFO: ----------Epoch:209, training loss is 0.2319 ---------
2026-03-02 17:37:24,790 - INFO: Epoch: [210][  0/251]	Time 0.389 (0.389)	Data 0.192 (0.192)	Loss 2.2375e-01 (2.2375e-01)	lr: 0.000050
2026-03-02 17:38:00,355 - INFO: Epoch: [210][100/251]	Time 0.348 (0.356)	Data 0.175 (0.206)	Loss 2.4660e-01 (2.2760e-01)	lr: 0.000050
2026-03-02 17:38:35,456 - INFO: Epoch: [210][200/251]	Time 0.345 (0.354)	Data 0.186 (0.198)	Loss 2.6619e-01 (2.3027e-01)	lr: 0.000050
2026-03-02 17:38:54,160 - INFO: ----------Epoch:210, training loss is 0.2320 ---------
2026-03-02 17:38:54,493 - INFO: Epoch: [211][  0/251]	Time 0.331 (0.331)	Data 0.194 (0.194)	Loss 2.8239e-01 (2.8239e-01)	lr: 0.000050
2026-03-02 17:39:27,620 - INFO: Epoch: [211][100/251]	Time 0.330 (0.331)	Data 0.198 (0.189)	Loss 1.8069e-01 (2.3168e-01)	lr: 0.000050
2026-03-02 17:40:02,952 - INFO: Epoch: [211][200/251]	Time 0.312 (0.342)	Data 0.203 (0.197)	Loss 2.3110e-01 (2.3346e-01)	lr: 0.000050
2026-03-02 17:40:21,844 - INFO: ----------Epoch:211, training loss is 0.2337 ---------
2026-03-02 17:40:22,159 - INFO: Epoch: [212][  0/251]	Time 0.314 (0.314)	Data 0.178 (0.178)	Loss 1.9045e-01 (1.9045e-01)	lr: 0.000050
2026-03-02 17:40:57,510 - INFO: Epoch: [212][100/251]	Time 0.386 (0.353)	Data 0.203 (0.206)	Loss 2.9309e-01 (2.3497e-01)	lr: 0.000050
2026-03-02 17:41:32,069 - INFO: Epoch: [212][200/251]	Time 0.405 (0.349)	Data 0.186 (0.197)	Loss 2.1070e-01 (2.3272e-01)	lr: 0.000050
2026-03-02 17:41:48,163 - INFO: ----------Epoch:212, training loss is 0.2347 ---------
2026-03-02 17:41:48,568 - INFO: Epoch: [213][  0/251]	Time 0.404 (0.404)	Data 0.245 (0.245)	Loss 2.6870e-01 (2.6870e-01)	lr: 0.000050
2026-03-02 17:42:23,637 - INFO: Epoch: [213][100/251]	Time 0.333 (0.351)	Data 0.186 (0.205)	Loss 2.4670e-01 (2.3185e-01)	lr: 0.000050
2026-03-02 17:43:00,357 - INFO: Epoch: [213][200/251]	Time 0.361 (0.359)	Data 0.217 (0.214)	Loss 2.6251e-01 (2.3365e-01)	lr: 0.000050
2026-03-02 17:43:16,974 - INFO: ----------Epoch:213, training loss is 0.2347 ---------
2026-03-02 17:43:17,306 - INFO: Epoch: [214][  0/251]	Time 0.331 (0.331)	Data 0.196 (0.196)	Loss 2.2021e-01 (2.2021e-01)	lr: 0.000050
2026-03-02 17:43:52,790 - INFO: Epoch: [214][100/251]	Time 0.313 (0.355)	Data 0.165 (0.206)	Loss 3.4765e-01 (2.3163e-01)	lr: 0.000050
2026-03-02 17:44:28,228 - INFO: Epoch: [214][200/251]	Time 0.325 (0.354)	Data 0.187 (0.198)	Loss 2.5313e-01 (2.3473e-01)	lr: 0.000050
2026-03-02 17:44:46,746 - INFO: ----------Epoch:214, training loss is 0.2342 ---------
2026-03-02 17:44:47,095 - INFO: Epoch: [215][  0/251]	Time 0.347 (0.347)	Data 0.191 (0.191)	Loss 2.2367e-01 (2.2367e-01)	lr: 0.000050
2026-03-02 17:45:23,301 - INFO: Epoch: [215][100/251]	Time 0.362 (0.362)	Data 0.210 (0.191)	Loss 2.8163e-01 (2.3635e-01)	lr: 0.000050
2026-03-02 17:45:58,264 - INFO: Epoch: [215][200/251]	Time 0.304 (0.356)	Data 0.195 (0.191)	Loss 2.1252e-01 (2.3576e-01)	lr: 0.000050
2026-03-02 17:46:15,377 - INFO: ----------Epoch:215, training loss is 0.2350 ---------
2026-03-02 17:46:15,794 - INFO: Epoch: [216][  0/251]	Time 0.416 (0.416)	Data 0.205 (0.205)	Loss 2.4687e-01 (2.4687e-01)	lr: 0.000050
2026-03-02 17:46:49,317 - INFO: Epoch: [216][100/251]	Time 0.281 (0.336)	Data 0.186 (0.189)	Loss 1.7045e-01 (2.3284e-01)	lr: 0.000050
2026-03-02 17:47:25,524 - INFO: Epoch: [216][200/251]	Time 0.336 (0.349)	Data 0.200 (0.196)	Loss 2.1281e-01 (2.3328e-01)	lr: 0.000050
2026-03-02 17:47:44,262 - INFO: ----------Epoch:216, training loss is 0.2335 ---------
2026-03-02 17:47:44,567 - INFO: Epoch: [217][  0/251]	Time 0.304 (0.304)	Data 0.191 (0.191)	Loss 2.1393e-01 (2.1393e-01)	lr: 0.000050
2026-03-02 17:48:18,936 - INFO: Epoch: [217][100/251]	Time 0.338 (0.343)	Data 0.181 (0.202)	Loss 1.9201e-01 (2.2565e-01)	lr: 0.000050
2026-03-02 17:48:54,939 - INFO: Epoch: [217][200/251]	Time 0.362 (0.352)	Data 0.176 (0.206)	Loss 2.5728e-01 (2.2910e-01)	lr: 0.000050
2026-03-02 17:49:13,425 - INFO: ----------Epoch:217, training loss is 0.2308 ---------
2026-03-02 17:49:14,979 - INFO: Epoch: [218][  0/251]	Time 0.321 (0.321)	Data 0.193 (0.193)	Loss 2.3288e-01 (2.3288e-01)	lr: 0.000050
2026-03-02 17:49:50,136 - INFO: Epoch: [218][100/251]	Time 0.308 (0.351)	Data 0.188 (0.190)	Loss 3.6249e-01 (2.1843e-01)	lr: 0.000050
2026-03-02 17:50:25,061 - INFO: Epoch: [218][200/251]	Time 0.332 (0.350)	Data 0.186 (0.199)	Loss 2.6458e-01 (2.2683e-01)	lr: 0.000050
2026-03-02 17:50:41,997 - INFO: ----------Epoch:218, training loss is 0.2282 ---------
2026-03-02 17:50:43,572 - INFO: Epoch: [219][  0/251]	Time 0.313 (0.313)	Data 0.196 (0.196)	Loss 2.3367e-01 (2.3367e-01)	lr: 0.000050
2026-03-02 17:51:18,794 - INFO: Epoch: [219][100/251]	Time 0.414 (0.352)	Data 0.228 (0.210)	Loss 2.4393e-01 (2.2634e-01)	lr: 0.000050
2026-03-02 17:51:53,837 - INFO: Epoch: [219][200/251]	Time 0.320 (0.351)	Data 0.181 (0.209)	Loss 2.3067e-01 (2.2784e-01)	lr: 0.000050
2026-03-02 17:52:13,155 - INFO: ----------Epoch:219, training loss is 0.2286 ---------
2026-03-02 17:52:13,535 - INFO: Epoch: [220][  0/251]	Time 0.379 (0.379)	Data 0.197 (0.197)	Loss 2.1096e-01 (2.1096e-01)	lr: 0.000050
2026-03-02 17:52:49,453 - INFO: Epoch: [220][100/251]	Time 0.305 (0.359)	Data 0.196 (0.213)	Loss 2.4208e-01 (2.1958e-01)	lr: 0.000050
2026-03-02 17:53:24,495 - INFO: Epoch: [220][200/251]	Time 0.289 (0.355)	Data 0.176 (0.211)	Loss 2.0511e-01 (2.2780e-01)	lr: 0.000050
2026-03-02 17:53:43,723 - INFO: ----------Epoch:220, training loss is 0.2281 ---------
2026-03-02 17:53:45,240 - INFO: Epoch: [221][  0/251]	Time 0.332 (0.332)	Data 0.194 (0.194)	Loss 2.1891e-01 (2.1891e-01)	lr: 0.000050
2026-03-02 17:54:21,017 - INFO: Epoch: [221][100/251]	Time 0.296 (0.358)	Data 0.191 (0.208)	Loss 2.9384e-01 (2.2396e-01)	lr: 0.000050
2026-03-02 17:54:56,055 - INFO: Epoch: [221][200/251]	Time 0.282 (0.354)	Data 0.178 (0.209)	Loss 2.2049e-01 (2.2887e-01)	lr: 0.000050
2026-03-02 17:55:12,825 - INFO: ----------Epoch:221, training loss is 0.2295 ---------
2026-03-02 17:55:13,210 - INFO: Epoch: [222][  0/251]	Time 0.384 (0.384)	Data 0.202 (0.202)	Loss 2.4788e-01 (2.4788e-01)	lr: 0.000050
2026-03-02 17:55:48,284 - INFO: Epoch: [222][100/251]	Time 0.298 (0.351)	Data 0.193 (0.210)	Loss 2.5125e-01 (2.2343e-01)	lr: 0.000050
2026-03-02 17:56:23,743 - INFO: Epoch: [222][200/251]	Time 0.361 (0.353)	Data 0.185 (0.201)	Loss 2.6113e-01 (2.2708e-01)	lr: 0.000050
2026-03-02 17:56:41,755 - INFO: ----------Epoch:222, training loss is 0.2272 ---------
2026-03-02 17:56:43,215 - INFO: Epoch: [223][  0/251]	Time 0.294 (0.294)	Data 0.167 (0.167)	Loss 1.2522e-01 (1.2522e-01)	lr: 0.000050
2026-03-02 17:57:18,408 - INFO: Epoch: [223][100/251]	Time 0.333 (0.351)	Data 0.224 (0.210)	Loss 2.7757e-01 (2.2668e-01)	lr: 0.000050
2026-03-02 17:57:53,877 - INFO: Epoch: [223][200/251]	Time 0.362 (0.353)	Data 0.198 (0.200)	Loss 2.6479e-01 (2.2928e-01)	lr: 0.000050
2026-03-02 17:58:10,781 - INFO: ----------Epoch:223, training loss is 0.2313 ---------
2026-03-02 17:58:11,136 - INFO: Epoch: [224][  0/251]	Time 0.354 (0.354)	Data 0.203 (0.203)	Loss 2.0452e-01 (2.0452e-01)	lr: 0.000050
2026-03-02 17:58:48,755 - INFO: Epoch: [224][100/251]	Time 0.321 (0.376)	Data 0.190 (0.211)	Loss 1.5062e-01 (2.3108e-01)	lr: 0.000050
2026-03-02 17:59:24,315 - INFO: Epoch: [224][200/251]	Time 0.304 (0.366)	Data 0.179 (0.200)	Loss 2.2561e-01 (2.3167e-01)	lr: 0.000050
2026-03-02 17:59:40,739 - INFO: ----------Epoch:224, training loss is 0.2319 ---------
2026-03-02 17:59:41,030 - INFO: Epoch: [225][  0/251]	Time 0.290 (0.290)	Data 0.180 (0.180)	Loss 1.7176e-01 (1.7176e-01)	lr: 0.000050
2026-03-02 18:00:17,057 - INFO: Epoch: [225][100/251]	Time 0.302 (0.360)	Data 0.176 (0.210)	Loss 2.0338e-01 (2.2328e-01)	lr: 0.000050
2026-03-02 18:00:52,027 - INFO: Epoch: [225][200/251]	Time 0.307 (0.355)	Data 0.192 (0.208)	Loss 2.4665e-01 (2.2493e-01)	lr: 0.000050
2026-03-02 18:01:10,956 - INFO: ----------Epoch:225, training loss is 0.2247 ---------
2026-03-02 18:01:12,607 - INFO: Epoch: [226][  0/251]	Time 0.386 (0.386)	Data 0.224 (0.224)	Loss 2.5543e-01 (2.5543e-01)	lr: 0.000050
2026-03-02 18:01:46,160 - INFO: Epoch: [226][100/251]	Time 0.401 (0.336)	Data 0.199 (0.192)	Loss 2.1340e-01 (2.2850e-01)	lr: 0.000050
2026-03-02 18:02:22,242 - INFO: Epoch: [226][200/251]	Time 0.345 (0.348)	Data 0.195 (0.191)	Loss 2.3728e-01 (2.2908e-01)	lr: 0.000050
2026-03-02 18:02:40,769 - INFO: ----------Epoch:226, training loss is 0.2291 ---------
2026-03-02 18:02:41,143 - INFO: Epoch: [227][  0/251]	Time 0.373 (0.373)	Data 0.188 (0.188)	Loss 1.7358e-01 (1.7358e-01)	lr: 0.000050
2026-03-02 18:03:17,061 - INFO: Epoch: [227][100/251]	Time 0.373 (0.359)	Data 0.212 (0.192)	Loss 1.9800e-01 (2.1906e-01)	lr: 0.000050
2026-03-02 18:03:52,356 - INFO: Epoch: [227][200/251]	Time 0.324 (0.356)	Data 0.199 (0.200)	Loss 1.6956e-01 (2.2109e-01)	lr: 0.000050
2026-03-02 18:04:11,239 - INFO: ----------Epoch:227, training loss is 0.2227 ---------
2026-03-02 18:04:12,785 - INFO: Epoch: [228][  0/251]	Time 0.361 (0.361)	Data 0.194 (0.194)	Loss 1.8210e-01 (1.8210e-01)	lr: 0.000050
2026-03-02 18:04:48,313 - INFO: Epoch: [228][100/251]	Time 0.309 (0.355)	Data 0.185 (0.192)	Loss 1.8845e-01 (2.2006e-01)	lr: 0.000050
2026-03-02 18:05:21,604 - INFO: Epoch: [228][200/251]	Time 0.345 (0.344)	Data 0.204 (0.190)	Loss 2.5547e-01 (2.2489e-01)	lr: 0.000050
2026-03-02 18:05:42,242 - INFO: ----------Epoch:228, training loss is 0.2240 ---------
2026-03-02 18:05:42,677 - INFO: Epoch: [229][  0/251]	Time 0.434 (0.434)	Data 0.209 (0.209)	Loss 2.1469e-01 (2.1469e-01)	lr: 0.000050
2026-03-02 18:06:16,725 - INFO: Epoch: [229][100/251]	Time 0.295 (0.341)	Data 0.192 (0.186)	Loss 2.5856e-01 (2.2588e-01)	lr: 0.000050
2026-03-02 18:06:51,715 - INFO: Epoch: [229][200/251]	Time 0.305 (0.346)	Data 0.174 (0.197)	Loss 1.5186e-01 (2.2375e-01)	lr: 0.000050
2026-03-02 18:07:07,968 - INFO: ----------Epoch:229, training loss is 0.2238 ---------
2026-03-02 18:07:08,340 - INFO: Epoch: [230][  0/251]	Time 0.370 (0.370)	Data 0.194 (0.194)	Loss 1.7087e-01 (1.7087e-01)	lr: 0.000050
2026-03-02 18:07:43,796 - INFO: Epoch: [230][100/251]	Time 0.336 (0.355)	Data 0.188 (0.208)	Loss 1.9901e-01 (2.1947e-01)	lr: 0.000050
2026-03-02 18:08:19,236 - INFO: Epoch: [230][200/251]	Time 0.377 (0.355)	Data 0.202 (0.209)	Loss 2.1378e-01 (2.2147e-01)	lr: 0.000050
2026-03-02 18:08:38,017 - INFO: ----------Epoch:230, training loss is 0.2228 ---------
2026-03-02 18:08:38,382 - INFO: Epoch: [231][  0/251]	Time 0.364 (0.364)	Data 0.184 (0.184)	Loss 2.4565e-01 (2.4565e-01)	lr: 0.000050
2026-03-02 18:09:13,352 - INFO: Epoch: [231][100/251]	Time 0.291 (0.350)	Data 0.171 (0.204)	Loss 1.7724e-01 (2.1524e-01)	lr: 0.000050
2026-03-02 18:09:48,166 - INFO: Epoch: [231][200/251]	Time 0.295 (0.349)	Data 0.174 (0.196)	Loss 2.4330e-01 (2.2002e-01)	lr: 0.000050
2026-03-02 18:10:06,749 - INFO: ----------Epoch:231, training loss is 0.2232 ---------
2026-03-02 18:10:07,042 - INFO: Epoch: [232][  0/251]	Time 0.292 (0.292)	Data 0.177 (0.177)	Loss 2.2294e-01 (2.2294e-01)	lr: 0.000050
2026-03-02 18:10:41,593 - INFO: Epoch: [232][100/251]	Time 0.358 (0.345)	Data 0.222 (0.186)	Loss 2.3027e-01 (2.2067e-01)	lr: 0.000050
2026-03-02 18:11:16,918 - INFO: Epoch: [232][200/251]	Time 0.291 (0.349)	Data 0.181 (0.188)	Loss 2.4862e-01 (2.2068e-01)	lr: 0.000050
2026-03-02 18:11:33,382 - INFO: ----------Epoch:232, training loss is 0.2230 ---------
2026-03-02 18:11:33,702 - INFO: Epoch: [233][  0/251]	Time 0.319 (0.319)	Data 0.206 (0.206)	Loss 2.3028e-01 (2.3028e-01)	lr: 0.000050
2026-03-02 18:12:08,558 - INFO: Epoch: [233][100/251]	Time 0.292 (0.348)	Data 0.175 (0.186)	Loss 2.3619e-01 (2.2229e-01)	lr: 0.000050
2026-03-02 18:12:43,408 - INFO: Epoch: [233][200/251]	Time 0.346 (0.348)	Data 0.190 (0.187)	Loss 2.5839e-01 (2.2457e-01)	lr: 0.000050
2026-03-02 18:13:02,137 - INFO: ----------Epoch:233, training loss is 0.2258 ---------
2026-03-02 18:13:02,467 - INFO: Epoch: [234][  0/251]	Time 0.329 (0.329)	Data 0.198 (0.198)	Loss 2.4277e-01 (2.4277e-01)	lr: 0.000050
2026-03-02 18:13:37,287 - INFO: Epoch: [234][100/251]	Time 0.356 (0.348)	Data 0.191 (0.188)	Loss 1.8315e-01 (2.2595e-01)	lr: 0.000050
2026-03-02 18:14:12,710 - INFO: Epoch: [234][200/251]	Time 0.354 (0.351)	Data 0.186 (0.189)	Loss 1.4931e-01 (2.2410e-01)	lr: 0.000050
2026-03-02 18:14:29,257 - INFO: ----------Epoch:234, training loss is 0.2247 ---------
2026-03-02 18:14:29,540 - INFO: Epoch: [235][  0/251]	Time 0.283 (0.283)	Data 0.179 (0.179)	Loss 2.7382e-01 (2.7382e-01)	lr: 0.000050
2026-03-02 18:15:04,388 - INFO: Epoch: [235][100/251]	Time 0.305 (0.348)	Data 0.189 (0.204)	Loss 2.3845e-01 (2.2392e-01)	lr: 0.000050
2026-03-02 18:15:39,773 - INFO: Epoch: [235][200/251]	Time 0.329 (0.351)	Data 0.200 (0.207)	Loss 1.6314e-01 (2.2430e-01)	lr: 0.000050
2026-03-02 18:15:58,472 - INFO: ----------Epoch:235, training loss is 0.2238 ---------
2026-03-02 18:15:58,775 - INFO: Epoch: [236][  0/251]	Time 0.301 (0.301)	Data 0.183 (0.183)	Loss 2.0749e-01 (2.0749e-01)	lr: 0.000050
2026-03-02 18:16:34,012 - INFO: Epoch: [236][100/251]	Time 0.318 (0.352)	Data 0.192 (0.207)	Loss 2.3366e-01 (2.1830e-01)	lr: 0.000050
2026-03-02 18:17:09,504 - INFO: Epoch: [236][200/251]	Time 0.343 (0.353)	Data 0.192 (0.207)	Loss 2.8945e-01 (2.2275e-01)	lr: 0.000050
2026-03-02 18:17:26,242 - INFO: ----------Epoch:236, training loss is 0.2221 ---------
2026-03-02 18:17:29,585 - INFO: Epoch: [237][  0/251]	Time 0.348 (0.348)	Data 0.195 (0.195)	Loss 1.4901e-01 (1.4901e-01)	lr: 0.000050
2026-03-02 18:18:04,300 - INFO: Epoch: [237][100/251]	Time 0.327 (0.347)	Data 0.196 (0.205)	Loss 1.8933e-01 (2.1768e-01)	lr: 0.000050
2026-03-02 18:18:39,280 - INFO: Epoch: [237][200/251]	Time 0.318 (0.348)	Data 0.189 (0.206)	Loss 1.9168e-01 (2.1909e-01)	lr: 0.000050
2026-03-02 18:18:55,826 - INFO: ----------Epoch:237, training loss is 0.2182 ---------
2026-03-02 18:18:57,322 - INFO: Epoch: [238][  0/251]	Time 0.295 (0.295)	Data 0.175 (0.175)	Loss 1.5880e-01 (1.5880e-01)	lr: 0.000050
2026-03-02 18:19:32,402 - INFO: Epoch: [238][100/251]	Time 0.317 (0.350)	Data 0.187 (0.190)	Loss 1.9323e-01 (2.1885e-01)	lr: 0.000050
2026-03-02 18:20:07,984 - INFO: Epoch: [238][200/251]	Time 0.339 (0.353)	Data 0.190 (0.199)	Loss 2.0021e-01 (2.2143e-01)	lr: 0.000050
2026-03-02 18:20:26,558 - INFO: ----------Epoch:238, training loss is 0.2200 ---------
2026-03-02 18:20:26,932 - INFO: Epoch: [239][  0/251]	Time 0.374 (0.374)	Data 0.184 (0.184)	Loss 2.1676e-01 (2.1676e-01)	lr: 0.000050
2026-03-02 18:21:01,874 - INFO: Epoch: [239][100/251]	Time 0.295 (0.350)	Data 0.185 (0.185)	Loss 1.7145e-01 (2.2051e-01)	lr: 0.000050
2026-03-02 18:21:36,896 - INFO: Epoch: [239][200/251]	Time 0.393 (0.350)	Data 0.220 (0.188)	Loss 2.4576e-01 (2.1848e-01)	lr: 0.000050
2026-03-02 18:21:53,960 - INFO: ----------Epoch:239, training loss is 0.2214 ---------
2026-03-02 18:21:54,327 - INFO: Epoch: [240][  0/251]	Time 0.367 (0.367)	Data 0.188 (0.188)	Loss 2.4561e-01 (2.4561e-01)	lr: 0.000050
2026-03-02 18:22:30,253 - INFO: Epoch: [240][100/251]	Time 0.277 (0.359)	Data 0.182 (0.191)	Loss 1.9538e-01 (2.1692e-01)	lr: 0.000050
2026-03-02 18:23:05,444 - INFO: Epoch: [240][200/251]	Time 0.343 (0.356)	Data 0.202 (0.200)	Loss 1.7909e-01 (2.1475e-01)	lr: 0.000050
2026-03-02 18:23:24,106 - INFO: ----------Epoch:240, training loss is 0.2172 ---------
2026-03-02 18:23:27,035 - INFO: Epoch: [241][  0/251]	Time 0.371 (0.371)	Data 0.213 (0.213)	Loss 2.0169e-01 (2.0169e-01)	lr: 0.000050
2026-03-02 18:24:02,761 - INFO: Epoch: [241][100/251]	Time 0.263 (0.357)	Data 0.175 (0.210)	Loss 1.7830e-01 (2.2283e-01)	lr: 0.000050
2026-03-02 18:24:38,076 - INFO: Epoch: [241][200/251]	Time 0.333 (0.355)	Data 0.201 (0.199)	Loss 1.7381e-01 (2.1712e-01)	lr: 0.000050
2026-03-02 18:24:56,547 - INFO: ----------Epoch:241, training loss is 0.2203 ---------
2026-03-02 18:24:56,900 - INFO: Epoch: [242][  0/251]	Time 0.352 (0.352)	Data 0.185 (0.185)	Loss 2.2350e-01 (2.2350e-01)	lr: 0.000050
2026-03-02 18:25:32,413 - INFO: Epoch: [242][100/251]	Time 0.329 (0.355)	Data 0.182 (0.207)	Loss 2.3119e-01 (2.1137e-01)	lr: 0.000050
2026-03-02 18:26:07,756 - INFO: Epoch: [242][200/251]	Time 0.510 (0.354)	Data 0.240 (0.208)	Loss 2.6933e-01 (2.1413e-01)	lr: 0.000050
2026-03-02 18:26:24,315 - INFO: ----------Epoch:242, training loss is 0.2157 ---------
2026-03-02 18:26:25,967 - INFO: Epoch: [243][  0/251]	Time 0.367 (0.367)	Data 0.176 (0.176)	Loss 2.1569e-01 (2.1569e-01)	lr: 0.000050
2026-03-02 18:27:01,221 - INFO: Epoch: [243][100/251]	Time 0.354 (0.353)	Data 0.187 (0.207)	Loss 2.1645e-01 (2.1137e-01)	lr: 0.000050
2026-03-02 18:27:36,944 - INFO: Epoch: [243][200/251]	Time 0.327 (0.355)	Data 0.182 (0.207)	Loss 2.3370e-01 (2.1562e-01)	lr: 0.000050
2026-03-02 18:27:55,158 - INFO: ----------Epoch:243, training loss is 0.2178 ---------
2026-03-02 18:27:55,478 - INFO: Epoch: [244][  0/251]	Time 0.319 (0.319)	Data 0.168 (0.168)	Loss 2.0232e-01 (2.0232e-01)	lr: 0.000050
2026-03-02 18:28:31,146 - INFO: Epoch: [244][100/251]	Time 0.325 (0.356)	Data 0.193 (0.212)	Loss 1.4726e-01 (2.1566e-01)	lr: 0.000050
2026-03-02 18:29:05,506 - INFO: Epoch: [244][200/251]	Time 0.266 (0.350)	Data 0.178 (0.209)	Loss 2.1537e-01 (2.1727e-01)	lr: 0.000050
2026-03-02 18:29:21,785 - INFO: ----------Epoch:244, training loss is 0.2174 ---------
2026-03-02 18:29:22,092 - INFO: Epoch: [245][  0/251]	Time 0.306 (0.306)	Data 0.180 (0.180)	Loss 2.0713e-01 (2.0713e-01)	lr: 0.000050
2026-03-02 18:29:57,749 - INFO: Epoch: [245][100/251]	Time 0.307 (0.356)	Data 0.193 (0.188)	Loss 1.9626e-01 (2.1312e-01)	lr: 0.000050
2026-03-02 18:30:32,862 - INFO: Epoch: [245][200/251]	Time 0.319 (0.354)	Data 0.192 (0.200)	Loss 1.5658e-01 (2.1610e-01)	lr: 0.000050
2026-03-02 18:30:52,893 - INFO: ----------Epoch:245, training loss is 0.2165 ---------
2026-03-02 18:30:53,274 - INFO: Epoch: [246][  0/251]	Time 0.380 (0.380)	Data 0.223 (0.223)	Loss 2.3592e-01 (2.3592e-01)	lr: 0.000050
2026-03-02 18:31:28,844 - INFO: Epoch: [246][100/251]	Time 0.283 (0.356)	Data 0.190 (0.205)	Loss 1.7881e-01 (2.1838e-01)	lr: 0.000050
2026-03-02 18:32:03,598 - INFO: Epoch: [246][200/251]	Time 0.367 (0.352)	Data 0.188 (0.207)	Loss 1.9535e-01 (2.1768e-01)	lr: 0.000050
2026-03-02 18:32:20,618 - INFO: ----------Epoch:246, training loss is 0.2145 ---------
2026-03-02 18:32:22,124 - INFO: Epoch: [247][  0/251]	Time 0.329 (0.329)	Data 0.193 (0.193)	Loss 2.5564e-01 (2.5564e-01)	lr: 0.000050
2026-03-02 18:32:57,613 - INFO: Epoch: [247][100/251]	Time 0.334 (0.355)	Data 0.184 (0.209)	Loss 1.8199e-01 (2.1494e-01)	lr: 0.000050
2026-03-02 18:33:33,228 - INFO: Epoch: [247][200/251]	Time 0.376 (0.355)	Data 0.192 (0.200)	Loss 2.5286e-01 (2.1699e-01)	lr: 0.000050
2026-03-02 18:33:52,150 - INFO: ----------Epoch:247, training loss is 0.2182 ---------
2026-03-02 18:33:52,448 - INFO: Epoch: [248][  0/251]	Time 0.298 (0.298)	Data 0.181 (0.181)	Loss 2.4020e-01 (2.4020e-01)	lr: 0.000050
2026-03-02 18:34:28,214 - INFO: Epoch: [248][100/251]	Time 0.300 (0.357)	Data 0.195 (0.212)	Loss 2.1356e-01 (2.2046e-01)	lr: 0.000050
2026-03-02 18:35:03,764 - INFO: Epoch: [248][200/251]	Time 0.294 (0.356)	Data 0.190 (0.201)	Loss 1.9282e-01 (2.2258e-01)	lr: 0.000050
2026-03-02 18:35:20,260 - INFO: ----------Epoch:248, training loss is 0.2205 ---------
2026-03-02 18:35:20,578 - INFO: Epoch: [249][  0/251]	Time 0.317 (0.317)	Data 0.185 (0.185)	Loss 2.7627e-01 (2.7627e-01)	lr: 0.000050
2026-03-02 18:35:58,204 - INFO: Epoch: [249][100/251]	Time 0.312 (0.376)	Data 0.190 (0.209)	Loss 2.1529e-01 (2.1955e-01)	lr: 0.000050
2026-03-02 18:36:33,963 - INFO: Epoch: [249][200/251]	Time 0.342 (0.367)	Data 0.185 (0.211)	Loss 2.0657e-01 (2.1757e-01)	lr: 0.000050
2026-03-02 18:36:50,251 - INFO: ----------Epoch:249, training loss is 0.2173 ---------
2026-03-02 18:36:50,572 - INFO: Epoch: [250][  0/251]	Time 0.319 (0.319)	Data 0.196 (0.196)	Loss 2.3393e-01 (2.3393e-01)	lr: 0.000050
2026-03-02 18:37:25,848 - INFO: Epoch: [250][100/251]	Time 0.294 (0.352)	Data 0.173 (0.209)	Loss 2.5337e-01 (2.1438e-01)	lr: 0.000050
2026-03-02 18:38:01,694 - INFO: Epoch: [250][200/251]	Time 0.301 (0.355)	Data 0.184 (0.210)	Loss 2.4235e-01 (2.1580e-01)	lr: 0.000050
2026-03-02 18:38:20,737 - INFO: ----------Epoch:250, training loss is 0.2161 ---------
2026-03-02 18:38:21,051 - INFO: Epoch: [251][  0/251]	Time 0.313 (0.313)	Data 0.185 (0.185)	Loss 2.4338e-01 (2.4338e-01)	lr: 0.000050
2026-03-02 18:38:55,962 - INFO: Epoch: [251][100/251]	Time 0.287 (0.349)	Data 0.183 (0.206)	Loss 2.4649e-01 (2.1418e-01)	lr: 0.000050
2026-03-02 18:39:31,686 - INFO: Epoch: [251][200/251]	Time 0.333 (0.353)	Data 0.203 (0.199)	Loss 2.3264e-01 (2.1596e-01)	lr: 0.000050
2026-03-02 18:39:48,104 - INFO: ----------Epoch:251, training loss is 0.2155 ---------
2026-03-02 18:39:48,445 - INFO: Epoch: [252][  0/251]	Time 0.340 (0.340)	Data 0.185 (0.185)	Loss 2.0800e-01 (2.0800e-01)	lr: 0.000050
2026-03-02 18:40:24,762 - INFO: Epoch: [252][100/251]	Time 0.372 (0.363)	Data 0.189 (0.195)	Loss 2.4085e-01 (2.0526e-01)	lr: 0.000050
2026-03-02 18:40:59,775 - INFO: Epoch: [252][200/251]	Time 0.288 (0.357)	Data 0.175 (0.200)	Loss 2.6877e-01 (2.1509e-01)	lr: 0.000050
2026-03-02 18:41:18,549 - INFO: ----------Epoch:252, training loss is 0.2170 ---------
2026-03-02 18:41:18,884 - INFO: Epoch: [253][  0/251]	Time 0.334 (0.334)	Data 0.189 (0.189)	Loss 1.6770e-01 (1.6770e-01)	lr: 0.000050
2026-03-02 18:41:54,190 - INFO: Epoch: [253][100/251]	Time 0.400 (0.353)	Data 0.193 (0.190)	Loss 1.9333e-01 (2.1501e-01)	lr: 0.000050
2026-03-02 18:42:30,515 - INFO: Epoch: [253][200/251]	Time 0.309 (0.358)	Data 0.188 (0.190)	Loss 2.1665e-01 (2.1346e-01)	lr: 0.000050
2026-03-02 18:42:47,308 - INFO: ----------Epoch:253, training loss is 0.2151 ---------
2026-03-02 18:42:47,619 - INFO: Epoch: [254][  0/251]	Time 0.310 (0.310)	Data 0.173 (0.173)	Loss 2.0665e-01 (2.0665e-01)	lr: 0.000050
2026-03-02 18:43:23,889 - INFO: Epoch: [254][100/251]	Time 0.371 (0.362)	Data 0.181 (0.188)	Loss 1.9246e-01 (2.1357e-01)	lr: 0.000050
2026-03-02 18:43:59,726 - INFO: Epoch: [254][200/251]	Time 0.329 (0.360)	Data 0.194 (0.192)	Loss 2.9451e-01 (2.1940e-01)	lr: 0.000050
2026-03-02 18:44:16,087 - INFO: ----------Epoch:254, training loss is 0.2177 ---------
2026-03-02 18:44:16,399 - INFO: Epoch: [255][  0/251]	Time 0.311 (0.311)	Data 0.180 (0.180)	Loss 2.5735e-01 (2.5735e-01)	lr: 0.000050
2026-03-02 18:44:51,709 - INFO: Epoch: [255][100/251]	Time 0.327 (0.353)	Data 0.206 (0.198)	Loss 2.5289e-01 (2.1174e-01)	lr: 0.000050
2026-03-02 18:45:27,147 - INFO: Epoch: [255][200/251]	Time 0.358 (0.354)	Data 0.202 (0.194)	Loss 2.1665e-01 (2.1395e-01)	lr: 0.000050
2026-03-02 18:45:45,073 - INFO: ----------Epoch:255, training loss is 0.2155 ---------
2026-03-02 18:45:45,399 - INFO: Epoch: [256][  0/251]	Time 0.325 (0.325)	Data 0.188 (0.188)	Loss 2.3778e-01 (2.3778e-01)	lr: 0.000050
2026-03-02 18:46:22,835 - INFO: Epoch: [256][100/251]	Time 0.295 (0.374)	Data 0.203 (0.204)	Loss 1.4898e-01 (2.1744e-01)	lr: 0.000050
2026-03-02 18:46:56,580 - INFO: Epoch: [256][200/251]	Time 0.276 (0.356)	Data 0.175 (0.199)	Loss 1.7610e-01 (2.1616e-01)	lr: 0.000050
2026-03-02 18:47:13,302 - INFO: ----------Epoch:256, training loss is 0.2184 ---------
2026-03-02 18:47:13,665 - INFO: Epoch: [257][  0/251]	Time 0.362 (0.362)	Data 0.198 (0.198)	Loss 2.0526e-01 (2.0526e-01)	lr: 0.000050
2026-03-02 18:47:49,116 - INFO: Epoch: [257][100/251]	Time 0.309 (0.355)	Data 0.180 (0.209)	Loss 1.5477e-01 (2.1286e-01)	lr: 0.000050
2026-03-02 18:48:26,062 - INFO: Epoch: [257][200/251]	Time 0.379 (0.362)	Data 0.203 (0.217)	Loss 2.2309e-01 (2.1483e-01)	lr: 0.000050
2026-03-02 18:48:42,748 - INFO: ----------Epoch:257, training loss is 0.2158 ---------
2026-03-02 18:48:43,055 - INFO: Epoch: [258][  0/251]	Time 0.306 (0.306)	Data 0.186 (0.186)	Loss 1.3032e-01 (1.3032e-01)	lr: 0.000050
2026-03-02 18:49:17,799 - INFO: Epoch: [258][100/251]	Time 0.313 (0.347)	Data 0.193 (0.189)	Loss 2.0232e-01 (2.0892e-01)	lr: 0.000050
2026-03-02 18:49:53,181 - INFO: Epoch: [258][200/251]	Time 0.319 (0.350)	Data 0.200 (0.189)	Loss 1.9126e-01 (2.1492e-01)	lr: 0.000050
2026-03-02 18:50:11,762 - INFO: ----------Epoch:258, training loss is 0.2146 ---------
2026-03-02 18:50:12,099 - INFO: Epoch: [259][  0/251]	Time 0.336 (0.336)	Data 0.192 (0.192)	Loss 2.8365e-01 (2.8365e-01)	lr: 0.000050
2026-03-02 18:50:47,566 - INFO: Epoch: [259][100/251]	Time 0.373 (0.354)	Data 0.198 (0.189)	Loss 2.2693e-01 (2.1575e-01)	lr: 0.000050
2026-03-02 18:51:23,093 - INFO: Epoch: [259][200/251]	Time 0.293 (0.355)	Data 0.184 (0.200)	Loss 1.8492e-01 (2.1481e-01)	lr: 0.000050
2026-03-02 18:51:39,505 - INFO: ----------Epoch:259, training loss is 0.2162 ---------
2026-03-02 18:51:39,828 - INFO: Epoch: [260][  0/251]	Time 0.322 (0.322)	Data 0.178 (0.178)	Loss 1.9240e-01 (1.9240e-01)	lr: 0.000050
2026-03-02 18:52:15,193 - INFO: Epoch: [260][100/251]	Time 0.340 (0.353)	Data 0.188 (0.188)	Loss 1.6045e-01 (2.0609e-01)	lr: 0.000050
2026-03-02 18:52:51,726 - INFO: Epoch: [260][200/251]	Time 0.320 (0.359)	Data 0.198 (0.202)	Loss 1.6038e-01 (2.1202e-01)	lr: 0.000050
2026-03-02 18:53:07,256 - INFO: ----------Epoch:260, training loss is 0.2123 ---------
2026-03-02 18:53:08,771 - INFO: Epoch: [261][  0/251]	Time 0.346 (0.346)	Data 0.181 (0.181)	Loss 2.2070e-01 (2.2070e-01)	lr: 0.000050
2026-03-02 18:53:44,206 - INFO: Epoch: [261][100/251]	Time 0.313 (0.354)	Data 0.206 (0.191)	Loss 2.7900e-01 (2.0315e-01)	lr: 0.000050
2026-03-02 18:54:21,388 - INFO: Epoch: [261][200/251]	Time 0.342 (0.363)	Data 0.202 (0.209)	Loss 2.0622e-01 (2.0878e-01)	lr: 0.000050
2026-03-02 18:54:37,874 - INFO: ----------Epoch:261, training loss is 0.2114 ---------
2026-03-02 18:54:39,384 - INFO: Epoch: [262][  0/251]	Time 0.355 (0.355)	Data 0.185 (0.185)	Loss 2.4150e-01 (2.4150e-01)	lr: 0.000050
2026-03-02 18:55:14,726 - INFO: Epoch: [262][100/251]	Time 0.351 (0.353)	Data 0.184 (0.207)	Loss 2.3307e-01 (2.1106e-01)	lr: 0.000050
2026-03-02 18:55:50,187 - INFO: Epoch: [262][200/251]	Time 0.368 (0.354)	Data 0.178 (0.199)	Loss 2.2002e-01 (2.1571e-01)	lr: 0.000050
2026-03-02 18:56:09,506 - INFO: ----------Epoch:262, training loss is 0.2151 ---------
2026-03-02 18:56:09,877 - INFO: Epoch: [263][  0/251]	Time 0.370 (0.370)	Data 0.191 (0.191)	Loss 2.3357e-01 (2.3357e-01)	lr: 0.000050
2026-03-02 18:56:45,627 - INFO: Epoch: [263][100/251]	Time 0.327 (0.358)	Data 0.176 (0.190)	Loss 3.1282e-01 (2.1466e-01)	lr: 0.000050
2026-03-02 18:57:20,592 - INFO: Epoch: [263][200/251]	Time 0.285 (0.354)	Data 0.181 (0.189)	Loss 1.8798e-01 (2.1391e-01)	lr: 0.000050
2026-03-02 18:57:36,676 - INFO: ----------Epoch:263, training loss is 0.2152 ---------
2026-03-02 18:57:36,951 - INFO: Epoch: [264][  0/251]	Time 0.274 (0.274)	Data 0.174 (0.174)	Loss 1.6856e-01 (1.6856e-01)	lr: 0.000050
2026-03-02 18:58:12,588 - INFO: Epoch: [264][100/251]	Time 0.350 (0.356)	Data 0.190 (0.189)	Loss 1.9345e-01 (2.0895e-01)	lr: 0.000050
2026-03-02 18:58:47,717 - INFO: Epoch: [264][200/251]	Time 0.286 (0.353)	Data 0.190 (0.190)	Loss 1.2532e-01 (2.0872e-01)	lr: 0.000050
2026-03-02 18:59:06,215 - INFO: ----------Epoch:264, training loss is 0.2115 ---------
2026-03-02 18:59:06,523 - INFO: Epoch: [265][  0/251]	Time 0.306 (0.306)	Data 0.196 (0.196)	Loss 2.4086e-01 (2.4086e-01)	lr: 0.000050
2026-03-02 18:59:43,241 - INFO: Epoch: [265][100/251]	Time 0.370 (0.367)	Data 0.211 (0.216)	Loss 1.9554e-01 (2.0705e-01)	lr: 0.000050
2026-03-02 19:00:20,708 - INFO: Epoch: [265][200/251]	Time 0.352 (0.371)	Data 0.199 (0.213)	Loss 1.7960e-01 (2.0985e-01)	lr: 0.000050
2026-03-02 19:00:39,258 - INFO: ----------Epoch:265, training loss is 0.2100 ---------
2026-03-02 19:00:40,785 - INFO: Epoch: [266][  0/251]	Time 0.322 (0.322)	Data 0.193 (0.193)	Loss 2.6260e-01 (2.6260e-01)	lr: 0.000050
2026-03-02 19:01:16,138 - INFO: Epoch: [266][100/251]	Time 0.346 (0.353)	Data 0.187 (0.210)	Loss 2.3249e-01 (2.1485e-01)	lr: 0.000050
2026-03-02 19:01:51,511 - INFO: Epoch: [266][200/251]	Time 0.347 (0.353)	Data 0.188 (0.209)	Loss 1.7525e-01 (2.1201e-01)	lr: 0.000050
2026-03-02 19:02:08,367 - INFO: ----------Epoch:266, training loss is 0.2133 ---------
2026-03-02 19:02:08,711 - INFO: Epoch: [267][  0/251]	Time 0.342 (0.342)	Data 0.179 (0.179)	Loss 2.3258e-01 (2.3258e-01)	lr: 0.000050
2026-03-02 19:02:44,208 - INFO: Epoch: [267][100/251]	Time 0.286 (0.355)	Data 0.180 (0.207)	Loss 1.7677e-01 (2.0777e-01)	lr: 0.000050
2026-03-02 19:03:19,922 - INFO: Epoch: [267][200/251]	Time 0.339 (0.356)	Data 0.201 (0.200)	Loss 2.0501e-01 (2.0899e-01)	lr: 0.000050
2026-03-02 19:03:38,420 - INFO: ----------Epoch:267, training loss is 0.2101 ---------
2026-03-02 19:03:38,696 - INFO: Epoch: [268][  0/251]	Time 0.275 (0.275)	Data 0.171 (0.171)	Loss 1.1878e-01 (1.1878e-01)	lr: 0.000050
2026-03-02 19:04:14,164 - INFO: Epoch: [268][100/251]	Time 0.364 (0.354)	Data 0.195 (0.190)	Loss 2.7718e-01 (2.0967e-01)	lr: 0.000050
2026-03-02 19:04:49,242 - INFO: Epoch: [268][200/251]	Time 0.304 (0.352)	Data 0.185 (0.190)	Loss 2.7330e-01 (2.0958e-01)	lr: 0.000050
2026-03-02 19:05:05,735 - INFO: ----------Epoch:268, training loss is 0.2104 ---------
2026-03-02 19:05:06,062 - INFO: Epoch: [269][  0/251]	Time 0.326 (0.326)	Data 0.179 (0.179)	Loss 1.8432e-01 (1.8432e-01)	lr: 0.000050
2026-03-02 19:05:42,083 - INFO: Epoch: [269][100/251]	Time 0.304 (0.360)	Data 0.183 (0.188)	Loss 2.9845e-01 (2.1209e-01)	lr: 0.000050
2026-03-02 19:06:17,616 - INFO: Epoch: [269][200/251]	Time 0.318 (0.358)	Data 0.195 (0.199)	Loss 2.5654e-01 (2.1407e-01)	lr: 0.000050
2026-03-02 19:06:34,453 - INFO: ----------Epoch:269, training loss is 0.2131 ---------
2026-03-02 19:06:34,733 - INFO: Epoch: [270][  0/251]	Time 0.278 (0.278)	Data 0.175 (0.175)	Loss 2.1540e-01 (2.1540e-01)	lr: 0.000050
2026-03-02 19:07:10,140 - INFO: Epoch: [270][100/251]	Time 0.310 (0.353)	Data 0.172 (0.209)	Loss 1.5717e-01 (2.1422e-01)	lr: 0.000050
2026-03-02 19:07:45,081 - INFO: Epoch: [270][200/251]	Time 0.362 (0.351)	Data 0.181 (0.208)	Loss 1.8094e-01 (2.1147e-01)	lr: 0.000050
2026-03-02 19:08:03,564 - INFO: ----------Epoch:270, training loss is 0.2109 ---------
2026-03-02 19:08:03,927 - INFO: Epoch: [271][  0/251]	Time 0.362 (0.362)	Data 0.191 (0.191)	Loss 2.2389e-01 (2.2389e-01)	lr: 0.000050
2026-03-02 19:08:38,720 - INFO: Epoch: [271][100/251]	Time 0.281 (0.348)	Data 0.179 (0.189)	Loss 2.0410e-01 (2.0983e-01)	lr: 0.000050
2026-03-02 19:09:13,736 - INFO: Epoch: [271][200/251]	Time 0.407 (0.349)	Data 0.206 (0.190)	Loss 1.6792e-01 (2.1067e-01)	lr: 0.000050
2026-03-02 19:09:30,201 - INFO: ----------Epoch:271, training loss is 0.2105 ---------
2026-03-02 19:09:30,489 - INFO: Epoch: [272][  0/251]	Time 0.287 (0.287)	Data 0.181 (0.181)	Loss 2.1589e-01 (2.1589e-01)	lr: 0.000050
2026-03-02 19:10:06,376 - INFO: Epoch: [272][100/251]	Time 0.343 (0.358)	Data 0.207 (0.189)	Loss 2.3186e-01 (2.1805e-01)	lr: 0.000050
2026-03-02 19:10:40,625 - INFO: Epoch: [272][200/251]	Time 0.406 (0.350)	Data 0.197 (0.198)	Loss 2.2980e-01 (2.1458e-01)	lr: 0.000050
2026-03-02 19:10:58,908 - INFO: ----------Epoch:272, training loss is 0.2154 ---------
2026-03-02 19:10:59,214 - INFO: Epoch: [273][  0/251]	Time 0.305 (0.305)	Data 0.200 (0.200)	Loss 2.4860e-01 (2.4860e-01)	lr: 0.000050
2026-03-02 19:11:34,594 - INFO: Epoch: [273][100/251]	Time 0.293 (0.353)	Data 0.188 (0.188)	Loss 1.7705e-01 (2.0667e-01)	lr: 0.000050
2026-03-02 19:12:09,660 - INFO: Epoch: [273][200/251]	Time 0.295 (0.352)	Data 0.186 (0.190)	Loss 2.5540e-01 (2.0905e-01)	lr: 0.000050
2026-03-02 19:12:27,884 - INFO: ----------Epoch:273, training loss is 0.2105 ---------
2026-03-02 19:12:28,181 - INFO: Epoch: [274][  0/251]	Time 0.295 (0.295)	Data 0.191 (0.191)	Loss 2.1522e-01 (2.1522e-01)	lr: 0.000050
2026-03-02 19:13:03,706 - INFO: Epoch: [274][100/251]	Time 0.318 (0.355)	Data 0.172 (0.207)	Loss 2.0700e-01 (2.0747e-01)	lr: 0.000050
2026-03-02 19:13:38,355 - INFO: Epoch: [274][200/251]	Time 0.321 (0.351)	Data 0.179 (0.207)	Loss 2.0946e-01 (2.0891e-01)	lr: 0.000050
2026-03-02 19:13:54,617 - INFO: ----------Epoch:274, training loss is 0.2113 ---------
2026-03-02 19:13:54,912 - INFO: Epoch: [275][  0/251]	Time 0.294 (0.294)	Data 0.172 (0.172)	Loss 1.4781e-01 (1.4781e-01)	lr: 0.000050
2026-03-02 19:14:30,229 - INFO: Epoch: [275][100/251]	Time 0.355 (0.353)	Data 0.195 (0.207)	Loss 3.0290e-01 (2.1151e-01)	lr: 0.000050
2026-03-02 19:15:03,440 - INFO: Epoch: [275][200/251]	Time 0.354 (0.342)	Data 0.205 (0.198)	Loss 1.9003e-01 (2.0923e-01)	lr: 0.000050
2026-03-02 19:15:23,795 - INFO: ----------Epoch:275, training loss is 0.2088 ---------
2026-03-02 19:15:25,401 - INFO: Epoch: [276][  0/251]	Time 0.337 (0.337)	Data 0.187 (0.187)	Loss 1.8822e-01 (1.8822e-01)	lr: 0.000050
2026-03-02 19:16:01,268 - INFO: Epoch: [276][100/251]	Time 0.338 (0.358)	Data 0.193 (0.209)	Loss 1.9794e-01 (2.0821e-01)	lr: 0.000050
2026-03-02 19:16:36,415 - INFO: Epoch: [276][200/251]	Time 0.288 (0.355)	Data 0.164 (0.208)	Loss 1.9200e-01 (2.0699e-01)	lr: 0.000050
2026-03-02 19:16:52,394 - INFO: ----------Epoch:276, training loss is 0.2079 ---------
2026-03-02 19:16:54,010 - INFO: Epoch: [277][  0/251]	Time 0.421 (0.421)	Data 0.196 (0.196)	Loss 1.8511e-01 (1.8511e-01)	lr: 0.000050
2026-03-02 19:17:29,025 - INFO: Epoch: [277][100/251]	Time 0.289 (0.351)	Data 0.179 (0.209)	Loss 1.3655e-01 (2.0832e-01)	lr: 0.000050
2026-03-02 19:18:04,071 - INFO: Epoch: [277][200/251]	Time 0.294 (0.351)	Data 0.189 (0.208)	Loss 2.0191e-01 (2.0536e-01)	lr: 0.000050
2026-03-02 19:18:22,868 - INFO: ----------Epoch:277, training loss is 0.2062 ---------
2026-03-02 19:18:24,440 - INFO: Epoch: [278][  0/251]	Time 0.303 (0.303)	Data 0.189 (0.189)	Loss 2.5488e-01 (2.5488e-01)	lr: 0.000050
2026-03-02 19:18:59,268 - INFO: Epoch: [278][100/251]	Time 0.285 (0.348)	Data 0.189 (0.189)	Loss 2.3963e-01 (2.0151e-01)	lr: 0.000050
2026-03-02 19:19:34,521 - INFO: Epoch: [278][200/251]	Time 0.399 (0.350)	Data 0.178 (0.198)	Loss 2.0566e-01 (2.0556e-01)	lr: 0.000050
2026-03-02 19:19:52,985 - INFO: ----------Epoch:278, training loss is 0.2072 ---------
2026-03-02 19:19:53,428 - INFO: Epoch: [279][  0/251]	Time 0.442 (0.442)	Data 0.205 (0.205)	Loss 2.2628e-01 (2.2628e-01)	lr: 0.000050
2026-03-02 19:20:28,522 - INFO: Epoch: [279][100/251]	Time 0.375 (0.352)	Data 0.193 (0.190)	Loss 2.0741e-01 (2.0432e-01)	lr: 0.000050
2026-03-02 19:21:03,414 - INFO: Epoch: [279][200/251]	Time 0.278 (0.350)	Data 0.179 (0.199)	Loss 2.2216e-01 (2.0301e-01)	lr: 0.000050
2026-03-02 19:21:19,971 - INFO: ----------Epoch:279, training loss is 0.2046 ---------
2026-03-02 19:21:21,580 - INFO: Epoch: [280][  0/251]	Time 0.296 (0.296)	Data 0.194 (0.194)	Loss 1.9182e-01 (1.9182e-01)	lr: 0.000025
2026-03-02 19:21:57,474 - INFO: Epoch: [280][100/251]	Time 0.378 (0.358)	Data 0.192 (0.209)	Loss 2.1054e-01 (1.9779e-01)	lr: 0.000025
2026-03-02 19:22:32,409 - INFO: Epoch: [280][200/251]	Time 0.358 (0.354)	Data 0.202 (0.208)	Loss 2.3849e-01 (1.9844e-01)	lr: 0.000025
2026-03-02 19:22:50,881 - INFO: ----------Epoch:280, training loss is 0.1989 ---------
2026-03-02 19:22:53,715 - INFO: Epoch: [281][  0/251]	Time 0.395 (0.395)	Data 0.213 (0.213)	Loss 2.2907e-01 (2.2907e-01)	lr: 0.000025
2026-03-02 19:23:28,973 - INFO: Epoch: [281][100/251]	Time 0.320 (0.353)	Data 0.194 (0.190)	Loss 1.5821e-01 (1.9429e-01)	lr: 0.000025
2026-03-02 19:24:04,871 - INFO: Epoch: [281][200/251]	Time 0.366 (0.356)	Data 0.188 (0.190)	Loss 1.7918e-01 (1.9614e-01)	lr: 0.000025
2026-03-02 19:24:21,701 - INFO: ----------Epoch:281, training loss is 0.1959 ---------
2026-03-02 19:24:23,357 - INFO: Epoch: [282][  0/251]	Time 0.390 (0.390)	Data 0.210 (0.210)	Loss 1.7347e-01 (1.7347e-01)	lr: 0.000025
2026-03-02 19:25:00,256 - INFO: Epoch: [282][100/251]	Time 0.337 (0.369)	Data 0.204 (0.190)	Loss 1.6743e-01 (1.9289e-01)	lr: 0.000025
2026-03-02 19:25:35,700 - INFO: Epoch: [282][200/251]	Time 0.354 (0.362)	Data 0.206 (0.192)	Loss 1.4615e-01 (1.9350e-01)	lr: 0.000025
2026-03-02 19:25:52,084 - INFO: ----------Epoch:282, training loss is 0.1932 ---------
2026-03-02 19:25:53,594 - INFO: Epoch: [283][  0/251]	Time 0.303 (0.303)	Data 0.185 (0.185)	Loss 1.5597e-01 (1.5597e-01)	lr: 0.000025
2026-03-02 19:26:29,234 - INFO: Epoch: [283][100/251]	Time 0.326 (0.356)	Data 0.202 (0.190)	Loss 2.3643e-01 (1.8938e-01)	lr: 0.000025
2026-03-02 19:27:04,248 - INFO: Epoch: [283][200/251]	Time 0.333 (0.353)	Data 0.194 (0.189)	Loss 2.0351e-01 (1.8864e-01)	lr: 0.000025
2026-03-02 19:27:23,385 - INFO: ----------Epoch:283, training loss is 0.1897 ---------
2026-03-02 19:27:25,050 - INFO: Epoch: [284][  0/251]	Time 0.381 (0.381)	Data 0.190 (0.190)	Loss 1.9043e-01 (1.9043e-01)	lr: 0.000025
2026-03-02 19:28:00,226 - INFO: Epoch: [284][100/251]	Time 0.306 (0.352)	Data 0.180 (0.208)	Loss 2.0563e-01 (1.8501e-01)	lr: 0.000025
2026-03-02 19:28:37,390 - INFO: Epoch: [284][200/251]	Time 0.371 (0.362)	Data 0.206 (0.205)	Loss 1.5253e-01 (1.8728e-01)	lr: 0.000025
2026-03-02 19:28:54,540 - INFO: ----------Epoch:284, training loss is 0.1886 ---------
2026-03-02 19:28:56,171 - INFO: Epoch: [285][  0/251]	Time 0.316 (0.316)	Data 0.208 (0.208)	Loss 1.7691e-01 (1.7691e-01)	lr: 0.000025
2026-03-02 19:29:31,541 - INFO: Epoch: [285][100/251]	Time 0.305 (0.353)	Data 0.191 (0.192)	Loss 1.9872e-01 (1.8108e-01)	lr: 0.000025
2026-03-02 19:30:09,510 - INFO: Epoch: [285][200/251]	Time 0.349 (0.366)	Data 0.212 (0.202)	Loss 1.7793e-01 (1.8694e-01)	lr: 0.000025
2026-03-02 19:30:25,896 - INFO: ----------Epoch:285, training loss is 0.1886 ---------
2026-03-02 19:30:26,162 - INFO: Epoch: [286][  0/251]	Time 0.265 (0.265)	Data 0.182 (0.182)	Loss 1.6716e-01 (1.6716e-01)	lr: 0.000025
2026-03-02 19:31:01,910 - INFO: Epoch: [286][100/251]	Time 0.339 (0.357)	Data 0.188 (0.211)	Loss 2.1981e-01 (1.8569e-01)	lr: 0.000025
2026-03-02 19:31:39,501 - INFO: Epoch: [286][200/251]	Time 0.276 (0.366)	Data 0.190 (0.224)	Loss 1.0882e-01 (1.8505e-01)	lr: 0.000025
2026-03-02 19:31:56,882 - INFO: ----------Epoch:286, training loss is 0.1856 ---------
2026-03-02 19:31:58,474 - INFO: Epoch: [287][  0/251]	Time 0.351 (0.351)	Data 0.180 (0.180)	Loss 1.8364e-01 (1.8364e-01)	lr: 0.000025
2026-03-02 19:32:31,632 - INFO: Epoch: [287][100/251]	Time 0.350 (0.332)	Data 0.187 (0.191)	Loss 2.2265e-01 (1.8447e-01)	lr: 0.000025
2026-03-02 19:33:08,129 - INFO: Epoch: [287][200/251]	Time 0.401 (0.348)	Data 0.208 (0.204)	Loss 1.7905e-01 (1.8509e-01)	lr: 0.000025
2026-03-02 19:33:26,398 - INFO: ----------Epoch:287, training loss is 0.1839 ---------
2026-03-02 19:33:28,008 - INFO: Epoch: [288][  0/251]	Time 0.405 (0.405)	Data 0.216 (0.216)	Loss 2.1283e-01 (2.1283e-01)	lr: 0.000025
2026-03-02 19:34:04,297 - INFO: Epoch: [288][100/251]	Time 0.330 (0.363)	Data 0.178 (0.212)	Loss 1.8165e-01 (1.8433e-01)	lr: 0.000025
2026-03-02 19:34:39,443 - INFO: Epoch: [288][200/251]	Time 0.283 (0.357)	Data 0.179 (0.210)	Loss 1.8590e-01 (1.8495e-01)	lr: 0.000025
2026-03-02 19:34:55,620 - INFO: ----------Epoch:288, training loss is 0.1865 ---------
2026-03-02 19:34:55,944 - INFO: Epoch: [289][  0/251]	Time 0.323 (0.323)	Data 0.181 (0.181)	Loss 1.5013e-01 (1.5013e-01)	lr: 0.000025
2026-03-02 19:35:31,728 - INFO: Epoch: [289][100/251]	Time 0.311 (0.357)	Data 0.192 (0.208)	Loss 2.2603e-01 (1.8659e-01)	lr: 0.000025
2026-03-02 19:36:06,839 - INFO: Epoch: [289][200/251]	Time 0.339 (0.354)	Data 0.187 (0.198)	Loss 1.5942e-01 (1.8309e-01)	lr: 0.000025
2026-03-02 19:36:25,413 - INFO: ----------Epoch:289, training loss is 0.1833 ---------
2026-03-02 19:36:26,909 - INFO: Epoch: [290][  0/251]	Time 0.321 (0.321)	Data 0.197 (0.197)	Loss 1.5228e-01 (1.5228e-01)	lr: 0.000025
2026-03-02 19:37:02,562 - INFO: Epoch: [290][100/251]	Time 0.310 (0.356)	Data 0.194 (0.209)	Loss 1.9131e-01 (1.8635e-01)	lr: 0.000025
2026-03-02 19:37:37,765 - INFO: Epoch: [290][200/251]	Time 0.346 (0.354)	Data 0.188 (0.208)	Loss 1.8569e-01 (1.8347e-01)	lr: 0.000025
2026-03-02 19:37:56,206 - INFO: ----------Epoch:290, training loss is 0.1821 ---------
2026-03-02 19:37:57,716 - INFO: Epoch: [291][  0/251]	Time 0.317 (0.317)	Data 0.178 (0.178)	Loss 1.5004e-01 (1.5004e-01)	lr: 0.000025
2026-03-02 19:38:34,659 - INFO: Epoch: [291][100/251]	Time 0.364 (0.369)	Data 0.185 (0.219)	Loss 1.4175e-01 (1.8032e-01)	lr: 0.000025
2026-03-02 19:39:09,556 - INFO: Epoch: [291][200/251]	Time 0.336 (0.359)	Data 0.192 (0.213)	Loss 1.5114e-01 (1.7864e-01)	lr: 0.000025
2026-03-02 19:39:26,034 - INFO: ----------Epoch:291, training loss is 0.1803 ---------
2026-03-02 19:39:27,625 - INFO: Epoch: [292][  0/251]	Time 0.400 (0.400)	Data 0.193 (0.193)	Loss 1.6634e-01 (1.6634e-01)	lr: 0.000025
2026-03-02 19:40:02,517 - INFO: Epoch: [292][100/251]	Time 0.341 (0.349)	Data 0.193 (0.188)	Loss 1.7604e-01 (1.8057e-01)	lr: 0.000025
2026-03-02 19:40:37,666 - INFO: Epoch: [292][200/251]	Time 0.302 (0.350)	Data 0.192 (0.198)	Loss 1.0960e-01 (1.8214e-01)	lr: 0.000025
2026-03-02 19:40:56,631 - INFO: ----------Epoch:292, training loss is 0.1816 ---------
2026-03-02 19:40:57,005 - INFO: Epoch: [293][  0/251]	Time 0.372 (0.372)	Data 0.178 (0.178)	Loss 1.8656e-01 (1.8656e-01)	lr: 0.000025
2026-03-02 19:41:32,171 - INFO: Epoch: [293][100/251]	Time 0.291 (0.352)	Data 0.170 (0.209)	Loss 2.1710e-01 (1.8253e-01)	lr: 0.000025
2026-03-02 19:42:07,612 - INFO: Epoch: [293][200/251]	Time 0.339 (0.353)	Data 0.188 (0.210)	Loss 1.9094e-01 (1.8047e-01)	lr: 0.000025
2026-03-02 19:42:24,294 - INFO: ----------Epoch:293, training loss is 0.1801 ---------
2026-03-02 19:42:28,002 - INFO: Epoch: [294][  0/251]	Time 0.320 (0.320)	Data 0.183 (0.183)	Loss 1.3549e-01 (1.3549e-01)	lr: 0.000025
2026-03-02 19:43:03,147 - INFO: Epoch: [294][100/251]	Time 0.281 (0.351)	Data 0.179 (0.187)	Loss 1.7779e-01 (1.7435e-01)	lr: 0.000025
2026-03-02 19:43:38,081 - INFO: Epoch: [294][200/251]	Time 0.290 (0.350)	Data 0.185 (0.188)	Loss 2.4136e-01 (1.7916e-01)	lr: 0.000025
2026-03-02 19:43:54,684 - INFO: ----------Epoch:294, training loss is 0.1789 ---------
2026-03-02 19:43:56,289 - INFO: Epoch: [295][  0/251]	Time 0.405 (0.405)	Data 0.185 (0.185)	Loss 1.7326e-01 (1.7326e-01)	lr: 0.000025
2026-03-02 19:44:31,529 - INFO: Epoch: [295][100/251]	Time 0.296 (0.353)	Data 0.180 (0.207)	Loss 2.0034e-01 (1.7549e-01)	lr: 0.000025
2026-03-02 19:45:06,979 - INFO: Epoch: [295][200/251]	Time 0.275 (0.354)	Data 0.184 (0.207)	Loss 1.8808e-01 (1.7388e-01)	lr: 0.000025
2026-03-02 19:45:25,903 - INFO: ----------Epoch:295, training loss is 0.1751 ---------
2026-03-02 19:45:27,413 - INFO: Epoch: [296][  0/251]	Time 0.360 (0.360)	Data 0.177 (0.177)	Loss 2.3095e-01 (2.3095e-01)	lr: 0.000025
2026-03-02 19:46:02,293 - INFO: Epoch: [296][100/251]	Time 0.325 (0.349)	Data 0.202 (0.206)	Loss 1.9717e-01 (1.7384e-01)	lr: 0.000025
2026-03-02 19:46:35,859 - INFO: Epoch: [296][200/251]	Time 0.315 (0.342)	Data 0.210 (0.199)	Loss 1.9055e-01 (1.7793e-01)	lr: 0.000025
2026-03-02 19:46:55,518 - INFO: ----------Epoch:296, training loss is 0.1769 ---------
2026-03-02 19:46:55,840 - INFO: Epoch: [297][  0/251]	Time 0.321 (0.321)	Data 0.179 (0.179)	Loss 1.9194e-01 (1.9194e-01)	lr: 0.000025
2026-03-02 19:47:31,145 - INFO: Epoch: [297][100/251]	Time 0.281 (0.353)	Data 0.173 (0.185)	Loss 1.2675e-01 (1.7153e-01)	lr: 0.000025
2026-03-02 19:48:05,821 - INFO: Epoch: [297][200/251]	Time 0.318 (0.350)	Data 0.190 (0.187)	Loss 9.3284e-02 (1.7555e-01)	lr: 0.000025
2026-03-02 19:48:21,849 - INFO: ----------Epoch:297, training loss is 0.1770 ---------
2026-03-02 19:48:22,184 - INFO: Epoch: [298][  0/251]	Time 0.335 (0.335)	Data 0.190 (0.190)	Loss 2.0995e-01 (2.0995e-01)	lr: 0.000025
2026-03-02 19:48:57,281 - INFO: Epoch: [298][100/251]	Time 0.329 (0.351)	Data 0.183 (0.187)	Loss 1.6605e-01 (1.7220e-01)	lr: 0.000025
2026-03-02 19:49:32,888 - INFO: Epoch: [298][200/251]	Time 0.364 (0.353)	Data 0.216 (0.187)	Loss 1.6158e-01 (1.7382e-01)	lr: 0.000025
2026-03-02 19:49:51,951 - INFO: ----------Epoch:298, training loss is 0.1753 ---------
2026-03-02 19:49:52,287 - INFO: Epoch: [299][  0/251]	Time 0.335 (0.335)	Data 0.175 (0.175)	Loss 9.7363e-02 (9.7363e-02)	lr: 0.000025
2026-03-02 19:50:27,575 - INFO: Epoch: [299][100/251]	Time 0.291 (0.353)	Data 0.198 (0.186)	Loss 1.4817e-01 (1.7495e-01)	lr: 0.000025
2026-03-02 19:51:02,781 - INFO: Epoch: [299][200/251]	Time 0.339 (0.352)	Data 0.173 (0.187)	Loss 2.1976e-01 (1.7538e-01)	lr: 0.000025
2026-03-02 19:51:22,079 - INFO: ----------Epoch:299, training loss is 0.1758 ---------
2026-03-02 19:51:22,498 - INFO: Epoch: [300][  0/251]	Time 0.417 (0.417)	Data 0.211 (0.211)	Loss 1.8308e-01 (1.8308e-01)	lr: 0.000025
2026-03-02 19:51:58,013 - INFO: Epoch: [300][100/251]	Time 0.365 (0.356)	Data 0.205 (0.215)	Loss 1.5431e-01 (1.7001e-01)	lr: 0.000025
2026-03-02 19:52:31,026 - INFO: Epoch: [300][200/251]	Time 0.335 (0.343)	Data 0.186 (0.201)	Loss 2.3534e-01 (1.7409e-01)	lr: 0.000025
2026-03-02 19:52:51,918 - INFO: ----------Epoch:300, training loss is 0.1745 ---------
2026-03-02 19:52:53,616 - INFO: Epoch: [301][  0/251]	Time 0.327 (0.327)	Data 0.204 (0.204)	Loss 1.5941e-01 (1.5941e-01)	lr: 0.000025
2026-03-02 19:53:28,175 - INFO: Epoch: [301][100/251]	Time 0.323 (0.345)	Data 0.183 (0.187)	Loss 1.9297e-01 (1.7961e-01)	lr: 0.000025
2026-03-02 19:54:03,522 - INFO: Epoch: [301][200/251]	Time 0.325 (0.349)	Data 0.171 (0.197)	Loss 1.9719e-01 (1.7528e-01)	lr: 0.000025
2026-03-02 19:54:20,525 - INFO: ----------Epoch:301, training loss is 0.1750 ---------
2026-03-02 19:54:20,850 - INFO: Epoch: [302][  0/251]	Time 0.323 (0.323)	Data 0.206 (0.206)	Loss 1.3423e-01 (1.3423e-01)	lr: 0.000025
2026-03-02 19:54:55,731 - INFO: Epoch: [302][100/251]	Time 0.325 (0.349)	Data 0.190 (0.210)	Loss 1.4051e-01 (1.6921e-01)	lr: 0.000025
2026-03-02 19:55:31,000 - INFO: Epoch: [302][200/251]	Time 0.354 (0.351)	Data 0.187 (0.200)	Loss 1.5887e-01 (1.7380e-01)	lr: 0.000025
2026-03-02 19:55:49,262 - INFO: ----------Epoch:302, training loss is 0.1744 ---------
2026-03-02 19:55:50,762 - INFO: Epoch: [303][  0/251]	Time 0.319 (0.319)	Data 0.185 (0.185)	Loss 1.3714e-01 (1.3714e-01)	lr: 0.000025
2026-03-02 19:56:26,096 - INFO: Epoch: [303][100/251]	Time 0.306 (0.353)	Data 0.197 (0.210)	Loss 1.6685e-01 (1.7338e-01)	lr: 0.000025
2026-03-02 19:57:01,162 - INFO: Epoch: [303][200/251]	Time 0.288 (0.352)	Data 0.181 (0.208)	Loss 1.2309e-01 (1.7398e-01)	lr: 0.000025
2026-03-02 19:57:19,645 - INFO: ----------Epoch:303, training loss is 0.1729 ---------
2026-03-02 19:57:21,214 - INFO: Epoch: [304][  0/251]	Time 0.347 (0.347)	Data 0.181 (0.181)	Loss 1.3758e-01 (1.3758e-01)	lr: 0.000025
2026-03-02 19:57:55,802 - INFO: Epoch: [304][100/251]	Time 0.314 (0.346)	Data 0.207 (0.209)	Loss 1.5299e-01 (1.7655e-01)	lr: 0.000025
2026-03-02 19:58:31,156 - INFO: Epoch: [304][200/251]	Time 0.325 (0.350)	Data 0.202 (0.200)	Loss 1.9111e-01 (1.7571e-01)	lr: 0.000025
2026-03-02 19:58:47,191 - INFO: ----------Epoch:304, training loss is 0.1744 ---------
2026-03-02 19:58:47,535 - INFO: Epoch: [305][  0/251]	Time 0.343 (0.343)	Data 0.192 (0.192)	Loss 1.8849e-01 (1.8849e-01)	lr: 0.000025
2026-03-02 19:59:22,164 - INFO: Epoch: [305][100/251]	Time 0.342 (0.346)	Data 0.203 (0.206)	Loss 1.5480e-01 (1.7122e-01)	lr: 0.000025
2026-03-02 19:59:56,996 - INFO: Epoch: [305][200/251]	Time 0.379 (0.347)	Data 0.180 (0.207)	Loss 1.6871e-01 (1.7232e-01)	lr: 0.000025
2026-03-02 20:00:16,117 - INFO: ----------Epoch:305, training loss is 0.1728 ---------
2026-03-02 20:00:17,618 - INFO: Epoch: [306][  0/251]	Time 0.351 (0.351)	Data 0.192 (0.192)	Loss 1.6109e-01 (1.6109e-01)	lr: 0.000025
2026-03-02 20:00:52,759 - INFO: Epoch: [306][100/251]	Time 0.325 (0.351)	Data 0.176 (0.206)	Loss 1.5558e-01 (1.7226e-01)	lr: 0.000025
2026-03-02 20:01:28,694 - INFO: Epoch: [306][200/251]	Time 0.330 (0.355)	Data 0.190 (0.197)	Loss 1.9763e-01 (1.7426e-01)	lr: 0.000025
2026-03-02 20:01:45,097 - INFO: ----------Epoch:306, training loss is 0.1728 ---------
2026-03-02 20:01:46,674 - INFO: Epoch: [307][  0/251]	Time 0.351 (0.351)	Data 0.169 (0.169)	Loss 1.6184e-01 (1.6184e-01)	lr: 0.000025
2026-03-02 20:02:25,750 - INFO: Epoch: [307][100/251]	Time 0.312 (0.390)	Data 0.194 (0.231)	Loss 1.2113e-01 (1.7037e-01)	lr: 0.000025
2026-03-02 20:03:02,971 - INFO: Epoch: [307][200/251]	Time 0.324 (0.381)	Data 0.194 (0.229)	Loss 1.9885e-01 (1.7241e-01)	lr: 0.000025
2026-03-02 20:03:19,493 - INFO: ----------Epoch:307, training loss is 0.1718 ---------
2026-03-02 20:03:21,069 - INFO: Epoch: [308][  0/251]	Time 0.290 (0.290)	Data 0.182 (0.182)	Loss 1.5149e-01 (1.5149e-01)	lr: 0.000025
2026-03-02 20:03:57,347 - INFO: Epoch: [308][100/251]	Time 0.303 (0.362)	Data 0.178 (0.196)	Loss 1.9797e-01 (1.6921e-01)	lr: 0.000025
2026-03-02 20:04:32,718 - INFO: Epoch: [308][200/251]	Time 0.309 (0.358)	Data 0.194 (0.202)	Loss 1.7781e-01 (1.7199e-01)	lr: 0.000025
2026-03-02 20:04:51,856 - INFO: ----------Epoch:308, training loss is 0.1728 ---------
2026-03-02 20:04:52,170 - INFO: Epoch: [309][  0/251]	Time 0.313 (0.313)	Data 0.201 (0.201)	Loss 1.7038e-01 (1.7038e-01)	lr: 0.000025
2026-03-02 20:05:27,526 - INFO: Epoch: [309][100/251]	Time 0.414 (0.353)	Data 0.227 (0.203)	Loss 2.1605e-01 (1.6754e-01)	lr: 0.000025
2026-03-02 20:06:04,412 - INFO: Epoch: [309][200/251]	Time 0.325 (0.361)	Data 0.217 (0.204)	Loss 1.5653e-01 (1.6950e-01)	lr: 0.000025
2026-03-02 20:06:21,937 - INFO: ----------Epoch:309, training loss is 0.1690 ---------
2026-03-02 20:06:23,523 - INFO: Epoch: [310][  0/251]	Time 0.329 (0.329)	Data 0.199 (0.199)	Loss 1.4092e-01 (1.4092e-01)	lr: 0.000025
2026-03-02 20:06:58,506 - INFO: Epoch: [310][100/251]	Time 0.326 (0.350)	Data 0.227 (0.196)	Loss 1.7164e-01 (1.6766e-01)	lr: 0.000025
2026-03-02 20:07:36,043 - INFO: Epoch: [310][200/251]	Time 0.404 (0.362)	Data 0.207 (0.201)	Loss 1.2458e-01 (1.6939e-01)	lr: 0.000025
2026-03-02 20:07:53,337 - INFO: ----------Epoch:310, training loss is 0.1694 ---------
2026-03-02 20:07:53,688 - INFO: Epoch: [311][  0/251]	Time 0.350 (0.350)	Data 0.185 (0.185)	Loss 2.2194e-01 (2.2194e-01)	lr: 0.000025
2026-03-02 20:08:28,262 - INFO: Epoch: [311][100/251]	Time 0.364 (0.346)	Data 0.199 (0.189)	Loss 1.4786e-01 (1.6855e-01)	lr: 0.000025
2026-03-02 20:09:05,009 - INFO: Epoch: [311][200/251]	Time 0.331 (0.357)	Data 0.200 (0.193)	Loss 2.4986e-01 (1.7004e-01)	lr: 0.000025
2026-03-02 20:09:22,792 - INFO: ----------Epoch:311, training loss is 0.1692 ---------
2026-03-02 20:09:23,127 - INFO: Epoch: [312][  0/251]	Time 0.334 (0.334)	Data 0.188 (0.188)	Loss 1.6594e-01 (1.6594e-01)	lr: 0.000025
2026-03-02 20:09:57,723 - INFO: Epoch: [312][100/251]	Time 0.359 (0.346)	Data 0.204 (0.196)	Loss 1.2504e-01 (1.6758e-01)	lr: 0.000025
2026-03-02 20:10:35,233 - INFO: Epoch: [312][200/251]	Time 0.335 (0.360)	Data 0.203 (0.204)	Loss 2.1438e-01 (1.6951e-01)	lr: 0.000025
2026-03-02 20:10:52,406 - INFO: ----------Epoch:312, training loss is 0.1698 ---------
2026-03-02 20:10:52,725 - INFO: Epoch: [313][  0/251]	Time 0.318 (0.318)	Data 0.190 (0.190)	Loss 1.4802e-01 (1.4802e-01)	lr: 0.000025
2026-03-02 20:11:28,271 - INFO: Epoch: [313][100/251]	Time 0.389 (0.355)	Data 0.203 (0.210)	Loss 1.6660e-01 (1.6578e-01)	lr: 0.000025
2026-03-02 20:12:04,873 - INFO: Epoch: [313][200/251]	Time 0.354 (0.361)	Data 0.213 (0.202)	Loss 1.9769e-01 (1.6683e-01)	lr: 0.000025
2026-03-02 20:12:23,517 - INFO: ----------Epoch:313, training loss is 0.1671 ---------
2026-03-02 20:12:25,034 - INFO: Epoch: [314][  0/251]	Time 0.349 (0.349)	Data 0.177 (0.177)	Loss 2.2216e-01 (2.2216e-01)	lr: 0.000025
2026-03-02 20:13:01,677 - INFO: Epoch: [314][100/251]	Time 0.304 (0.366)	Data 0.186 (0.194)	Loss 1.8675e-01 (1.6361e-01)	lr: 0.000025
2026-03-02 20:13:37,786 - INFO: Epoch: [314][200/251]	Time 0.280 (0.364)	Data 0.189 (0.202)	Loss 1.4469e-01 (1.6828e-01)	lr: 0.000025
2026-03-02 20:13:53,999 - INFO: ----------Epoch:314, training loss is 0.1670 ---------
2026-03-02 20:13:57,149 - INFO: Epoch: [315][  0/251]	Time 1.953 (1.953)	Data 0.201 (0.201)	Loss 2.5557e-01 (2.5557e-01)	lr: 0.000025
2026-03-02 20:14:30,973 - INFO: Epoch: [315][100/251]	Time 0.353 (0.354)	Data 0.226 (0.194)	Loss 1.3343e-01 (1.6418e-01)	lr: 0.000025
2026-03-02 20:15:07,228 - INFO: Epoch: [315][200/251]	Time 0.295 (0.358)	Data 0.176 (0.204)	Loss 1.5189e-01 (1.6635e-01)	lr: 0.000025
2026-03-02 20:15:25,811 - INFO: ----------Epoch:315, training loss is 0.1666 ---------
2026-03-02 20:15:27,335 - INFO: Epoch: [316][  0/251]	Time 0.364 (0.364)	Data 0.172 (0.172)	Loss 1.9341e-01 (1.9341e-01)	lr: 0.000025
2026-03-02 20:16:02,388 - INFO: Epoch: [316][100/251]	Time 0.352 (0.351)	Data 0.203 (0.193)	Loss 2.5998e-01 (1.6943e-01)	lr: 0.000025
2026-03-02 20:16:37,993 - INFO: Epoch: [316][200/251]	Time 0.445 (0.353)	Data 0.211 (0.201)	Loss 2.0312e-01 (1.6832e-01)	lr: 0.000025
2026-03-02 20:16:54,908 - INFO: ----------Epoch:316, training loss is 0.1679 ---------
2026-03-02 20:16:55,179 - INFO: Epoch: [317][  0/251]	Time 0.270 (0.270)	Data 0.169 (0.169)	Loss 1.4178e-01 (1.4178e-01)	lr: 0.000025
2026-03-02 20:17:31,473 - INFO: Epoch: [317][100/251]	Time 0.315 (0.362)	Data 0.201 (0.195)	Loss 1.5394e-01 (1.6550e-01)	lr: 0.000025
2026-03-02 20:18:06,686 - INFO: Epoch: [317][200/251]	Time 0.359 (0.357)	Data 0.194 (0.193)	Loss 1.4899e-01 (1.6613e-01)	lr: 0.000025
2026-03-02 20:18:25,289 - INFO: ----------Epoch:317, training loss is 0.1679 ---------
2026-03-02 20:18:25,702 - INFO: Epoch: [318][  0/251]	Time 0.411 (0.411)	Data 0.216 (0.216)	Loss 1.8139e-01 (1.8139e-01)	lr: 0.000025
2026-03-02 20:19:01,369 - INFO: Epoch: [318][100/251]	Time 0.304 (0.357)	Data 0.189 (0.194)	Loss 1.7000e-01 (1.6383e-01)	lr: 0.000025
2026-03-02 20:19:36,887 - INFO: Epoch: [318][200/251]	Time 0.301 (0.356)	Data 0.178 (0.203)	Loss 1.4029e-01 (1.6541e-01)	lr: 0.000025
2026-03-02 20:19:55,938 - INFO: ----------Epoch:318, training loss is 0.1654 ---------
2026-03-02 20:19:57,570 - INFO: Epoch: [319][  0/251]	Time 0.392 (0.392)	Data 0.201 (0.201)	Loss 2.4120e-01 (2.4120e-01)	lr: 0.000025
2026-03-02 20:20:33,512 - INFO: Epoch: [319][100/251]	Time 0.404 (0.360)	Data 0.199 (0.214)	Loss 1.9941e-01 (1.6470e-01)	lr: 0.000025
2026-03-02 20:21:08,806 - INFO: Epoch: [319][200/251]	Time 0.414 (0.356)	Data 0.198 (0.212)	Loss 1.5527e-01 (1.6570e-01)	lr: 0.000025
2026-03-02 20:21:25,000 - INFO: ----------Epoch:319, training loss is 0.1657 ---------
2026-03-02 20:21:25,303 - INFO: Epoch: [320][  0/251]	Time 0.302 (0.302)	Data 0.190 (0.190)	Loss 1.9150e-01 (1.9150e-01)	lr: 0.000025
2026-03-02 20:22:01,283 - INFO: Epoch: [320][100/251]	Time 0.332 (0.359)	Data 0.192 (0.215)	Loss 1.4627e-01 (1.5960e-01)	lr: 0.000025
2026-03-02 20:22:37,460 - INFO: Epoch: [320][200/251]	Time 0.348 (0.360)	Data 0.202 (0.214)	Loss 1.5201e-01 (1.6435e-01)	lr: 0.000025
2026-03-02 20:22:56,866 - INFO: ----------Epoch:320, training loss is 0.1648 ---------
2026-03-02 20:22:59,610 - INFO: Epoch: [321][  0/251]	Time 0.342 (0.342)	Data 0.192 (0.192)	Loss 1.5075e-01 (1.5075e-01)	lr: 0.000025
2026-03-02 20:23:34,412 - INFO: Epoch: [321][100/251]	Time 0.269 (0.348)	Data 0.173 (0.208)	Loss 2.0392e-01 (1.6194e-01)	lr: 0.000025
2026-03-02 20:24:11,505 - INFO: Epoch: [321][200/251]	Time 0.322 (0.359)	Data 0.205 (0.204)	Loss 1.3766e-01 (1.6127e-01)	lr: 0.000025
2026-03-02 20:24:28,306 - INFO: ----------Epoch:321, training loss is 0.1627 ---------
2026-03-02 20:24:30,105 - INFO: Epoch: [322][  0/251]	Time 0.460 (0.460)	Data 0.257 (0.257)	Loss 1.5127e-01 (1.5127e-01)	lr: 0.000025
2026-03-02 20:25:09,199 - INFO: Epoch: [322][100/251]	Time 0.474 (0.392)	Data 0.215 (0.210)	Loss 1.5013e-01 (1.6875e-01)	lr: 0.000025
2026-03-02 20:25:44,974 - INFO: Epoch: [322][200/251]	Time 0.284 (0.375)	Data 0.190 (0.207)	Loss 1.4609e-01 (1.6531e-01)	lr: 0.000025
2026-03-02 20:26:01,466 - INFO: ----------Epoch:322, training loss is 0.1652 ---------
2026-03-02 20:26:01,806 - INFO: Epoch: [323][  0/251]	Time 0.339 (0.339)	Data 0.193 (0.193)	Loss 1.6694e-01 (1.6694e-01)	lr: 0.000025
2026-03-02 20:26:37,610 - INFO: Epoch: [323][100/251]	Time 0.395 (0.358)	Data 0.191 (0.202)	Loss 1.5468e-01 (1.5835e-01)	lr: 0.000025
2026-03-02 20:27:15,062 - INFO: Epoch: [323][200/251]	Time 0.333 (0.366)	Data 0.195 (0.211)	Loss 1.8632e-01 (1.6149e-01)	lr: 0.000025
2026-03-02 20:27:31,831 - INFO: ----------Epoch:323, training loss is 0.1620 ---------
2026-03-02 20:27:33,425 - INFO: Epoch: [324][  0/251]	Time 0.342 (0.342)	Data 0.202 (0.202)	Loss 2.3913e-01 (2.3913e-01)	lr: 0.000025
2026-03-02 20:28:09,656 - INFO: Epoch: [324][100/251]	Time 0.361 (0.362)	Data 0.205 (0.213)	Loss 1.8540e-01 (1.6237e-01)	lr: 0.000025
2026-03-02 20:28:45,229 - INFO: Epoch: [324][200/251]	Time 0.298 (0.359)	Data 0.189 (0.204)	Loss 1.9240e-01 (1.6300e-01)	lr: 0.000025
2026-03-02 20:29:04,002 - INFO: ----------Epoch:324, training loss is 0.1640 ---------
2026-03-02 20:29:04,356 - INFO: Epoch: [325][  0/251]	Time 0.354 (0.354)	Data 0.182 (0.182)	Loss 1.4245e-01 (1.4245e-01)	lr: 0.000025
2026-03-02 20:29:40,317 - INFO: Epoch: [325][100/251]	Time 0.352 (0.360)	Data 0.194 (0.210)	Loss 1.4992e-01 (1.5947e-01)	lr: 0.000025
2026-03-02 20:30:15,725 - INFO: Epoch: [325][200/251]	Time 0.306 (0.357)	Data 0.194 (0.209)	Loss 1.7520e-01 (1.6443e-01)	lr: 0.000025
2026-03-02 20:30:32,886 - INFO: ----------Epoch:325, training loss is 0.1654 ---------
2026-03-02 20:30:33,216 - INFO: Epoch: [326][  0/251]	Time 0.329 (0.329)	Data 0.195 (0.195)	Loss 1.8261e-01 (1.8261e-01)	lr: 0.000025
2026-03-02 20:31:10,775 - INFO: Epoch: [326][100/251]	Time 1.828 (0.375)	Data 0.186 (0.194)	Loss 1.3305e-01 (1.5770e-01)	lr: 0.000025
2026-03-02 20:31:46,289 - INFO: Epoch: [326][200/251]	Time 0.337 (0.365)	Data 0.205 (0.202)	Loss 1.7762e-01 (1.6222e-01)	lr: 0.000025
2026-03-02 20:32:03,239 - INFO: ----------Epoch:326, training loss is 0.1626 ---------
2026-03-02 20:32:03,592 - INFO: Epoch: [327][  0/251]	Time 0.352 (0.352)	Data 0.197 (0.197)	Loss 2.2688e-01 (2.2688e-01)	lr: 0.000025
2026-03-02 20:32:38,977 - INFO: Epoch: [327][100/251]	Time 0.302 (0.354)	Data 0.181 (0.209)	Loss 1.6671e-01 (1.5529e-01)	lr: 0.000025
2026-03-02 20:33:14,726 - INFO: Epoch: [327][200/251]	Time 0.374 (0.356)	Data 0.200 (0.202)	Loss 2.1515e-01 (1.5963e-01)	lr: 0.000025
2026-03-02 20:33:33,566 - INFO: ----------Epoch:327, training loss is 0.1607 ---------
2026-03-02 20:33:35,185 - INFO: Epoch: [328][  0/251]	Time 0.321 (0.321)	Data 0.208 (0.208)	Loss 1.7768e-01 (1.7768e-01)	lr: 0.000025
2026-03-02 20:34:11,030 - INFO: Epoch: [328][100/251]	Time 0.341 (0.358)	Data 0.193 (0.210)	Loss 2.2322e-01 (1.5918e-01)	lr: 0.000025
2026-03-02 20:34:46,723 - INFO: Epoch: [328][200/251]	Time 0.361 (0.357)	Data 0.198 (0.202)	Loss 1.2072e-01 (1.6199e-01)	lr: 0.000025
2026-03-02 20:35:03,859 - INFO: ----------Epoch:328, training loss is 0.1620 ---------
2026-03-02 20:35:04,187 - INFO: Epoch: [329][  0/251]	Time 0.327 (0.327)	Data 0.196 (0.196)	Loss 1.4648e-01 (1.4648e-01)	lr: 0.000025
2026-03-02 20:35:41,582 - INFO: Epoch: [329][100/251]	Time 1.968 (0.373)	Data 1.744 (0.210)	Loss 1.5565e-01 (1.5598e-01)	lr: 0.000025
2026-03-02 20:36:17,550 - INFO: Epoch: [329][200/251]	Time 0.309 (0.367)	Data 0.178 (0.209)	Loss 1.4586e-01 (1.5927e-01)	lr: 0.000025
2026-03-02 20:36:34,454 - INFO: ----------Epoch:329, training loss is 0.1603 ---------
2026-03-02 20:36:35,951 - INFO: Epoch: [330][  0/251]	Time 0.308 (0.308)	Data 0.201 (0.201)	Loss 1.3227e-01 (1.3227e-01)	lr: 0.000025
2026-03-02 20:37:11,608 - INFO: Epoch: [330][100/251]	Time 0.332 (0.356)	Data 0.204 (0.207)	Loss 1.1006e-01 (1.5594e-01)	lr: 0.000025
2026-03-02 20:37:47,746 - INFO: Epoch: [330][200/251]	Time 0.318 (0.359)	Data 0.194 (0.200)	Loss 1.6455e-01 (1.5827e-01)	lr: 0.000025
2026-03-02 20:38:06,578 - INFO: ----------Epoch:330, training loss is 0.1587 ---------
2026-03-02 20:38:07,977 - INFO: Epoch: [331][  0/251]	Time 0.282 (0.282)	Data 0.170 (0.170)	Loss 1.8247e-01 (1.8247e-01)	lr: 0.000025
2026-03-02 20:38:43,812 - INFO: Epoch: [331][100/251]	Time 0.295 (0.358)	Data 0.180 (0.211)	Loss 2.1072e-01 (1.5878e-01)	lr: 0.000025
2026-03-02 20:39:20,086 - INFO: Epoch: [331][200/251]	Time 0.346 (0.360)	Data 0.187 (0.200)	Loss 1.3506e-01 (1.6048e-01)	lr: 0.000025
2026-03-02 20:39:36,700 - INFO: ----------Epoch:331, training loss is 0.1596 ---------
2026-03-02 20:39:37,036 - INFO: Epoch: [332][  0/251]	Time 0.335 (0.335)	Data 0.187 (0.187)	Loss 1.5361e-01 (1.5361e-01)	lr: 0.000025
2026-03-02 20:40:12,805 - INFO: Epoch: [332][100/251]	Time 0.407 (0.357)	Data 0.209 (0.188)	Loss 2.1449e-01 (1.5867e-01)	lr: 0.000025
2026-03-02 20:40:51,191 - INFO: Epoch: [332][200/251]	Time 0.353 (0.371)	Data 0.208 (0.214)	Loss 1.6558e-01 (1.5907e-01)	lr: 0.000025
2026-03-02 20:41:10,231 - INFO: ----------Epoch:332, training loss is 0.1589 ---------
2026-03-02 20:41:10,592 - INFO: Epoch: [333][  0/251]	Time 0.360 (0.360)	Data 0.221 (0.221)	Loss 1.8536e-01 (1.8536e-01)	lr: 0.000025
2026-03-02 20:41:47,734 - INFO: Epoch: [333][100/251]	Time 0.341 (0.371)	Data 0.199 (0.219)	Loss 1.3799e-01 (1.5099e-01)	lr: 0.000025
2026-03-02 20:42:22,915 - INFO: Epoch: [333][200/251]	Time 0.346 (0.362)	Data 0.200 (0.208)	Loss 1.9074e-01 (1.5600e-01)	lr: 0.000025
2026-03-02 20:42:41,355 - INFO: ----------Epoch:333, training loss is 0.1572 ---------
2026-03-02 20:42:42,978 - INFO: Epoch: [334][  0/251]	Time 0.318 (0.318)	Data 0.186 (0.186)	Loss 1.6824e-01 (1.6824e-01)	lr: 0.000025
2026-03-02 20:43:21,407 - INFO: Epoch: [334][100/251]	Time 0.438 (0.384)	Data 0.235 (0.207)	Loss 1.7180e-01 (1.5632e-01)	lr: 0.000025
2026-03-02 20:43:56,525 - INFO: Epoch: [334][200/251]	Time 0.334 (0.367)	Data 0.193 (0.201)	Loss 2.0152e-01 (1.5645e-01)	lr: 0.000025
2026-03-02 20:44:15,946 - INFO: ----------Epoch:334, training loss is 0.1574 ---------
2026-03-02 20:44:16,277 - INFO: Epoch: [335][  0/251]	Time 0.329 (0.329)	Data 0.180 (0.180)	Loss 2.0437e-01 (2.0437e-01)	lr: 0.000025
2026-03-02 20:44:51,761 - INFO: Epoch: [335][100/251]	Time 0.301 (0.355)	Data 0.200 (0.205)	Loss 1.3733e-01 (1.6296e-01)	lr: 0.000025
2026-03-02 20:45:27,878 - INFO: Epoch: [335][200/251]	Time 0.291 (0.358)	Data 0.187 (0.203)	Loss 2.4314e-01 (1.5896e-01)	lr: 0.000025
2026-03-02 20:45:44,570 - INFO: ----------Epoch:335, training loss is 0.1595 ---------
2026-03-02 20:45:44,871 - INFO: Epoch: [336][  0/251]	Time 0.299 (0.299)	Data 0.192 (0.192)	Loss 1.6781e-01 (1.6781e-01)	lr: 0.000025
2026-03-02 20:46:20,461 - INFO: Epoch: [336][100/251]	Time 0.386 (0.355)	Data 0.185 (0.208)	Loss 1.6469e-01 (1.5552e-01)	lr: 0.000025
2026-03-02 20:46:58,424 - INFO: Epoch: [336][200/251]	Time 0.324 (0.367)	Data 0.192 (0.208)	Loss 2.2309e-01 (1.6075e-01)	lr: 0.000025
2026-03-02 20:47:15,442 - INFO: ----------Epoch:336, training loss is 0.1598 ---------
2026-03-02 20:47:15,819 - INFO: Epoch: [337][  0/251]	Time 0.375 (0.375)	Data 0.193 (0.193)	Loss 1.6652e-01 (1.6652e-01)	lr: 0.000025
2026-03-02 20:47:50,387 - INFO: Epoch: [337][100/251]	Time 0.378 (0.346)	Data 0.193 (0.190)	Loss 1.7575e-01 (1.5823e-01)	lr: 0.000025
