2026-02-08 13:45:52,683 - INFO: ============ Initialized logger ============
2026-02-08 13:45:52,684 - INFO: 
				MLM_pretrain_path: ./pretraining_model/LM_MODEL.pth
				batch_size: 32
				beam_size: 10
				cosine_decay_end: 0.0
				criterion: MaskedCrossEntropy
				dataset: PGPS9K
				dataset_dir: ./datasets/PGPS9K_all
				debug: False
				decoder_embedding_size: 512
				decoder_hidden_size: 512
				decoder_layers: 2
				decoder_type: rnn_decoder
				diagram_size: 128
				dropout_rate: 0.2
				dump_path: ./log/2026-02-08-13-45-52
				encoder_embedding_size: 256
				encoder_hidden_size: 512
				encoder_layers: 2
				encoder_type: gru
				eval_epoch: 40
				eval_method: top3
				evaluate_only: False
				init_method: env://
				local_rank: 0
				lr: 0.001
				lr_LM: 0.0001
				max_epoch: 540
				max_input_len: 400
				max_output_len: 40
				nprocs: 1
				optimizer_type: ADAMW
				pretrain_emb_path: 
				pretrain_vis_path: 
				print_freq: 100
				random_prob: 0.5
				resume_model: 
				scheduler_factor: 0.5
				scheduler_step: [160, 280, 360, 440, 500]
				scheduler_type: warmup
				seed: 202302
				trim_min_count: 5
				use_MLM_pretrain: True
				visual_backbone: ResNet10
				vocab_src_path: ./vocab/vocab_src.txt
				vocab_tgt_path: ./vocab/vocab_tgt.txt
				warm_epoch: 40
				weight_decay: 0.01
				without_stru: False
				workers: 0
2026-02-08 13:45:52,684 - INFO: The experiment results will be stored in ./log/2026-02-08-13-45-52
2026-02-08 13:45:53,650 - INFO: Visual backbone choose to train from scratch
2026-02-08 13:45:54,251 - INFO: Network(
  (visual_extractor): ResNet(
    (trunk): Sequential(
      (0): Conv2d(3, 64, kernel_size=(7, 7), stride=(2, 2), padding=(3, 3), bias=False)
      (1): BatchNorm2d(64, eps=1e-05, momentum=0.1, affine=True, track_running_stats=True)
      (2): ReLU()
      (3): MaxPool2d(kernel_size=3, stride=2, padding=1, dilation=1, ceil_mode=False)
      (4): SimpleBlock(
        (C1): Conv2d(64, 64, kernel_size=(3, 3), stride=(1, 1), padding=(1, 1), bias=False)
        (BN1): BatchNorm2d(64, eps=1e-05, momentum=0.1, affine=True, track_running_stats=True)
        (C2): Conv2d(64, 64, kernel_size=(3, 3), stride=(1, 1), padding=(1, 1), bias=False)
        (BN2): BatchNorm2d(64, eps=1e-05, momentum=0.1, affine=True, track_running_stats=True)
        (relu1): ReLU(inplace=True)
        (relu2): ReLU(inplace=True)
      )
      (5): SimpleBlock(
        (C1): Conv2d(64, 128, kernel_size=(3, 3), stride=(2, 2), padding=(1, 1), bias=False)
        (BN1): BatchNorm2d(128, eps=1e-05, momentum=0.1, affine=True, track_running_stats=True)
        (C2): Conv2d(128, 128, kernel_size=(3, 3), stride=(1, 1), padding=(1, 1), bias=False)
        (BN2): BatchNorm2d(128, eps=1e-05, momentum=0.1, affine=True, track_running_stats=True)
        (relu1): ReLU(inplace=True)
        (relu2): ReLU(inplace=True)
        (shortcut): Conv2d(64, 128, kernel_size=(1, 1), stride=(2, 2), bias=False)
        (BNshortcut): BatchNorm2d(128, eps=1e-05, momentum=0.1, affine=True, track_running_stats=True)
      )
      (6): SimpleBlock(
        (C1): Conv2d(128, 256, kernel_size=(3, 3), stride=(2, 2), padding=(1, 1), bias=False)
        (BN1): BatchNorm2d(256, eps=1e-05, momentum=0.1, affine=True, track_running_stats=True)
        (C2): Conv2d(256, 256, kernel_size=(3, 3), stride=(1, 1), padding=(1, 1), bias=False)
        (BN2): BatchNorm2d(256, eps=1e-05, momentum=0.1, affine=True, track_running_stats=True)
        (relu1): ReLU(inplace=True)
        (relu2): ReLU(inplace=True)
        (shortcut): Conv2d(128, 256, kernel_size=(1, 1), stride=(2, 2), bias=False)
        (BNshortcut): BatchNorm2d(256, eps=1e-05, momentum=0.1, affine=True, track_running_stats=True)
      )
      (7): SimpleBlock(
        (C1): Conv2d(256, 512, kernel_size=(3, 3), stride=(2, 2), padding=(1, 1), bias=False)
        (BN1): BatchNorm2d(512, eps=1e-05, momentum=0.1, affine=True, track_running_stats=True)
        (C2): Conv2d(512, 512, kernel_size=(3, 3), stride=(1, 1), padding=(1, 1), bias=False)
        (BN2): BatchNorm2d(512, eps=1e-05, momentum=0.1, affine=True, track_running_stats=True)
        (relu1): ReLU(inplace=True)
        (relu2): ReLU(inplace=True)
        (shortcut): Conv2d(256, 512, kernel_size=(1, 1), stride=(2, 2), bias=False)
        (BNshortcut): BatchNorm2d(512, eps=1e-05, momentum=0.1, affine=True, track_running_stats=True)
      )
      (8): AvgPool2d(kernel_size=4, stride=4, padding=0)
      (9): Flatten()
    )
  )
  (encoder): GRU(
    (gru): GRU(256, 512, num_layers=2, batch_first=True, dropout=0.2, bidirectional=True)
    (dropout): Dropout(p=0.2, inplace=False)
  )
  (decoder): DecoderRNN(
    (em_dropout): Dropout(p=0.2, inplace=False)
    (embedding_tgt): Embedding(55, 512, padding_idx=0)
    (gru): GRU(1024, 512, num_layers=2, batch_first=True, dropout=0.2)
    (attn): Attn(
      (attn): Linear(in_features=1024, out_features=512, bias=True)
      (score): Linear(in_features=512, out_features=1, bias=False)
    )
    (score): Score(
      (attn): Linear(in_features=1536, out_features=512, bias=True)
      (score): Linear(in_features=512, out_features=1, bias=False)
    )
  )
  (visual_emb_unify): Sequential(
    (0): Linear(in_features=512, out_features=256, bias=True)
    (1): ReLU()
    (2): Linear(in_features=256, out_features=256, bias=True)
  )
  (mlm_pretrain): MLMTransformerPretrain(
    (transformer_en): TransformerEncoder(
      (encoder): TransformerEncoder(
        (layers): ModuleList(
          (0-5): 6 x TransformerEncoderLayer(
            (self_attn): MultiheadAttention(
              (out_proj): NonDynamicallyQuantizableLinear(in_features=256, out_features=256, bias=True)
            )
            (linear1): Linear(in_features=256, out_features=1024, bias=True)
            (dropout): Dropout(p=0.2, inplace=False)
            (linear2): Linear(in_features=1024, out_features=256, bias=True)
            (norm1): LayerNorm((256,), eps=1e-05, elementwise_affine=True)
            (norm2): LayerNorm((256,), eps=1e-05, elementwise_affine=True)
            (dropout1): Dropout(p=0.2, inplace=False)
            (dropout2): Dropout(p=0.2, inplace=False)
          )
        )
        (norm): LayerNorm((256,), eps=1e-05, elementwise_affine=True)
      )
      (position): PositionalEncoding(
        (dropout): Dropout(p=0.1, inplace=False)
      )
    )
    (text_embedding_src): Embedding(322, 256, padding_idx=0)
    (class_tag_embedding): Embedding(6, 256, padding_idx=0)
    (sect_tag_embedding): Embedding(4, 256, padding_idx=0)
  )
)
2026-02-08 13:45:54,311 - INFO: The model is trained from scratch
2026-02-08 13:45:57,611 - INFO: Epoch: [0][  0/251]	Time 2.711 (2.711)	Data 0.244 (0.244)	Loss 4.0659e+00 (4.0659e+00)	lr: 0.000033
2026-02-08 13:46:31,762 - INFO: Epoch: [0][100/251]	Time 0.337 (0.365)	Data 0.204 (0.187)	Loss 1.3433e+00 (1.9494e+00)	lr: 0.000033
2026-02-08 13:47:08,086 - INFO: Epoch: [0][200/251]	Time 0.361 (0.364)	Data 0.227 (0.197)	Loss 1.1807e+00 (1.5741e+00)	lr: 0.000033
2026-02-08 13:47:27,311 - INFO: ----------Epoch:  0, training loss is 1.4686 ---------
2026-02-08 13:47:30,566 - INFO: Epoch: [1][  0/251]	Time 0.432 (0.432)	Data 0.208 (0.208)	Loss 1.0036e+00 (1.0036e+00)	lr: 0.000035
2026-02-08 13:48:09,888 - INFO: Epoch: [1][100/251]	Time 0.409 (0.394)	Data 0.221 (0.218)	Loss 1.0776e+00 (9.5341e-01)	lr: 0.000035
2026-02-08 13:48:46,718 - INFO: Epoch: [1][200/251]	Time 0.334 (0.381)	Data 0.221 (0.211)	Loss 8.7320e-01 (9.0364e-01)	lr: 0.000035
2026-02-08 13:49:03,731 - INFO: ----------Epoch:  1, training loss is 0.8835 ---------
2026-02-08 13:49:05,550 - INFO: Epoch: [2][  0/251]	Time 0.376 (0.376)	Data 0.224 (0.224)	Loss 6.8500e-01 (6.8500e-01)	lr: 0.000037
2026-02-08 13:49:40,362 - INFO: Epoch: [2][100/251]	Time 0.419 (0.348)	Data 0.222 (0.190)	Loss 5.9962e-01 (7.4850e-01)	lr: 0.000037
2026-02-08 13:50:16,059 - INFO: Epoch: [2][200/251]	Time 0.408 (0.353)	Data 0.212 (0.202)	Loss 7.7440e-01 (7.1905e-01)	lr: 0.000037
2026-02-08 13:50:31,544 - INFO: ----------Epoch:  2, training loss is 0.7083 ---------
2026-02-08 13:50:33,329 - INFO: Epoch: [3][  0/251]	Time 0.428 (0.428)	Data 0.193 (0.193)	Loss 7.0676e-01 (7.0676e-01)	lr: 0.000038
2026-02-08 13:51:09,185 - INFO: Epoch: [3][100/251]	Time 0.355 (0.359)	Data 0.226 (0.190)	Loss 5.5285e-01 (6.2802e-01)	lr: 0.000038
2026-02-08 13:51:44,505 - INFO: Epoch: [3][200/251]	Time 0.386 (0.356)	Data 0.216 (0.201)	Loss 5.4644e-01 (6.1169e-01)	lr: 0.000038
2026-02-08 13:52:02,565 - INFO: ----------Epoch:  3, training loss is 0.6052 ---------
2026-02-08 13:52:01,792 - INFO: Epoch: [4][  0/251]	Time 0.387 (0.387)	Data 0.190 (0.190)	Loss 5.4755e-01 (5.4755e-01)	lr: 0.000040
2026-02-08 13:52:38,698 - INFO: Epoch: [4][100/251]	Time 0.436 (0.369)	Data 0.222 (0.222)	Loss 5.5470e-01 (5.4574e-01)	lr: 0.000040
2026-02-08 13:53:14,194 - INFO: Epoch: [4][200/251]	Time 0.357 (0.362)	Data 0.209 (0.220)	Loss 5.1660e-01 (5.4187e-01)	lr: 0.000040
2026-02-08 13:53:33,397 - INFO: ----------Epoch:  4, training loss is 0.5385 ---------
2026-02-08 13:53:32,605 - INFO: Epoch: [5][  0/251]	Time 0.386 (0.386)	Data 0.226 (0.226)	Loss 3.5032e-01 (3.5032e-01)	lr: 0.000042
2026-02-08 13:54:10,557 - INFO: Epoch: [5][100/251]	Time 0.399 (0.380)	Data 0.232 (0.210)	Loss 4.9300e-01 (4.8914e-01)	lr: 0.000042
2026-02-08 13:54:46,941 - INFO: Epoch: [5][200/251]	Time 0.383 (0.372)	Data 0.220 (0.203)	Loss 4.3406e-01 (4.8759e-01)	lr: 0.000042
2026-02-08 13:55:02,923 - INFO: ----------Epoch:  5, training loss is 0.4870 ---------
2026-02-08 13:55:04,678 - INFO: Epoch: [6][  0/251]	Time 0.401 (0.401)	Data 0.201 (0.201)	Loss 4.1881e-01 (4.1881e-01)	lr: 0.000043
2026-02-08 13:55:40,605 - INFO: Epoch: [6][100/251]	Time 0.399 (0.360)	Data 0.233 (0.196)	Loss 4.9115e-01 (4.5756e-01)	lr: 0.000043
2026-02-08 13:56:16,050 - INFO: Epoch: [6][200/251]	Time 0.401 (0.357)	Data 0.206 (0.206)	Loss 5.8452e-01 (4.5020e-01)	lr: 0.000043
2026-02-08 13:56:33,223 - INFO: ----------Epoch:  6, training loss is 0.4515 ---------
2026-02-08 13:56:35,188 - INFO: Epoch: [7][  0/251]	Time 0.448 (0.448)	Data 0.244 (0.244)	Loss 4.9890e-01 (4.9890e-01)	lr: 0.000045
2026-02-08 13:57:11,025 - INFO: Epoch: [7][100/251]	Time 0.384 (0.359)	Data 0.212 (0.216)	Loss 4.8519e-01 (4.1196e-01)	lr: 0.000045
2026-02-08 13:57:46,127 - INFO: Epoch: [7][200/251]	Time 0.322 (0.355)	Data 0.201 (0.203)	Loss 3.7877e-01 (4.2014e-01)	lr: 0.000045
2026-02-08 13:58:02,001 - INFO: ----------Epoch:  7, training loss is 0.4190 ---------
2026-02-08 13:58:03,677 - INFO: Epoch: [8][  0/251]	Time 0.349 (0.349)	Data 0.209 (0.209)	Loss 3.8232e-01 (3.8232e-01)	lr: 0.000047
2026-02-08 13:58:38,931 - INFO: Epoch: [8][100/251]	Time 0.349 (0.353)	Data 0.224 (0.214)	Loss 3.2400e-01 (3.8265e-01)	lr: 0.000047
2026-02-08 13:59:13,265 - INFO: Epoch: [8][200/251]	Time 0.365 (0.348)	Data 0.214 (0.213)	Loss 4.0097e-01 (3.9473e-01)	lr: 0.000047
2026-02-08 13:59:32,224 - INFO: ----------Epoch:  8, training loss is 0.3946 ---------
2026-02-08 13:59:31,423 - INFO: Epoch: [9][  0/251]	Time -2.112 (-2.112)	Data -2.318 (-2.318)	Loss 3.0985e-01 (3.0985e-01)	lr: 0.000048
2026-02-08 14:00:06,771 - INFO: Epoch: [9][100/251]	Time 0.397 (0.329)	Data 0.242 (0.163)	Loss 3.0405e-01 (3.6430e-01)	lr: 0.000048
2026-02-08 14:00:42,247 - INFO: Epoch: [9][200/251]	Time 0.374 (0.342)	Data 0.210 (0.175)	Loss 4.3174e-01 (3.6985e-01)	lr: 0.000048
2026-02-08 14:01:00,464 - INFO: ----------Epoch:  9, training loss is 0.3710 ---------
2026-02-08 14:01:02,226 - INFO: Epoch: [10][  0/251]	Time 0.413 (0.413)	Data 0.192 (0.192)	Loss 4.5310e-01 (4.5310e-01)	lr: 0.000050
2026-02-08 14:01:35,109 - INFO: Epoch: [10][100/251]	Time 0.389 (0.330)	Data 0.221 (0.189)	Loss 3.7346e-01 (3.5641e-01)	lr: 0.000050
2026-02-08 14:02:09,682 - INFO: Epoch: [10][200/251]	Time 0.360 (0.338)	Data 0.212 (0.188)	Loss 3.4670e-01 (3.5924e-01)	lr: 0.000050
2026-02-08 14:02:28,306 - INFO: ----------Epoch: 10, training loss is 0.3558 ---------
2026-02-08 14:02:30,118 - INFO: Epoch: [11][  0/251]	Time 0.508 (0.508)	Data 0.204 (0.204)	Loss 4.2728e-01 (4.2728e-01)	lr: 0.000052
2026-02-08 14:03:02,710 - INFO: Epoch: [11][100/251]	Time 0.376 (0.328)	Data 0.208 (0.187)	Loss 4.1884e-01 (3.3673e-01)	lr: 0.000052
2026-02-08 14:03:37,962 - INFO: Epoch: [11][200/251]	Time 0.416 (0.340)	Data 0.240 (0.188)	Loss 3.1792e-01 (3.4215e-01)	lr: 0.000052
2026-02-08 14:03:56,959 - INFO: ----------Epoch: 11, training loss is 0.3439 ---------
2026-02-08 14:03:58,640 - INFO: Epoch: [12][  0/251]	Time 0.348 (0.348)	Data 0.214 (0.214)	Loss 2.9305e-01 (2.9305e-01)	lr: 0.000053
2026-02-08 14:04:33,440 - INFO: Epoch: [12][100/251]	Time 0.419 (0.348)	Data 0.216 (0.214)	Loss 3.3288e-01 (3.2231e-01)	lr: 0.000053
2026-02-08 14:05:05,507 - INFO: Epoch: [12][200/251]	Time 0.333 (0.334)	Data 0.197 (0.188)	Loss 3.5762e-01 (3.3041e-01)	lr: 0.000053
2026-02-08 14:05:24,236 - INFO: ----------Epoch: 12, training loss is 0.3318 ---------
2026-02-08 14:05:25,967 - INFO: Epoch: [13][  0/251]	Time 0.413 (0.413)	Data 0.213 (0.213)	Loss 3.0459e-01 (3.0459e-01)	lr: 0.000055
2026-02-08 14:06:01,154 - INFO: Epoch: [13][100/251]	Time 0.405 (0.352)	Data 0.210 (0.188)	Loss 2.4541e-01 (3.1453e-01)	lr: 0.000055
2026-02-08 14:06:33,238 - INFO: Epoch: [13][200/251]	Time 0.366 (0.337)	Data 0.219 (0.189)	Loss 3.0634e-01 (3.1497e-01)	lr: 0.000055
2026-02-08 14:06:51,902 - INFO: ----------Epoch: 13, training loss is 0.3186 ---------
2026-02-08 14:06:53,535 - INFO: Epoch: [14][  0/251]	Time 0.341 (0.341)	Data 0.218 (0.218)	Loss 2.2300e-01 (2.2300e-01)	lr: 0.000057
2026-02-08 14:07:28,797 - INFO: Epoch: [14][100/251]	Time 0.388 (0.353)	Data 0.201 (0.210)	Loss 2.8884e-01 (3.1752e-01)	lr: 0.000057
2026-02-08 14:08:04,005 - INFO: Epoch: [14][200/251]	Time 0.431 (0.352)	Data 0.214 (0.201)	Loss 3.0216e-01 (3.1557e-01)	lr: 0.000057
2026-02-08 14:08:18,992 - INFO: ----------Epoch: 14, training loss is 0.3156 ---------
2026-02-08 14:08:20,622 - INFO: Epoch: [15][  0/251]	Time 0.344 (0.344)	Data 0.204 (0.204)	Loss 3.5853e-01 (3.5853e-01)	lr: 0.000058
2026-02-08 14:08:55,667 - INFO: Epoch: [15][100/251]	Time 0.346 (0.350)	Data 0.205 (0.211)	Loss 2.6325e-01 (2.9219e-01)	lr: 0.000058
2026-02-08 14:09:30,165 - INFO: Epoch: [15][200/251]	Time 0.352 (0.348)	Data 0.206 (0.199)	Loss 3.2202e-01 (2.9998e-01)	lr: 0.000058
2026-02-08 14:09:46,537 - INFO: ----------Epoch: 15, training loss is 0.3034 ---------
2026-02-08 14:09:48,199 - INFO: Epoch: [16][  0/251]	Time 0.323 (0.323)	Data 0.204 (0.204)	Loss 3.1334e-01 (3.1334e-01)	lr: 0.000060
2026-02-08 14:10:23,445 - INFO: Epoch: [16][100/251]	Time 0.442 (0.352)	Data 0.206 (0.186)	Loss 3.1887e-01 (2.9386e-01)	lr: 0.000060
2026-02-08 14:10:58,225 - INFO: Epoch: [16][200/251]	Time 0.350 (0.350)	Data 0.223 (0.188)	Loss 3.4770e-01 (2.9474e-01)	lr: 0.000060
2026-02-08 14:11:16,452 - INFO: ----------Epoch: 16, training loss is 0.2965 ---------
2026-02-08 14:11:15,648 - INFO: Epoch: [17][  0/251]	Time 0.327 (0.327)	Data 0.200 (0.200)	Loss 3.0237e-01 (3.0237e-01)	lr: 0.000062
2026-02-08 14:11:51,185 - INFO: Epoch: [17][100/251]	Time 0.340 (0.355)	Data 0.211 (0.212)	Loss 2.7272e-01 (2.8378e-01)	lr: 0.000062
2026-02-08 14:12:26,437 - INFO: Epoch: [17][200/251]	Time 0.338 (0.354)	Data 0.208 (0.214)	Loss 2.1973e-01 (2.8630e-01)	lr: 0.000062
2026-02-08 14:12:44,822 - INFO: ----------Epoch: 17, training loss is 0.2907 ---------
2026-02-08 14:12:46,830 - INFO: Epoch: [18][  0/251]	Time 0.380 (0.380)	Data 0.200 (0.200)	Loss 2.7373e-01 (2.7373e-01)	lr: 0.000063
2026-02-08 14:13:19,239 - INFO: Epoch: [18][100/251]	Time 0.437 (0.325)	Data 0.239 (0.160)	Loss 3.6656e-01 (2.8320e-01)	lr: 0.000063
2026-02-08 14:13:54,474 - INFO: Epoch: [18][200/251]	Time 0.406 (0.338)	Data 0.209 (0.187)	Loss 2.4597e-01 (2.8242e-01)	lr: 0.000063
2026-02-08 14:14:12,950 - INFO: ----------Epoch: 18, training loss is 0.2838 ---------
2026-02-08 14:14:14,636 - INFO: Epoch: [19][  0/251]	Time 0.346 (0.346)	Data 0.201 (0.201)	Loss 2.2966e-01 (2.2966e-01)	lr: 0.000065
2026-02-08 14:14:47,293 - INFO: Epoch: [19][100/251]	Time 0.362 (0.327)	Data 0.213 (0.163)	Loss 2.7855e-01 (2.7962e-01)	lr: 0.000065
2026-02-08 14:15:22,338 - INFO: Epoch: [19][200/251]	Time 0.395 (0.339)	Data 0.215 (0.187)	Loss 2.9668e-01 (2.8074e-01)	lr: 0.000065
2026-02-08 14:15:40,432 - INFO: ----------Epoch: 19, training loss is 0.2832 ---------
2026-02-08 14:15:42,095 - INFO: Epoch: [20][  0/251]	Time 0.366 (0.366)	Data 0.206 (0.206)	Loss 2.8995e-01 (2.8995e-01)	lr: 0.000067
2026-02-08 14:16:15,310 - INFO: Epoch: [20][100/251]	Time 0.431 (0.332)	Data 0.236 (0.212)	Loss 2.5286e-01 (2.6431e-01)	lr: 0.000067
2026-02-08 14:16:50,578 - INFO: Epoch: [20][200/251]	Time 0.382 (0.343)	Data 0.226 (0.214)	Loss 4.2204e-01 (2.7247e-01)	lr: 0.000067
2026-02-08 14:17:09,661 - INFO: ----------Epoch: 20, training loss is 0.2770 ---------
2026-02-08 14:17:11,382 - INFO: Epoch: [21][  0/251]	Time 0.414 (0.414)	Data 0.213 (0.213)	Loss 2.1946e-01 (2.1946e-01)	lr: 0.000068
2026-02-08 14:17:46,692 - INFO: Epoch: [21][100/251]	Time 0.488 (0.354)	Data 0.206 (0.214)	Loss 3.3621e-01 (2.6106e-01)	lr: 0.000068
2026-02-08 14:18:19,309 - INFO: Epoch: [21][200/251]	Time 0.425 (0.340)	Data 0.212 (0.200)	Loss 3.2980e-01 (2.7268e-01)	lr: 0.000068
2026-02-08 14:18:38,337 - INFO: ----------Epoch: 21, training loss is 0.2754 ---------
2026-02-08 14:18:40,013 - INFO: Epoch: [22][  0/251]	Time 0.344 (0.344)	Data 0.219 (0.219)	Loss 1.6691e-01 (1.6691e-01)	lr: 0.000070
2026-02-08 14:19:17,034 - INFO: Epoch: [22][100/251]	Time 0.348 (0.370)	Data 0.185 (0.210)	Loss 2.9347e-01 (2.6521e-01)	lr: 0.000070
2026-02-08 14:19:47,181 - INFO: Epoch: [22][200/251]	Time 0.413 (0.336)	Data 0.226 (0.183)	Loss 2.7309e-01 (2.6718e-01)	lr: 0.000070
2026-02-08 14:20:06,748 - INFO: ----------Epoch: 22, training loss is 0.2689 ---------
2026-02-08 14:20:08,525 - INFO: Epoch: [23][  0/251]	Time 0.431 (0.431)	Data 0.209 (0.209)	Loss 1.8307e-01 (1.8307e-01)	lr: 0.000072
2026-02-08 14:20:42,813 - INFO: Epoch: [23][100/251]	Time 0.358 (0.344)	Data 0.216 (0.186)	Loss 2.3620e-01 (2.5626e-01)	lr: 0.000072
2026-02-08 14:21:18,753 - INFO: Epoch: [23][200/251]	Time 0.375 (0.352)	Data 0.212 (0.197)	Loss 3.7809e-01 (2.6432e-01)	lr: 0.000072
2026-02-08 14:21:35,004 - INFO: ----------Epoch: 23, training loss is 0.2660 ---------
2026-02-08 14:21:36,682 - INFO: Epoch: [24][  0/251]	Time 0.371 (0.371)	Data 0.193 (0.193)	Loss 2.8621e-01 (2.8621e-01)	lr: 0.000073
2026-02-08 14:22:11,469 - INFO: Epoch: [24][100/251]	Time 0.401 (0.348)	Data 0.220 (0.213)	Loss 2.4049e-01 (2.6184e-01)	lr: 0.000073
2026-02-08 14:22:46,937 - INFO: Epoch: [24][200/251]	Time 0.442 (0.351)	Data 0.214 (0.201)	Loss 2.9179e-01 (2.6772e-01)	lr: 0.000073
2026-02-08 14:23:02,932 - INFO: ----------Epoch: 24, training loss is 0.2681 ---------
2026-02-08 14:23:03,340 - INFO: Epoch: [25][  0/251]	Time 0.404 (0.404)	Data 0.219 (0.219)	Loss 2.4077e-01 (2.4077e-01)	lr: 0.000075
2026-02-08 14:23:38,465 - INFO: Epoch: [25][100/251]	Time 0.357 (0.352)	Data 0.219 (0.189)	Loss 2.5795e-01 (2.6302e-01)	lr: 0.000075
2026-02-08 14:24:13,512 - INFO: Epoch: [25][200/251]	Time 0.416 (0.351)	Data 0.196 (0.188)	Loss 3.1679e-01 (2.6111e-01)	lr: 0.000075
2026-02-08 14:24:29,421 - INFO: ----------Epoch: 25, training loss is 0.2645 ---------
2026-02-08 14:24:31,163 - INFO: Epoch: [26][  0/251]	Time 0.433 (0.433)	Data 0.205 (0.205)	Loss 2.6722e-01 (2.6722e-01)	lr: 0.000077
2026-02-08 14:25:06,212 - INFO: Epoch: [26][100/251]	Time 0.340 (0.351)	Data 0.212 (0.189)	Loss 2.3310e-01 (2.5624e-01)	lr: 0.000077
2026-02-08 14:25:39,926 - INFO: Epoch: [26][200/251]	Time 0.343 (0.344)	Data 0.205 (0.182)	Loss 3.8400e-01 (2.5877e-01)	lr: 0.000077
2026-02-08 14:25:58,190 - INFO: ----------Epoch: 26, training loss is 0.2592 ---------
2026-02-08 14:25:59,815 - INFO: Epoch: [27][  0/251]	Time 0.299 (0.299)	Data 0.199 (0.199)	Loss 2.1561e-01 (2.1561e-01)	lr: 0.000078
2026-02-08 14:26:34,787 - INFO: Epoch: [27][100/251]	Time 0.383 (0.349)	Data 0.207 (0.190)	Loss 2.2552e-01 (2.5135e-01)	lr: 0.000078
2026-02-08 14:27:07,642 - INFO: Epoch: [27][200/251]	Time 0.373 (0.339)	Data 0.210 (0.188)	Loss 2.4756e-01 (2.5855e-01)	lr: 0.000078
2026-02-08 14:27:26,669 - INFO: ----------Epoch: 27, training loss is 0.2619 ---------
2026-02-08 14:27:27,024 - INFO: Epoch: [28][  0/251]	Time 0.354 (0.354)	Data 0.221 (0.221)	Loss 2.4119e-01 (2.4119e-01)	lr: 0.000080
2026-02-08 14:28:01,341 - INFO: Epoch: [28][100/251]	Time 0.319 (0.343)	Data 0.211 (0.178)	Loss 2.5230e-01 (2.5502e-01)	lr: 0.000080
2026-02-08 14:28:35,472 - INFO: Epoch: [28][200/251]	Time 0.323 (0.342)	Data 0.207 (0.182)	Loss 2.4781e-01 (2.5814e-01)	lr: 0.000080
2026-02-08 14:28:51,482 - INFO: ----------Epoch: 28, training loss is 0.2619 ---------
2026-02-08 14:28:51,810 - INFO: Epoch: [29][  0/251]	Time 0.327 (0.327)	Data 0.209 (0.209)	Loss 2.4901e-01 (2.4901e-01)	lr: 0.000082
2026-02-08 14:29:27,256 - INFO: Epoch: [29][100/251]	Time 0.482 (0.354)	Data 0.227 (0.187)	Loss 2.9087e-01 (2.5703e-01)	lr: 0.000082
2026-02-08 14:30:02,597 - INFO: Epoch: [29][200/251]	Time 0.343 (0.354)	Data 0.208 (0.187)	Loss 2.1434e-01 (2.6180e-01)	lr: 0.000082
2026-02-08 14:30:21,425 - INFO: ----------Epoch: 29, training loss is 0.2643 ---------
2026-02-08 14:30:21,771 - INFO: Epoch: [30][  0/251]	Time 0.345 (0.345)	Data 0.215 (0.215)	Loss 2.1909e-01 (2.1909e-01)	lr: 0.000083
2026-02-08 14:30:54,966 - INFO: Epoch: [30][100/251]	Time 0.395 (0.332)	Data 0.218 (0.165)	Loss 2.7227e-01 (2.5335e-01)	lr: 0.000083
2026-02-08 14:31:29,652 - INFO: Epoch: [30][200/251]	Time 0.343 (0.339)	Data 0.218 (0.177)	Loss 2.4476e-01 (2.6250e-01)	lr: 0.000083
2026-02-08 14:31:48,640 - INFO: ----------Epoch: 30, training loss is 0.2648 ---------
2026-02-08 14:31:48,993 - INFO: Epoch: [31][  0/251]	Time 0.352 (0.352)	Data 0.209 (0.209)	Loss 2.2068e-01 (2.2068e-01)	lr: 0.000085
2026-02-08 14:32:21,585 - INFO: Epoch: [31][100/251]	Time -2.093 (0.326)	Data 0.217 (0.190)	Loss 2.8054e-01 (2.5272e-01)	lr: 0.000085
2026-02-08 14:32:56,614 - INFO: Epoch: [31][200/251]	Time 0.396 (0.338)	Data 0.217 (0.200)	Loss 3.0389e-01 (2.5878e-01)	lr: 0.000085
2026-02-08 14:33:15,031 - INFO: ----------Epoch: 31, training loss is 0.2634 ---------
2026-02-08 14:33:15,387 - INFO: Epoch: [32][  0/251]	Time 0.355 (0.355)	Data 0.204 (0.204)	Loss 2.0335e-01 (2.0335e-01)	lr: 0.000087
2026-02-08 14:33:50,309 - INFO: Epoch: [32][100/251]	Time 0.352 (0.349)	Data 0.202 (0.189)	Loss 2.6699e-01 (2.5205e-01)	lr: 0.000087
2026-02-08 14:34:22,315 - INFO: Epoch: [32][200/251]	Time 0.316 (0.335)	Data 0.200 (0.176)	Loss 1.9257e-01 (2.6154e-01)	lr: 0.000087
2026-02-08 14:34:41,499 - INFO: ----------Epoch: 32, training loss is 0.2639 ---------
2026-02-08 14:34:41,858 - INFO: Epoch: [33][  0/251]	Time 0.357 (0.357)	Data 0.214 (0.214)	Loss 3.2774e-01 (3.2774e-01)	lr: 0.000088
2026-02-08 14:35:16,676 - INFO: Epoch: [33][100/251]	Time 0.455 (0.348)	Data 0.212 (0.187)	Loss 2.6754e-01 (2.5120e-01)	lr: 0.000088
2026-02-08 14:35:51,654 - INFO: Epoch: [33][200/251]	Time 0.413 (0.349)	Data 0.216 (0.199)	Loss 3.2623e-01 (2.5540e-01)	lr: 0.000088
2026-02-08 14:36:08,011 - INFO: ----------Epoch: 33, training loss is 0.2611 ---------
2026-02-08 14:36:08,378 - INFO: Epoch: [34][  0/251]	Time 0.366 (0.366)	Data 0.227 (0.227)	Loss 2.9156e-01 (2.9156e-01)	lr: 0.000090
2026-02-08 14:36:43,968 - INFO: Epoch: [34][100/251]	Time 0.330 (0.356)	Data 0.204 (0.190)	Loss 2.0648e-01 (2.5671e-01)	lr: 0.000090
2026-02-08 14:37:19,316 - INFO: Epoch: [34][200/251]	Time 0.379 (0.355)	Data 0.214 (0.188)	Loss 3.1701e-01 (2.5935e-01)	lr: 0.000090
2026-02-08 14:37:35,470 - INFO: ----------Epoch: 34, training loss is 0.2628 ---------
2026-02-08 14:37:35,816 - INFO: Epoch: [35][  0/251]	Time 0.345 (0.345)	Data 0.219 (0.219)	Loss 2.6708e-01 (2.6708e-01)	lr: 0.000092
2026-02-08 14:38:11,200 - INFO: Epoch: [35][100/251]	Time 0.352 (0.354)	Data 0.200 (0.190)	Loss 1.9052e-01 (2.5236e-01)	lr: 0.000092
2026-02-08 14:38:45,621 - INFO: Epoch: [35][200/251]	Time 0.341 (0.349)	Data 0.208 (0.188)	Loss 3.0537e-01 (2.6376e-01)	lr: 0.000092
2026-02-08 14:39:02,162 - INFO: ----------Epoch: 35, training loss is 0.2643 ---------
2026-02-08 14:39:02,595 - INFO: Epoch: [36][  0/251]	Time 0.431 (0.431)	Data 0.212 (0.212)	Loss 3.0446e-01 (3.0446e-01)	lr: 0.000093
2026-02-08 14:39:37,671 - INFO: Epoch: [36][100/251]	Time 0.325 (0.352)	Data 0.210 (0.192)	Loss 3.2977e-01 (2.6096e-01)	lr: 0.000093
2026-02-08 14:40:12,843 - INFO: Epoch: [36][200/251]	Time 0.407 (0.352)	Data 0.196 (0.203)	Loss 2.1110e-01 (2.6443e-01)	lr: 0.000093
2026-02-08 14:40:29,204 - INFO: ----------Epoch: 36, training loss is 0.2665 ---------
2026-02-08 14:40:29,516 - INFO: Epoch: [37][  0/251]	Time 0.310 (0.310)	Data 0.199 (0.199)	Loss 1.8836e-01 (1.8836e-01)	lr: 0.000095
2026-02-08 14:41:04,813 - INFO: Epoch: [37][100/251]	Time 0.383 (0.353)	Data 0.220 (0.190)	Loss 2.8661e-01 (2.5826e-01)	lr: 0.000095
2026-02-08 14:41:40,527 - INFO: Epoch: [37][200/251]	Time 0.344 (0.355)	Data 0.208 (0.202)	Loss 3.1786e-01 (2.6780e-01)	lr: 0.000095
2026-02-08 14:41:56,412 - INFO: ----------Epoch: 37, training loss is 0.2703 ---------
2026-02-08 14:41:56,751 - INFO: Epoch: [38][  0/251]	Time 0.337 (0.337)	Data 0.217 (0.217)	Loss 1.5964e-01 (1.5964e-01)	lr: 0.000097
2026-02-08 14:42:32,393 - INFO: Epoch: [38][100/251]	Time 0.405 (0.356)	Data 0.210 (0.190)	Loss 3.0330e-01 (2.6670e-01)	lr: 0.000097
2026-02-08 14:43:07,334 - INFO: Epoch: [38][200/251]	Time 0.357 (0.353)	Data 0.217 (0.190)	Loss 3.0679e-01 (2.7155e-01)	lr: 0.000097
2026-02-08 14:43:25,904 - INFO: ----------Epoch: 38, training loss is 0.2733 ---------
2026-02-08 14:43:26,305 - INFO: Epoch: [39][  0/251]	Time 0.400 (0.400)	Data 0.211 (0.211)	Loss 2.9169e-01 (2.9169e-01)	lr: 0.000098
2026-02-08 14:44:00,003 - INFO: Epoch: [39][100/251]	Time 0.406 (0.338)	Data 0.209 (0.213)	Loss 2.5752e-01 (2.6996e-01)	lr: 0.000098
2026-02-08 14:44:35,224 - INFO: Epoch: [39][200/251]	Time 0.333 (0.345)	Data 0.210 (0.201)	Loss 2.7237e-01 (2.7346e-01)	lr: 0.000098
2026-02-08 14:44:51,251 - INFO: ----------Epoch: 39, training loss is 0.2725 ---------
2026-02-08 14:44:51,568 - INFO: Epoch: [40][  0/251]	Time 0.317 (0.317)	Data 0.195 (0.195)	Loss 2.9631e-01 (2.9631e-01)	lr: 0.000100
2026-02-08 14:45:27,454 - INFO: Epoch: [40][100/251]	Time 0.355 (0.358)	Data 0.229 (0.213)	Loss 2.2180e-01 (2.7308e-01)	lr: 0.000100
2026-02-08 14:46:02,526 - INFO: Epoch: [40][200/251]	Time 0.381 (0.355)	Data 0.227 (0.215)	Loss 2.3523e-01 (2.7102e-01)	lr: 0.000100
2026-02-08 14:46:18,829 - INFO: ----------Epoch: 40, training loss is 0.2742 ---------
2026-02-08 14:46:20,547 - INFO: Epoch: [41][  0/251]	Time 0.369 (0.369)	Data 0.209 (0.209)	Loss 2.5670e-01 (2.5670e-01)	lr: 0.000100
2026-02-08 14:46:56,094 - INFO: Epoch: [41][100/251]	Time 0.409 (0.356)	Data 0.202 (0.189)	Loss 2.0887e-01 (2.6904e-01)	lr: 0.000100
2026-02-08 14:47:31,178 - INFO: Epoch: [41][200/251]	Time 0.397 (0.353)	Data 0.216 (0.200)	Loss 3.0045e-01 (2.7172e-01)	lr: 0.000100
2026-02-08 14:47:46,955 - INFO: ----------Epoch: 41, training loss is 0.2736 ---------
2026-02-08 14:47:47,333 - INFO: Epoch: [42][  0/251]	Time 0.377 (0.377)	Data 0.197 (0.197)	Loss 3.0331e-01 (3.0331e-01)	lr: 0.000100
2026-02-08 14:48:22,441 - INFO: Epoch: [42][100/251]	Time 0.367 (0.351)	Data 0.212 (0.187)	Loss 2.1294e-01 (2.6333e-01)	lr: 0.000100
2026-02-08 14:48:57,768 - INFO: Epoch: [42][200/251]	Time 0.384 (0.352)	Data 0.208 (0.201)	Loss 2.5670e-01 (2.7148e-01)	lr: 0.000100
2026-02-08 14:49:14,310 - INFO: ----------Epoch: 42, training loss is 0.2731 ---------
2026-02-08 14:49:14,696 - INFO: Epoch: [43][  0/251]	Time 0.385 (0.385)	Data 0.207 (0.207)	Loss 2.0667e-01 (2.0667e-01)	lr: 0.000100
2026-02-08 14:49:49,559 - INFO: Epoch: [43][100/251]	Time 0.315 (0.349)	Data 0.206 (0.213)	Loss 2.0528e-01 (2.6236e-01)	lr: 0.000100
2026-02-08 14:50:24,936 - INFO: Epoch: [43][200/251]	Time 0.359 (0.351)	Data 0.226 (0.201)	Loss 2.3408e-01 (2.6786e-01)	lr: 0.000100
2026-02-08 14:50:41,151 - INFO: ----------Epoch: 43, training loss is 0.2701 ---------
2026-02-08 14:50:41,510 - INFO: Epoch: [44][  0/251]	Time 0.358 (0.358)	Data 0.193 (0.193)	Loss 2.1698e-01 (2.1698e-01)	lr: 0.000100
2026-02-08 14:51:16,836 - INFO: Epoch: [44][100/251]	Time 0.385 (0.353)	Data 0.214 (0.188)	Loss 2.5932e-01 (2.6601e-01)	lr: 0.000100
2026-02-08 14:51:51,410 - INFO: Epoch: [44][200/251]	Time 0.354 (0.350)	Data 0.221 (0.188)	Loss 2.0763e-01 (2.6247e-01)	lr: 0.000100
2026-02-08 14:52:07,991 - INFO: ----------Epoch: 44, training loss is 0.2681 ---------
2026-02-08 14:52:08,337 - INFO: Epoch: [45][  0/251]	Time 0.345 (0.345)	Data 0.218 (0.218)	Loss 1.7967e-01 (1.7967e-01)	lr: 0.000100
2026-02-08 14:52:43,345 - INFO: Epoch: [45][100/251]	Time 0.393 (0.350)	Data 0.217 (0.189)	Loss 2.5433e-01 (2.5316e-01)	lr: 0.000100
2026-02-08 14:53:18,857 - INFO: Epoch: [45][200/251]	Time 0.316 (0.353)	Data 0.202 (0.188)	Loss 2.8764e-01 (2.6421e-01)	lr: 0.000100
2026-02-08 14:53:37,489 - INFO: ----------Epoch: 45, training loss is 0.2670 ---------
2026-02-08 14:53:37,849 - INFO: Epoch: [46][  0/251]	Time 0.358 (0.358)	Data 0.207 (0.207)	Loss 2.6990e-01 (2.6990e-01)	lr: 0.000100
2026-02-08 14:54:10,087 - INFO: Epoch: [46][100/251]	Time 0.350 (0.323)	Data 0.207 (0.189)	Loss 2.8411e-01 (2.5770e-01)	lr: 0.000100
2026-02-08 14:54:44,997 - INFO: Epoch: [46][200/251]	Time 0.370 (0.336)	Data 0.221 (0.189)	Loss 2.3223e-01 (2.6363e-01)	lr: 0.000100
2026-02-08 14:55:03,877 - INFO: ----------Epoch: 46, training loss is 0.2662 ---------
2026-02-08 14:55:04,245 - INFO: Epoch: [47][  0/251]	Time 0.368 (0.368)	Data 0.213 (0.213)	Loss 2.6547e-01 (2.6547e-01)	lr: 0.000100
2026-02-08 14:55:36,866 - INFO: Epoch: [47][100/251]	Time 0.371 (0.327)	Data 0.218 (0.217)	Loss 3.4669e-01 (2.6423e-01)	lr: 0.000100
2026-02-08 14:56:12,658 - INFO: Epoch: [47][200/251]	Time 0.351 (0.342)	Data 0.211 (0.205)	Loss 2.2264e-01 (2.7049e-01)	lr: 0.000100
2026-02-08 14:56:32,056 - INFO: ----------Epoch: 47, training loss is 0.2714 ---------
2026-02-08 14:56:32,520 - INFO: Epoch: [48][  0/251]	Time 0.462 (0.462)	Data 0.249 (0.249)	Loss 2.0147e-01 (2.0147e-01)	lr: 0.000100
2026-02-08 14:57:05,926 - INFO: Epoch: [48][100/251]	Time -2.045 (0.335)	Data -2.286 (0.193)	Loss 3.0634e-01 (2.5854e-01)	lr: 0.000100
2026-02-08 14:57:40,729 - INFO: Epoch: [48][200/251]	Time 0.473 (0.342)	Data 0.219 (0.204)	Loss 2.4280e-01 (2.6662e-01)	lr: 0.000100
2026-02-08 14:57:59,417 - INFO: ----------Epoch: 48, training loss is 0.2674 ---------
2026-02-08 14:57:59,750 - INFO: Epoch: [49][  0/251]	Time 0.332 (0.332)	Data 0.211 (0.211)	Loss 2.1882e-01 (2.1882e-01)	lr: 0.000100
2026-02-08 14:58:34,993 - INFO: Epoch: [49][100/251]	Time 0.365 (0.352)	Data 0.208 (0.192)	Loss 2.4768e-01 (2.5155e-01)	lr: 0.000100
2026-02-08 14:59:07,741 - INFO: Epoch: [49][200/251]	Time 0.397 (0.340)	Data 0.211 (0.203)	Loss 1.9250e-01 (2.6109e-01)	lr: 0.000100
2026-02-08 14:59:26,410 - INFO: ----------Epoch: 49, training loss is 0.2647 ---------
2026-02-08 14:59:26,749 - INFO: Epoch: [50][  0/251]	Time 0.338 (0.338)	Data 0.207 (0.207)	Loss 2.3708e-01 (2.3708e-01)	lr: 0.000100
2026-02-08 15:00:01,730 - INFO: Epoch: [50][100/251]	Time 0.394 (0.350)	Data 0.216 (0.211)	Loss 2.3818e-01 (2.5868e-01)	lr: 0.000100
2026-02-08 15:00:36,515 - INFO: Epoch: [50][200/251]	Time 0.416 (0.349)	Data 0.214 (0.212)	Loss 2.8972e-01 (2.6603e-01)	lr: 0.000100
2026-02-08 15:00:52,581 - INFO: ----------Epoch: 50, training loss is 0.2687 ---------
2026-02-08 15:00:52,999 - INFO: Epoch: [51][  0/251]	Time 0.416 (0.416)	Data 0.227 (0.227)	Loss 2.7751e-01 (2.7751e-01)	lr: 0.000100
2026-02-08 15:01:28,389 - INFO: Epoch: [51][100/251]	Time 0.412 (0.355)	Data 0.215 (0.190)	Loss 2.5211e-01 (2.5651e-01)	lr: 0.000100
2026-02-08 15:02:03,621 - INFO: Epoch: [51][200/251]	Time 0.375 (0.353)	Data 0.231 (0.191)	Loss 3.2516e-01 (2.6292e-01)	lr: 0.000100
2026-02-08 15:02:19,476 - INFO: ----------Epoch: 51, training loss is 0.2659 ---------
2026-02-08 15:02:19,864 - INFO: Epoch: [52][  0/251]	Time 0.387 (0.387)	Data 0.203 (0.203)	Loss 1.6527e-01 (1.6527e-01)	lr: 0.000100
2026-02-08 15:02:55,841 - INFO: Epoch: [52][100/251]	Time 0.361 (0.360)	Data 0.220 (0.214)	Loss 2.6804e-01 (2.5763e-01)	lr: 0.000100
2026-02-08 15:03:31,378 - INFO: Epoch: [52][200/251]	Time 0.353 (0.358)	Data 0.216 (0.203)	Loss 2.8153e-01 (2.6319e-01)	lr: 0.000100
2026-02-08 15:03:47,294 - INFO: ----------Epoch: 52, training loss is 0.2665 ---------
2026-02-08 15:03:47,632 - INFO: Epoch: [53][  0/251]	Time 0.337 (0.337)	Data 0.203 (0.203)	Loss 2.1978e-01 (2.1978e-01)	lr: 0.000100
2026-02-08 15:04:23,306 - INFO: Epoch: [53][100/251]	Time 0.350 (0.357)	Data 0.226 (0.215)	Loss 2.5331e-01 (2.6393e-01)	lr: 0.000100
2026-02-08 15:04:58,192 - INFO: Epoch: [53][200/251]	Time 0.368 (0.353)	Data 0.218 (0.202)	Loss 3.8648e-01 (2.7111e-01)	lr: 0.000100
2026-02-08 15:05:13,855 - INFO: ----------Epoch: 53, training loss is 0.2713 ---------
2026-02-08 15:05:14,274 - INFO: Epoch: [54][  0/251]	Time 0.418 (0.418)	Data 0.217 (0.217)	Loss 3.0702e-01 (3.0702e-01)	lr: 0.000100
2026-02-08 15:05:49,543 - INFO: Epoch: [54][100/251]	Time 0.389 (0.353)	Data 0.205 (0.189)	Loss 3.4333e-01 (2.5772e-01)	lr: 0.000100
2026-02-08 15:06:23,971 - INFO: Epoch: [54][200/251]	Time 0.430 (0.349)	Data 0.227 (0.202)	Loss 2.5256e-01 (2.6602e-01)	lr: 0.000100
2026-02-08 15:06:42,853 - INFO: ----------Epoch: 54, training loss is 0.2681 ---------
2026-02-08 15:06:43,304 - INFO: Epoch: [55][  0/251]	Time 0.450 (0.450)	Data 0.216 (0.216)	Loss 2.2413e-01 (2.2413e-01)	lr: 0.000100
2026-02-08 15:07:18,741 - INFO: Epoch: [55][100/251]	Time 0.402 (0.355)	Data 0.220 (0.189)	Loss 3.2670e-01 (2.5581e-01)	lr: 0.000100
2026-02-08 15:07:51,918 - INFO: Epoch: [55][200/251]	Time 0.328 (0.344)	Data 0.209 (0.190)	Loss 3.9955e-01 (2.6518e-01)	lr: 0.000100
2026-02-08 15:08:10,816 - INFO: ----------Epoch: 55, training loss is 0.2686 ---------
2026-02-08 15:08:11,135 - INFO: Epoch: [56][  0/251]	Time 0.317 (0.317)	Data 0.214 (0.214)	Loss 1.5890e-01 (1.5890e-01)	lr: 0.000100
2026-02-08 15:08:46,247 - INFO: Epoch: [56][100/251]	Time 0.429 (0.351)	Data 0.218 (0.220)	Loss 2.6481e-01 (2.5392e-01)	lr: 0.000100
2026-02-08 15:09:21,279 - INFO: Epoch: [56][200/251]	Time 0.414 (0.351)	Data 0.222 (0.219)	Loss 4.9839e-01 (2.6689e-01)	lr: 0.000100
2026-02-08 15:09:37,433 - INFO: ----------Epoch: 56, training loss is 0.2684 ---------
2026-02-08 15:09:37,763 - INFO: Epoch: [57][  0/251]	Time 0.329 (0.329)	Data 0.199 (0.199)	Loss 3.6909e-01 (3.6909e-01)	lr: 0.000100
2026-02-08 15:10:13,198 - INFO: Epoch: [57][100/251]	Time 0.352 (0.354)	Data 0.231 (0.187)	Loss 2.5455e-01 (2.5944e-01)	lr: 0.000100
2026-02-08 15:10:48,701 - INFO: Epoch: [57][200/251]	Time 0.324 (0.355)	Data 0.204 (0.189)	Loss 2.1806e-01 (2.6379e-01)	lr: 0.000100
2026-02-08 15:11:07,421 - INFO: ----------Epoch: 57, training loss is 0.2669 ---------
2026-02-08 15:11:07,828 - INFO: Epoch: [58][  0/251]	Time 0.406 (0.406)	Data 0.233 (0.233)	Loss 1.9485e-01 (1.9485e-01)	lr: 0.000100
2026-02-08 15:11:39,277 - INFO: Epoch: [58][100/251]	Time 0.343 (0.315)	Data 0.197 (0.196)	Loss 2.8579e-01 (2.6038e-01)	lr: 0.000100
2026-02-08 15:12:13,968 - INFO: Epoch: [58][200/251]	Time 0.326 (0.331)	Data 0.215 (0.204)	Loss 2.7983e-01 (2.6637e-01)	lr: 0.000100
2026-02-08 15:12:32,392 - INFO: ----------Epoch: 58, training loss is 0.2691 ---------
2026-02-08 15:12:32,758 - INFO: Epoch: [59][  0/251]	Time 0.364 (0.364)	Data 0.217 (0.217)	Loss 2.2294e-01 (2.2294e-01)	lr: 0.000100
2026-02-08 15:13:07,576 - INFO: Epoch: [59][100/251]	Time 0.356 (0.348)	Data 0.210 (0.214)	Loss 2.4479e-01 (2.6137e-01)	lr: 0.000100
2026-02-08 15:13:40,423 - INFO: Epoch: [59][200/251]	Time 0.335 (0.338)	Data 0.221 (0.190)	Loss 2.3668e-01 (2.6448e-01)	lr: 0.000100
2026-02-08 15:13:59,228 - INFO: ----------Epoch: 59, training loss is 0.2670 ---------
2026-02-08 15:13:59,629 - INFO: Epoch: [60][  0/251]	Time 0.400 (0.400)	Data 0.216 (0.216)	Loss 1.8867e-01 (1.8867e-01)	lr: 0.000100
2026-02-08 15:14:34,724 - INFO: Epoch: [60][100/251]	Time 0.359 (0.351)	Data 0.223 (0.210)	Loss 2.9678e-01 (2.6437e-01)	lr: 0.000100
2026-02-08 15:15:10,309 - INFO: Epoch: [60][200/251]	Time 0.334 (0.354)	Data 0.222 (0.213)	Loss 2.1589e-01 (2.6921e-01)	lr: 0.000100
2026-02-08 15:15:26,547 - INFO: ----------Epoch: 60, training loss is 0.2695 ---------
2026-02-08 15:15:26,912 - INFO: Epoch: [61][  0/251]	Time 0.364 (0.364)	Data 0.205 (0.205)	Loss 1.5848e-01 (1.5848e-01)	lr: 0.000100
2026-02-08 15:16:02,039 - INFO: Epoch: [61][100/251]	Time 0.348 (0.351)	Data 0.199 (0.215)	Loss 2.6432e-01 (2.5180e-01)	lr: 0.000100
2026-02-08 15:16:37,480 - INFO: Epoch: [61][200/251]	Time 0.366 (0.353)	Data 0.223 (0.206)	Loss 1.9446e-01 (2.6262e-01)	lr: 0.000100
2026-02-08 15:16:54,026 - INFO: ----------Epoch: 61, training loss is 0.2658 ---------
2026-02-08 15:16:54,413 - INFO: Epoch: [62][  0/251]	Time 0.385 (0.385)	Data 0.200 (0.200)	Loss 1.9397e-01 (1.9397e-01)	lr: 0.000100
2026-02-08 15:17:29,793 - INFO: Epoch: [62][100/251]	Time 0.414 (0.354)	Data 0.228 (0.186)	Loss 2.1679e-01 (2.5898e-01)	lr: 0.000100
2026-02-08 15:18:04,613 - INFO: Epoch: [62][200/251]	Time 0.329 (0.351)	Data 0.204 (0.187)	Loss 3.0918e-01 (2.6282e-01)	lr: 0.000100
2026-02-08 15:18:21,528 - INFO: ----------Epoch: 62, training loss is 0.2675 ---------
2026-02-08 15:18:21,874 - INFO: Epoch: [63][  0/251]	Time 0.345 (0.345)	Data 0.203 (0.203)	Loss 2.4838e-01 (2.4838e-01)	lr: 0.000100
2026-02-08 15:18:57,121 - INFO: Epoch: [63][100/251]	Time 0.353 (0.352)	Data 0.233 (0.189)	Loss 2.8336e-01 (2.6872e-01)	lr: 0.000100
2026-02-08 15:19:33,308 - INFO: Epoch: [63][200/251]	Time 0.430 (0.357)	Data 0.217 (0.189)	Loss 2.9116e-01 (2.6896e-01)	lr: 0.000100
2026-02-08 15:19:49,548 - INFO: ----------Epoch: 63, training loss is 0.2714 ---------
2026-02-08 15:19:49,881 - INFO: Epoch: [64][  0/251]	Time 0.332 (0.332)	Data 0.208 (0.208)	Loss 2.5202e-01 (2.5202e-01)	lr: 0.000100
2026-02-08 15:20:25,011 - INFO: Epoch: [64][100/251]	Time 0.368 (0.351)	Data 0.203 (0.186)	Loss 2.3609e-01 (2.6707e-01)	lr: 0.000100
2026-02-08 15:20:59,868 - INFO: Epoch: [64][200/251]	Time 0.389 (0.350)	Data 0.208 (0.187)	Loss 2.6386e-01 (2.6892e-01)	lr: 0.000100
2026-02-08 15:21:16,044 - INFO: ----------Epoch: 64, training loss is 0.2691 ---------
2026-02-08 15:21:16,518 - INFO: Epoch: [65][  0/251]	Time 0.473 (0.473)	Data 0.218 (0.218)	Loss 2.5311e-01 (2.5311e-01)	lr: 0.000100
2026-02-08 15:21:51,850 - INFO: Epoch: [65][100/251]	Time 0.350 (0.354)	Data 0.204 (0.219)	Loss 3.4401e-01 (2.6113e-01)	lr: 0.000100
2026-02-08 15:22:27,365 - INFO: Epoch: [65][200/251]	Time 0.410 (0.355)	Data 0.217 (0.216)	Loss 3.1441e-01 (2.7195e-01)	lr: 0.000100
2026-02-08 15:22:42,955 - INFO: ----------Epoch: 65, training loss is 0.2719 ---------
2026-02-08 15:22:43,297 - INFO: Epoch: [66][  0/251]	Time 0.341 (0.341)	Data 0.199 (0.199)	Loss 2.4695e-01 (2.4695e-01)	lr: 0.000100
2026-02-08 15:23:18,726 - INFO: Epoch: [66][100/251]	Time 0.362 (0.354)	Data 0.195 (0.188)	Loss 3.4478e-01 (2.7137e-01)	lr: 0.000100
2026-02-08 15:23:53,407 - INFO: Epoch: [66][200/251]	Time 0.422 (0.351)	Data 0.220 (0.199)	Loss 2.7426e-01 (2.7063e-01)	lr: 0.000100
2026-02-08 15:24:09,622 - INFO: ----------Epoch: 66, training loss is 0.2700 ---------
2026-02-08 15:24:09,988 - INFO: Epoch: [67][  0/251]	Time 0.364 (0.364)	Data 0.213 (0.213)	Loss 2.6486e-01 (2.6486e-01)	lr: 0.000100
2026-02-08 15:24:45,308 - INFO: Epoch: [67][100/251]	Time 0.391 (0.353)	Data 0.193 (0.189)	Loss 2.8210e-01 (2.6206e-01)	lr: 0.000100
2026-02-08 15:25:20,478 - INFO: Epoch: [67][200/251]	Time 0.381 (0.353)	Data 0.205 (0.201)	Loss 3.4882e-01 (2.6984e-01)	lr: 0.000100
2026-02-08 15:25:39,513 - INFO: ----------Epoch: 67, training loss is 0.2721 ---------
2026-02-08 15:25:39,856 - INFO: Epoch: [68][  0/251]	Time 0.343 (0.343)	Data 0.203 (0.203)	Loss 3.1486e-01 (3.1486e-01)	lr: 0.000100
2026-02-08 15:26:11,908 - INFO: Epoch: [68][100/251]	Time 0.340 (0.321)	Data 0.204 (0.162)	Loss 2.7357e-01 (2.6272e-01)	lr: 0.000100
2026-02-08 15:26:48,407 - INFO: Epoch: [68][200/251]	Time 0.452 (0.343)	Data 0.231 (0.178)	Loss 2.7397e-01 (2.6656e-01)	lr: 0.000100
2026-02-08 15:27:07,791 - INFO: ----------Epoch: 68, training loss is 0.2689 ---------
2026-02-08 15:27:08,176 - INFO: Epoch: [69][  0/251]	Time 0.383 (0.383)	Data 0.206 (0.206)	Loss 2.6139e-01 (2.6139e-01)	lr: 0.000100
2026-02-08 15:27:43,300 - INFO: Epoch: [69][100/251]	Time 0.391 (0.352)	Data 0.220 (0.191)	Loss 2.7513e-01 (2.6210e-01)	lr: 0.000100
2026-02-08 15:28:17,405 - INFO: Epoch: [69][200/251]	Time 0.452 (0.346)	Data 0.205 (0.202)	Loss 2.5519e-01 (2.6806e-01)	lr: 0.000100
2026-02-08 15:28:36,897 - INFO: ----------Epoch: 69, training loss is 0.2693 ---------
2026-02-08 15:28:37,309 - INFO: Epoch: [70][  0/251]	Time 0.409 (0.409)	Data 0.216 (0.216)	Loss 2.6144e-01 (2.6144e-01)	lr: 0.000100
2026-02-08 15:29:09,926 - INFO: Epoch: [70][100/251]	Time 0.372 (0.327)	Data 0.204 (0.207)	Loss 3.9847e-01 (2.6726e-01)	lr: 0.000100
2026-02-08 15:29:43,615 - INFO: Epoch: [70][200/251]	Time 0.423 (0.332)	Data 0.204 (0.202)	Loss 2.5853e-01 (2.7222e-01)	lr: 0.000100
2026-02-08 15:30:02,215 - INFO: ----------Epoch: 70, training loss is 0.2728 ---------
2026-02-08 15:30:02,516 - INFO: Epoch: [71][  0/251]	Time 0.300 (0.300)	Data 0.189 (0.189)	Loss 2.2605e-01 (2.2605e-01)	lr: 0.000100
2026-02-08 15:30:37,809 - INFO: Epoch: [71][100/251]	Time 0.426 (0.352)	Data 0.201 (0.215)	Loss 2.8297e-01 (2.7267e-01)	lr: 0.000100
2026-02-08 15:31:11,038 - INFO: Epoch: [71][200/251]	Time 0.414 (0.342)	Data 0.219 (0.189)	Loss 2.5687e-01 (2.7361e-01)	lr: 0.000100
2026-02-08 15:31:29,515 - INFO: ----------Epoch: 71, training loss is 0.2734 ---------
2026-02-08 15:31:29,926 - INFO: Epoch: [72][  0/251]	Time 0.411 (0.411)	Data 0.212 (0.212)	Loss 2.6332e-01 (2.6332e-01)	lr: 0.000100
2026-02-08 15:32:05,070 - INFO: Epoch: [72][100/251]	Time 0.350 (0.352)	Data 0.225 (0.190)	Loss 1.9994e-01 (2.6425e-01)	lr: 0.000100
2026-02-08 15:32:40,103 - INFO: Epoch: [72][200/251]	Time 0.366 (0.351)	Data 0.203 (0.189)	Loss 3.1874e-01 (2.7135e-01)	lr: 0.000100
2026-02-08 15:32:56,341 - INFO: ----------Epoch: 72, training loss is 0.2759 ---------
2026-02-08 15:32:56,731 - INFO: Epoch: [73][  0/251]	Time 0.388 (0.388)	Data 0.203 (0.203)	Loss 2.5173e-01 (2.5173e-01)	lr: 0.000100
2026-02-08 15:33:32,091 - INFO: Epoch: [73][100/251]	Time 0.439 (0.354)	Data 0.229 (0.215)	Loss 2.1432e-01 (2.7281e-01)	lr: 0.000100
2026-02-08 15:34:06,668 - INFO: Epoch: [73][200/251]	Time 0.311 (0.350)	Data 0.214 (0.201)	Loss 2.9882e-01 (2.7004e-01)	lr: 0.000100
2026-02-08 15:34:23,409 - INFO: ----------Epoch: 73, training loss is 0.2719 ---------
2026-02-08 15:34:23,734 - INFO: Epoch: [74][  0/251]	Time 0.323 (0.323)	Data 0.214 (0.214)	Loss 2.0873e-01 (2.0873e-01)	lr: 0.000100
2026-02-08 15:34:58,126 - INFO: Epoch: [74][100/251]	Time 0.384 (0.344)	Data 0.197 (0.213)	Loss 3.1890e-01 (2.6039e-01)	lr: 0.000100
2026-02-08 15:35:32,882 - INFO: Epoch: [74][200/251]	Time 0.396 (0.346)	Data 0.207 (0.200)	Loss 3.2800e-01 (2.7024e-01)	lr: 0.000100
2026-02-08 15:35:49,396 - INFO: ----------Epoch: 74, training loss is 0.2714 ---------
2026-02-08 15:35:49,800 - INFO: Epoch: [75][  0/251]	Time 0.403 (0.403)	Data 0.213 (0.213)	Loss 2.3747e-01 (2.3747e-01)	lr: 0.000100
2026-02-08 15:36:25,236 - INFO: Epoch: [75][100/251]	Time 0.342 (0.355)	Data 0.211 (0.213)	Loss 2.5827e-01 (2.5788e-01)	lr: 0.000100
2026-02-08 15:37:00,440 - INFO: Epoch: [75][200/251]	Time 0.354 (0.353)	Data 0.212 (0.215)	Loss 2.5633e-01 (2.6514e-01)	lr: 0.000100
2026-02-08 15:37:16,672 - INFO: ----------Epoch: 75, training loss is 0.2702 ---------
2026-02-08 15:37:17,027 - INFO: Epoch: [76][  0/251]	Time 0.353 (0.353)	Data 0.197 (0.197)	Loss 2.4368e-01 (2.4368e-01)	lr: 0.000100
2026-02-08 15:37:52,297 - INFO: Epoch: [76][100/251]	Time 0.384 (0.353)	Data 0.198 (0.190)	Loss 2.5299e-01 (2.6132e-01)	lr: 0.000100
2026-02-08 15:38:27,753 - INFO: Epoch: [76][200/251]	Time 0.343 (0.354)	Data 0.205 (0.188)	Loss 3.0651e-01 (2.7141e-01)	lr: 0.000100
2026-02-08 15:38:44,315 - INFO: ----------Epoch: 76, training loss is 0.2737 ---------
2026-02-08 15:38:44,745 - INFO: Epoch: [77][  0/251]	Time 0.430 (0.430)	Data 0.232 (0.232)	Loss 2.8887e-01 (2.8887e-01)	lr: 0.000100
2026-02-08 15:39:20,086 - INFO: Epoch: [77][100/251]	Time 0.323 (0.354)	Data 0.211 (0.191)	Loss 2.2570e-01 (2.6624e-01)	lr: 0.000100
2026-02-08 15:39:55,773 - INFO: Epoch: [77][200/251]	Time 0.371 (0.356)	Data 0.222 (0.190)	Loss 2.6930e-01 (2.7438e-01)	lr: 0.000100
2026-02-08 15:40:11,423 - INFO: ----------Epoch: 77, training loss is 0.2780 ---------
2026-02-08 15:40:11,790 - INFO: Epoch: [78][  0/251]	Time 0.366 (0.366)	Data 0.219 (0.219)	Loss 2.4580e-01 (2.4580e-01)	lr: 0.000100
2026-02-08 15:40:47,566 - INFO: Epoch: [78][100/251]	Time 0.443 (0.358)	Data 0.222 (0.189)	Loss 3.4155e-01 (2.7876e-01)	lr: 0.000100
2026-02-08 15:41:22,977 - INFO: Epoch: [78][200/251]	Time 0.376 (0.356)	Data 0.231 (0.203)	Loss 3.7154e-01 (2.7703e-01)	lr: 0.000100
2026-02-08 15:41:42,990 - INFO: ----------Epoch: 78, training loss is 0.2766 ---------
2026-02-08 15:41:43,376 - INFO: Epoch: [79][  0/251]	Time 0.384 (0.384)	Data 0.221 (0.221)	Loss 2.7310e-01 (2.7310e-01)	lr: 0.000100
2026-02-08 15:42:17,674 - INFO: Epoch: [79][100/251]	Time 0.394 (0.343)	Data 0.226 (0.217)	Loss 2.1288e-01 (2.6824e-01)	lr: 0.000100
2026-02-08 15:42:55,312 - INFO: Epoch: [79][200/251]	Time 0.398 (0.360)	Data 0.222 (0.221)	Loss 2.3744e-01 (2.7269e-01)	lr: 0.000100
2026-02-08 15:43:12,105 - INFO: ----------Epoch: 79, training loss is 0.2753 ---------
2026-02-08 15:43:12,503 - INFO: Epoch: [80][  0/251]	Time 0.397 (0.397)	Data 0.207 (0.207)	Loss 2.4569e-01 (2.4569e-01)	lr: 0.000100
2026-02-08 15:43:47,723 - INFO: Epoch: [80][100/251]	Time 0.306 (0.353)	Data 0.205 (0.188)	Loss 2.8147e-01 (2.6402e-01)	lr: 0.000100
2026-02-08 15:44:22,569 - INFO: Epoch: [80][200/251]	Time 0.439 (0.351)	Data 0.217 (0.200)	Loss 3.5031e-01 (2.7226e-01)	lr: 0.000100
2026-02-08 15:44:38,577 - INFO: ----------Epoch: 80, training loss is 0.2732 ---------
2026-02-08 15:44:40,624 - INFO: Epoch: [81][  0/251]	Time 0.392 (0.392)	Data 0.233 (0.233)	Loss 2.7035e-01 (2.7035e-01)	lr: 0.000100
2026-02-08 15:45:16,333 - INFO: Epoch: [81][100/251]	Time 0.342 (0.357)	Data 0.213 (0.192)	Loss 3.3557e-01 (2.7649e-01)	lr: 0.000100
2026-02-08 15:45:51,465 - INFO: Epoch: [81][200/251]	Time 0.443 (0.354)	Data 0.216 (0.204)	Loss 3.4074e-01 (2.7864e-01)	lr: 0.000100
2026-02-08 15:46:08,304 - INFO: ----------Epoch: 81, training loss is 0.2767 ---------
2026-02-08 15:46:08,645 - INFO: Epoch: [82][  0/251]	Time 0.340 (0.340)	Data 0.232 (0.232)	Loss 2.3412e-01 (2.3412e-01)	lr: 0.000100
2026-02-08 15:46:42,941 - INFO: Epoch: [82][100/251]	Time 0.431 (0.343)	Data 0.208 (0.188)	Loss 3.7738e-01 (2.6485e-01)	lr: 0.000100
2026-02-08 15:47:19,157 - INFO: Epoch: [82][200/251]	Time 0.333 (0.352)	Data 0.202 (0.189)	Loss 2.1362e-01 (2.7708e-01)	lr: 0.000100
2026-02-08 15:47:35,738 - INFO: ----------Epoch: 82, training loss is 0.2813 ---------
2026-02-08 15:47:36,168 - INFO: Epoch: [83][  0/251]	Time 0.428 (0.428)	Data 0.214 (0.214)	Loss 2.8690e-01 (2.8690e-01)	lr: 0.000100
2026-02-08 15:48:11,452 - INFO: Epoch: [83][100/251]	Time 0.385 (0.354)	Data 0.212 (0.190)	Loss 3.2491e-01 (2.7538e-01)	lr: 0.000100
2026-02-08 15:48:47,435 - INFO: Epoch: [83][200/251]	Time 0.316 (0.357)	Data 0.201 (0.190)	Loss 3.2361e-01 (2.7852e-01)	lr: 0.000100
2026-02-08 15:49:03,068 - INFO: ----------Epoch: 83, training loss is 0.2808 ---------
2026-02-08 15:49:03,436 - INFO: Epoch: [84][  0/251]	Time 0.366 (0.366)	Data 0.205 (0.205)	Loss 2.9406e-01 (2.9406e-01)	lr: 0.000100
2026-02-08 15:49:39,604 - INFO: Epoch: [84][100/251]	Time 0.333 (0.362)	Data 0.221 (0.195)	Loss 3.3674e-01 (2.7119e-01)	lr: 0.000100
2026-02-08 15:50:14,958 - INFO: Epoch: [84][200/251]	Time 0.385 (0.358)	Data 0.232 (0.205)	Loss 3.1517e-01 (2.7667e-01)	lr: 0.000100
2026-02-08 15:50:31,218 - INFO: ----------Epoch: 84, training loss is 0.2807 ---------
2026-02-08 15:50:31,641 - INFO: Epoch: [85][  0/251]	Time 0.422 (0.422)	Data 0.217 (0.217)	Loss 2.5547e-01 (2.5547e-01)	lr: 0.000100
2026-02-08 15:51:07,281 - INFO: Epoch: [85][100/251]	Time 0.405 (0.357)	Data 0.229 (0.215)	Loss 3.8379e-01 (2.7934e-01)	lr: 0.000100
2026-02-08 15:51:42,032 - INFO: Epoch: [85][200/251]	Time 0.353 (0.352)	Data 0.234 (0.214)	Loss 3.1057e-01 (2.8267e-01)	lr: 0.000100
2026-02-08 15:51:59,070 - INFO: ----------Epoch: 85, training loss is 0.2887 ---------
2026-02-08 15:51:59,423 - INFO: Epoch: [86][  0/251]	Time 0.352 (0.352)	Data 0.213 (0.213)	Loss 2.4372e-01 (2.4372e-01)	lr: 0.000100
2026-02-08 15:52:37,057 - INFO: Epoch: [86][100/251]	Time 0.378 (0.376)	Data 0.219 (0.217)	Loss 2.6418e-01 (2.7665e-01)	lr: 0.000100
2026-02-08 15:53:10,985 - INFO: Epoch: [86][200/251]	Time 0.379 (0.358)	Data 0.208 (0.196)	Loss 3.2582e-01 (2.8175e-01)	lr: 0.000100
2026-02-08 15:53:26,444 - INFO: ----------Epoch: 86, training loss is 0.2844 ---------
2026-02-08 15:53:26,792 - INFO: Epoch: [87][  0/251]	Time 0.346 (0.346)	Data 0.207 (0.207)	Loss 3.1102e-01 (3.1102e-01)	lr: 0.000100
2026-02-08 15:54:02,408 - INFO: Epoch: [87][100/251]	Time 0.343 (0.356)	Data 0.201 (0.207)	Loss 2.1057e-01 (2.7678e-01)	lr: 0.000100
2026-02-08 15:54:37,262 - INFO: Epoch: [87][200/251]	Time 0.431 (0.352)	Data 0.241 (0.197)	Loss 2.6615e-01 (2.8017e-01)	lr: 0.000100
2026-02-08 15:54:56,299 - INFO: ----------Epoch: 87, training loss is 0.2817 ---------
2026-02-08 15:54:56,661 - INFO: Epoch: [88][  0/251]	Time 0.361 (0.361)	Data 0.209 (0.209)	Loss 1.7941e-01 (1.7941e-01)	lr: 0.000100
2026-02-08 15:55:29,579 - INFO: Epoch: [88][100/251]	Time 0.424 (0.329)	Data 0.228 (0.191)	Loss 3.4915e-01 (2.7477e-01)	lr: 0.000100
2026-02-08 15:56:07,693 - INFO: Epoch: [88][200/251]	Time 0.325 (0.355)	Data 0.206 (0.202)	Loss 2.7095e-01 (2.8329e-01)	lr: 0.000100
2026-02-08 15:56:23,046 - INFO: ----------Epoch: 88, training loss is 0.2862 ---------
2026-02-08 15:56:23,408 - INFO: Epoch: [89][  0/251]	Time 0.361 (0.361)	Data 0.210 (0.210)	Loss 2.4861e-01 (2.4861e-01)	lr: 0.000100
2026-02-08 15:56:58,994 - INFO: Epoch: [89][100/251]	Time 0.392 (0.356)	Data 0.206 (0.214)	Loss 3.2683e-01 (2.8179e-01)	lr: 0.000100
2026-02-08 15:57:34,992 - INFO: Epoch: [89][200/251]	Time 0.399 (0.358)	Data 0.212 (0.215)	Loss 2.9341e-01 (2.8773e-01)	lr: 0.000100
2026-02-08 15:57:51,397 - INFO: ----------Epoch: 89, training loss is 0.2878 ---------
2026-02-08 15:57:51,743 - INFO: Epoch: [90][  0/251]	Time 0.345 (0.345)	Data 0.218 (0.218)	Loss 2.3901e-01 (2.3901e-01)	lr: 0.000100
2026-02-08 15:58:27,918 - INFO: Epoch: [90][100/251]	Time 0.328 (0.362)	Data 0.209 (0.193)	Loss 2.7032e-01 (2.8544e-01)	lr: 0.000100
2026-02-08 15:59:02,061 - INFO: Epoch: [90][200/251]	Time 0.454 (0.352)	Data 0.204 (0.202)	Loss 3.3411e-01 (2.8806e-01)	lr: 0.000100
2026-02-08 15:59:20,976 - INFO: ----------Epoch: 90, training loss is 0.2920 ---------
2026-02-08 15:59:21,376 - INFO: Epoch: [91][  0/251]	Time 0.399 (0.399)	Data 0.222 (0.222)	Loss 2.4545e-01 (2.4545e-01)	lr: 0.000100
2026-02-08 15:59:55,065 - INFO: Epoch: [91][100/251]	Time 0.405 (0.337)	Data 0.212 (0.194)	Loss 2.7270e-01 (2.8433e-01)	lr: 0.000100
2026-02-08 16:00:29,560 - INFO: Epoch: [91][200/251]	Time 0.396 (0.341)	Data 0.211 (0.191)	Loss 1.8716e-01 (2.8718e-01)	lr: 0.000100
2026-02-08 16:00:48,686 - INFO: ----------Epoch: 91, training loss is 0.2899 ---------
2026-02-08 16:00:49,013 - INFO: Epoch: [92][  0/251]	Time 0.325 (0.325)	Data 0.212 (0.212)	Loss 3.0074e-01 (3.0074e-01)	lr: 0.000100
2026-02-08 16:01:24,545 - INFO: Epoch: [92][100/251]	Time 0.381 (0.355)	Data 0.203 (0.188)	Loss 2.9427e-01 (2.8863e-01)	lr: 0.000100
2026-02-08 16:01:58,020 - INFO: Epoch: [92][200/251]	Time 0.363 (0.345)	Data 0.229 (0.175)	Loss 3.3490e-01 (2.9202e-01)	lr: 0.000100
2026-02-08 16:02:16,101 - INFO: ----------Epoch: 92, training loss is 0.2933 ---------
2026-02-08 16:02:16,515 - INFO: Epoch: [93][  0/251]	Time 0.414 (0.414)	Data 0.205 (0.205)	Loss 2.4331e-01 (2.4331e-01)	lr: 0.000100
2026-02-08 16:02:50,166 - INFO: Epoch: [93][100/251]	Time 0.347 (0.337)	Data 0.206 (0.211)	Loss 2.3776e-01 (2.8186e-01)	lr: 0.000100
2026-02-08 16:03:25,690 - INFO: Epoch: [93][200/251]	Time 0.386 (0.346)	Data 0.214 (0.200)	Loss 3.3978e-01 (2.8767e-01)	lr: 0.000100
2026-02-08 16:03:41,906 - INFO: ----------Epoch: 93, training loss is 0.2909 ---------
2026-02-08 16:03:42,350 - INFO: Epoch: [94][  0/251]	Time 0.442 (0.442)	Data 0.225 (0.225)	Loss 2.3105e-01 (2.3105e-01)	lr: 0.000100
2026-02-08 16:04:20,182 - INFO: Epoch: [94][100/251]	Time 0.357 (0.379)	Data 0.214 (0.214)	Loss 3.6738e-01 (2.8594e-01)	lr: 0.000100
2026-02-08 16:04:52,329 - INFO: Epoch: [94][200/251]	Time 0.357 (0.350)	Data 0.224 (0.183)	Loss 2.3456e-01 (2.8428e-01)	lr: 0.000100
2026-02-08 16:05:11,506 - INFO: ----------Epoch: 94, training loss is 0.2884 ---------
2026-02-08 16:05:11,829 - INFO: Epoch: [95][  0/251]	Time 0.322 (0.322)	Data 0.202 (0.202)	Loss 1.8608e-01 (1.8608e-01)	lr: 0.000100
2026-02-08 16:05:47,369 - INFO: Epoch: [95][100/251]	Time 0.417 (0.355)	Data 0.229 (0.187)	Loss 4.3641e-01 (2.7870e-01)	lr: 0.000100
2026-02-08 16:06:22,348 - INFO: Epoch: [95][200/251]	Time 0.409 (0.352)	Data 0.221 (0.202)	Loss 3.2959e-01 (2.8471e-01)	lr: 0.000100
2026-02-08 16:06:38,407 - INFO: ----------Epoch: 95, training loss is 0.2866 ---------
2026-02-08 16:06:38,758 - INFO: Epoch: [96][  0/251]	Time 0.349 (0.349)	Data 0.201 (0.201)	Loss 2.7116e-01 (2.7116e-01)	lr: 0.000100
2026-02-08 16:07:13,669 - INFO: Epoch: [96][100/251]	Time 0.398 (0.349)	Data 0.216 (0.189)	Loss 3.5014e-01 (2.7893e-01)	lr: 0.000100
2026-02-08 16:07:48,739 - INFO: Epoch: [96][200/251]	Time 0.403 (0.350)	Data 0.216 (0.188)	Loss 2.5171e-01 (2.8527e-01)	lr: 0.000100
2026-02-08 16:08:05,047 - INFO: ----------Epoch: 96, training loss is 0.2884 ---------
2026-02-08 16:08:05,445 - INFO: Epoch: [97][  0/251]	Time 0.397 (0.397)	Data 0.224 (0.224)	Loss 3.3760e-01 (3.3760e-01)	lr: 0.000100
2026-02-08 16:08:40,595 - INFO: Epoch: [97][100/251]	Time 0.338 (0.352)	Data 0.210 (0.214)	Loss 2.6248e-01 (2.9089e-01)	lr: 0.000100
2026-02-08 16:09:14,989 - INFO: Epoch: [97][200/251]	Time 0.374 (0.348)	Data 0.228 (0.202)	Loss 2.7820e-01 (2.9406e-01)	lr: 0.000100
2026-02-08 16:09:31,629 - INFO: ----------Epoch: 97, training loss is 0.2956 ---------
2026-02-08 16:09:31,962 - INFO: Epoch: [98][  0/251]	Time 0.332 (0.332)	Data 0.225 (0.225)	Loss 1.6664e-01 (1.6664e-01)	lr: 0.000100
2026-02-08 16:10:07,935 - INFO: Epoch: [98][100/251]	Time 0.374 (0.359)	Data 0.232 (0.190)	Loss 2.3689e-01 (2.8437e-01)	lr: 0.000100
2026-02-08 16:10:43,911 - INFO: Epoch: [98][200/251]	Time 0.365 (0.360)	Data 0.221 (0.206)	Loss 2.5786e-01 (2.8752e-01)	lr: 0.000100
2026-02-08 16:11:00,739 - INFO: ----------Epoch: 98, training loss is 0.2914 ---------
2026-02-08 16:11:01,060 - INFO: Epoch: [99][  0/251]	Time 0.319 (0.319)	Data 0.206 (0.206)	Loss 2.3649e-01 (2.3649e-01)	lr: 0.000100
2026-02-08 16:11:36,026 - INFO: Epoch: [99][100/251]	Time 0.432 (0.349)	Data 0.220 (0.214)	Loss 3.6910e-01 (2.8726e-01)	lr: 0.000100
2026-02-08 16:12:12,128 - INFO: Epoch: [99][200/251]	Time 0.393 (0.355)	Data 0.231 (0.204)	Loss 2.4371e-01 (2.8703e-01)	lr: 0.000100
2026-02-08 16:12:29,178 - INFO: ----------Epoch: 99, training loss is 0.2919 ---------
2026-02-08 16:12:29,512 - INFO: Epoch: [100][  0/251]	Time 0.333 (0.333)	Data 0.204 (0.204)	Loss 2.3779e-01 (2.3779e-01)	lr: 0.000100
2026-02-08 16:13:04,921 - INFO: Epoch: [100][100/251]	Time 0.327 (0.354)	Data 0.202 (0.190)	Loss 3.7295e-01 (2.8585e-01)	lr: 0.000100
2026-02-08 16:13:40,027 - INFO: Epoch: [100][200/251]	Time 0.368 (0.352)	Data 0.210 (0.201)	Loss 1.6736e-01 (2.8969e-01)	lr: 0.000100
2026-02-08 16:13:56,032 - INFO: ----------Epoch:100, training loss is 0.2914 ---------
2026-02-08 16:13:56,461 - INFO: Epoch: [101][  0/251]	Time 0.428 (0.428)	Data 0.225 (0.225)	Loss 3.0034e-01 (3.0034e-01)	lr: 0.000100
2026-02-08 16:14:31,748 - INFO: Epoch: [101][100/251]	Time 0.353 (0.354)	Data 0.194 (0.188)	Loss 2.2092e-01 (2.9115e-01)	lr: 0.000100
2026-02-08 16:15:06,754 - INFO: Epoch: [101][200/251]	Time 0.332 (0.352)	Data 0.207 (0.188)	Loss 2.8211e-01 (2.9425e-01)	lr: 0.000100
2026-02-08 16:15:23,486 - INFO: ----------Epoch:101, training loss is 0.2947 ---------
2026-02-08 16:15:23,838 - INFO: Epoch: [102][  0/251]	Time 0.351 (0.351)	Data 0.197 (0.197)	Loss 2.4245e-01 (2.4245e-01)	lr: 0.000100
2026-02-08 16:15:58,767 - INFO: Epoch: [102][100/251]	Time 0.429 (0.349)	Data 0.197 (0.186)	Loss 4.0988e-01 (2.8582e-01)	lr: 0.000100
2026-02-08 16:16:33,775 - INFO: Epoch: [102][200/251]	Time 0.355 (0.350)	Data 0.219 (0.187)	Loss 2.5823e-01 (2.9514e-01)	lr: 0.000100
2026-02-08 16:16:52,805 - INFO: ----------Epoch:102, training loss is 0.2997 ---------
2026-02-08 16:16:53,250 - INFO: Epoch: [103][  0/251]	Time 0.444 (0.444)	Data 0.220 (0.220)	Loss 2.6761e-01 (2.6761e-01)	lr: 0.000100
2026-02-08 16:17:26,676 - INFO: Epoch: [103][100/251]	Time 0.368 (0.335)	Data 0.214 (0.189)	Loss 2.5100e-01 (3.0225e-01)	lr: 0.000100
2026-02-08 16:18:05,448 - INFO: Epoch: [103][200/251]	Time 0.360 (0.361)	Data 0.204 (0.203)	Loss 3.0498e-01 (2.9997e-01)	lr: 0.000100
2026-02-08 16:18:20,811 - INFO: ----------Epoch:103, training loss is 0.3015 ---------
2026-02-08 16:18:21,144 - INFO: Epoch: [104][  0/251]	Time 0.331 (0.331)	Data 0.201 (0.201)	Loss 3.0430e-01 (3.0430e-01)	lr: 0.000100
2026-02-08 16:18:57,163 - INFO: Epoch: [104][100/251]	Time 0.331 (0.360)	Data 0.215 (0.214)	Loss 2.4685e-01 (2.9694e-01)	lr: 0.000100
2026-02-08 16:19:31,369 - INFO: Epoch: [104][200/251]	Time 0.316 (0.351)	Data 0.219 (0.201)	Loss 2.2759e-01 (3.0254e-01)	lr: 0.000100
2026-02-08 16:19:47,472 - INFO: ----------Epoch:104, training loss is 0.3042 ---------
2026-02-08 16:19:47,821 - INFO: Epoch: [105][  0/251]	Time 0.348 (0.348)	Data 0.211 (0.211)	Loss 2.5277e-01 (2.5277e-01)	lr: 0.000100
2026-02-08 16:20:23,463 - INFO: Epoch: [105][100/251]	Time 0.437 (0.356)	Data 0.225 (0.190)	Loss 2.4168e-01 (2.9428e-01)	lr: 0.000100
2026-02-08 16:20:59,155 - INFO: Epoch: [105][200/251]	Time 0.436 (0.357)	Data 0.208 (0.191)	Loss 3.0644e-01 (3.0125e-01)	lr: 0.000100
2026-02-08 16:21:15,528 - INFO: ----------Epoch:105, training loss is 0.3024 ---------
2026-02-08 16:21:15,910 - INFO: Epoch: [106][  0/251]	Time 0.380 (0.380)	Data 0.232 (0.232)	Loss 2.2723e-01 (2.2723e-01)	lr: 0.000100
2026-02-08 16:21:50,700 - INFO: Epoch: [106][100/251]	Time 0.404 (0.348)	Data 0.210 (0.213)	Loss 3.3920e-01 (3.0906e-01)	lr: 0.000100
2026-02-08 16:22:24,686 - INFO: Epoch: [106][200/251]	Time 0.383 (0.344)	Data 0.212 (0.195)	Loss 4.0687e-01 (3.0823e-01)	lr: 0.000100
2026-02-08 16:22:43,472 - INFO: ----------Epoch:106, training loss is 0.3088 ---------
2026-02-08 16:22:43,888 - INFO: Epoch: [107][  0/251]	Time 0.415 (0.415)	Data 0.205 (0.205)	Loss 2.7891e-01 (2.7891e-01)	lr: 0.000100
2026-02-08 16:23:19,930 - INFO: Epoch: [107][100/251]	Time 0.391 (0.361)	Data 0.226 (0.217)	Loss 3.0004e-01 (3.0194e-01)	lr: 0.000100
2026-02-08 16:23:52,778 - INFO: Epoch: [107][200/251]	Time 0.353 (0.345)	Data 0.231 (0.191)	Loss 3.0274e-01 (2.9807e-01)	lr: 0.000100
2026-02-08 16:24:11,708 - INFO: ----------Epoch:107, training loss is 0.3010 ---------
2026-02-08 16:24:12,033 - INFO: Epoch: [108][  0/251]	Time 0.324 (0.324)	Data 0.214 (0.214)	Loss 3.0993e-01 (3.0993e-01)	lr: 0.000100
2026-02-08 16:24:47,224 - INFO: Epoch: [108][100/251]	Time 0.362 (0.352)	Data 0.202 (0.213)	Loss 3.1369e-01 (2.9532e-01)	lr: 0.000100
2026-02-08 16:25:21,470 - INFO: Epoch: [108][200/251]	Time 0.399 (0.347)	Data 0.229 (0.215)	Loss 2.3239e-01 (2.9980e-01)	lr: 0.000100
2026-02-08 16:25:37,393 - INFO: ----------Epoch:108, training loss is 0.3032 ---------
2026-02-08 16:25:37,787 - INFO: Epoch: [109][  0/251]	Time 0.393 (0.393)	Data 0.218 (0.218)	Loss 3.0603e-01 (3.0603e-01)	lr: 0.000100
2026-02-08 16:26:13,559 - INFO: Epoch: [109][100/251]	Time 0.423 (0.358)	Data 0.228 (0.191)	Loss 2.3690e-01 (2.9816e-01)	lr: 0.000100
2026-02-08 16:26:49,779 - INFO: Epoch: [109][200/251]	Time 0.376 (0.360)	Data 0.217 (0.190)	Loss 3.0943e-01 (3.0062e-01)	lr: 0.000100
2026-02-08 16:27:05,609 - INFO: ----------Epoch:109, training loss is 0.2997 ---------
2026-02-08 16:27:06,002 - INFO: Epoch: [110][  0/251]	Time 0.392 (0.392)	Data 0.217 (0.217)	Loss 2.7246e-01 (2.7246e-01)	lr: 0.000100
2026-02-08 16:27:41,420 - INFO: Epoch: [110][100/251]	Time 0.370 (0.355)	Data 0.219 (0.214)	Loss 2.6232e-01 (2.9794e-01)	lr: 0.000100
2026-02-08 16:28:16,647 - INFO: Epoch: [110][200/251]	Time 0.338 (0.353)	Data 0.197 (0.214)	Loss 3.2661e-01 (3.0480e-01)	lr: 0.000100
2026-02-08 16:28:35,361 - INFO: ----------Epoch:110, training loss is 0.3045 ---------
2026-02-08 16:28:35,690 - INFO: Epoch: [111][  0/251]	Time 0.328 (0.328)	Data 0.214 (0.214)	Loss 3.2717e-01 (3.2717e-01)	lr: 0.000100
2026-02-08 16:29:09,210 - INFO: Epoch: [111][100/251]	Time 0.447 (0.335)	Data 0.242 (0.214)	Loss 2.7636e-01 (3.0024e-01)	lr: 0.000100
2026-02-08 16:29:46,794 - INFO: Epoch: [111][200/251]	Time 0.368 (0.355)	Data 0.211 (0.214)	Loss 3.9430e-01 (3.0361e-01)	lr: 0.000100
2026-02-08 16:30:01,673 - INFO: ----------Epoch:111, training loss is 0.3044 ---------
2026-02-08 16:30:02,044 - INFO: Epoch: [112][  0/251]	Time 0.369 (0.369)	Data 0.216 (0.216)	Loss 3.2923e-01 (3.2923e-01)	lr: 0.000100
2026-02-08 16:30:37,239 - INFO: Epoch: [112][100/251]	Time 0.359 (0.352)	Data 0.206 (0.216)	Loss 3.0202e-01 (3.0344e-01)	lr: 0.000100
2026-02-08 16:31:12,218 - INFO: Epoch: [112][200/251]	Time 0.507 (0.351)	Data 0.214 (0.214)	Loss 3.3605e-01 (3.0504e-01)	lr: 0.000100
2026-02-08 16:31:28,365 - INFO: ----------Epoch:112, training loss is 0.3071 ---------
2026-02-08 16:31:28,717 - INFO: Epoch: [113][  0/251]	Time 0.351 (0.351)	Data 0.195 (0.195)	Loss 2.5341e-01 (2.5341e-01)	lr: 0.000100
2026-02-08 16:32:04,577 - INFO: Epoch: [113][100/251]	Time 0.341 (0.359)	Data 0.204 (0.192)	Loss 3.5081e-01 (2.9645e-01)	lr: 0.000100
2026-02-08 16:32:40,334 - INFO: Epoch: [113][200/251]	Time 0.346 (0.358)	Data 0.213 (0.203)	Loss 2.2781e-01 (3.0224e-01)	lr: 0.000100
2026-02-08 16:32:56,740 - INFO: ----------Epoch:113, training loss is 0.3041 ---------
2026-02-08 16:32:57,118 - INFO: Epoch: [114][  0/251]	Time 0.377 (0.377)	Data 0.209 (0.209)	Loss 2.6699e-01 (2.6699e-01)	lr: 0.000100
2026-02-08 16:33:31,849 - INFO: Epoch: [114][100/251]	Time 0.429 (0.348)	Data 0.258 (0.214)	Loss 3.1361e-01 (3.0190e-01)	lr: 0.000100
2026-02-08 16:34:05,883 - INFO: Epoch: [114][200/251]	Time 0.504 (0.344)	Data 0.252 (0.196)	Loss 3.3076e-01 (3.1041e-01)	lr: 0.000100
2026-02-08 16:34:24,234 - INFO: ----------Epoch:114, training loss is 0.3111 ---------
2026-02-08 16:34:24,643 - INFO: Epoch: [115][  0/251]	Time 0.408 (0.408)	Data 0.231 (0.231)	Loss 2.6610e-01 (2.6610e-01)	lr: 0.000100
2026-02-08 16:34:59,506 - INFO: Epoch: [115][100/251]	Time 0.788 (0.349)	Data 0.212 (0.180)	Loss 3.6825e-01 (3.0612e-01)	lr: 0.000100
2026-02-08 16:35:34,449 - INFO: Epoch: [115][200/251]	Time 0.323 (0.349)	Data 0.216 (0.196)	Loss 2.4570e-01 (3.0659e-01)	lr: 0.000100
2026-02-08 16:35:50,534 - INFO: ----------Epoch:115, training loss is 0.3099 ---------
2026-02-08 16:35:51,034 - INFO: Epoch: [116][  0/251]	Time 0.498 (0.498)	Data 0.217 (0.217)	Loss 3.0621e-01 (3.0621e-01)	lr: 0.000100
2026-02-08 16:36:27,145 - INFO: Epoch: [116][100/251]	Time 0.436 (0.362)	Data 0.220 (0.213)	Loss 2.1531e-01 (3.0303e-01)	lr: 0.000100
2026-02-08 16:37:04,481 - INFO: Epoch: [116][200/251]	Time 0.355 (0.368)	Data 0.217 (0.212)	Loss 3.5458e-01 (3.0591e-01)	lr: 0.000100
2026-02-08 16:37:22,775 - INFO: ----------Epoch:116, training loss is 0.3056 ---------
2026-02-08 16:37:23,087 - INFO: Epoch: [117][  0/251]	Time 0.311 (0.311)	Data 0.171 (0.171)	Loss 3.3346e-01 (3.3346e-01)	lr: 0.000100
2026-02-08 16:37:53,311 - INFO: Epoch: [117][100/251]	Time 0.768 (0.302)	Data 0.625 (0.152)	Loss 3.0085e-01 (2.9310e-01)	lr: 0.000100
2026-02-08 16:38:31,003 - INFO: Epoch: [117][200/251]	Time 0.376 (0.339)	Data 0.212 (0.183)	Loss 3.2437e-01 (2.9872e-01)	lr: 0.000100
2026-02-08 16:38:44,974 - INFO: ----------Epoch:117, training loss is 0.3031 ---------
2026-02-08 16:38:45,323 - INFO: Epoch: [118][  0/251]	Time 0.349 (0.349)	Data 0.199 (0.199)	Loss 2.2487e-01 (2.2487e-01)	lr: 0.000100
2026-02-08 16:39:21,731 - INFO: Epoch: [118][100/251]	Time 0.478 (0.364)	Data 0.213 (0.206)	Loss 3.5267e-01 (3.0557e-01)	lr: 0.000100
2026-02-08 16:39:56,472 - INFO: Epoch: [118][200/251]	Time 0.339 (0.356)	Data 0.207 (0.208)	Loss 2.7876e-01 (3.0859e-01)	lr: 0.000100
2026-02-08 16:40:15,213 - INFO: ----------Epoch:118, training loss is 0.3104 ---------
2026-02-08 16:40:15,541 - INFO: Epoch: [119][  0/251]	Time 0.327 (0.327)	Data 0.209 (0.209)	Loss 3.3057e-01 (3.3057e-01)	lr: 0.000100
2026-02-08 16:40:48,636 - INFO: Epoch: [119][100/251]	Time 0.331 (0.331)	Data 0.201 (0.206)	Loss 2.7838e-01 (3.0881e-01)	lr: 0.000100
2026-02-08 16:41:25,184 - INFO: Epoch: [119][200/251]	Time 0.341 (0.348)	Data 0.194 (0.210)	Loss 2.8899e-01 (3.0926e-01)	lr: 0.000100
2026-02-08 16:41:41,527 - INFO: ----------Epoch:119, training loss is 0.3094 ---------
2026-02-08 16:41:41,836 - INFO: Epoch: [120][  0/251]	Time 0.308 (0.308)	Data 0.204 (0.204)	Loss 2.7589e-01 (2.7589e-01)	lr: 0.000100
2026-02-08 16:42:16,835 - INFO: Epoch: [120][100/251]	Time 0.381 (0.350)	Data 0.210 (0.215)	Loss 3.3867e-01 (3.0065e-01)	lr: 0.000100
2026-02-08 16:42:52,210 - INFO: Epoch: [120][200/251]	Time 0.465 (0.352)	Data 0.211 (0.216)	Loss 3.6489e-01 (3.0637e-01)	lr: 0.000100
2026-02-08 16:43:08,514 - INFO: ----------Epoch:120, training loss is 0.3087 ---------
2026-02-08 16:43:10,245 - INFO: Epoch: [121][  0/251]	Time 0.395 (0.395)	Data 0.205 (0.205)	Loss 2.9427e-01 (2.9427e-01)	lr: 0.000100
2026-02-08 16:43:46,053 - INFO: Epoch: [121][100/251]	Time 0.371 (0.358)	Data 0.223 (0.218)	Loss 2.8162e-01 (2.9728e-01)	lr: 0.000100
2026-02-08 16:44:21,765 - INFO: Epoch: [121][200/251]	Time 0.349 (0.358)	Data 0.207 (0.202)	Loss 2.8345e-01 (3.0722e-01)	lr: 0.000100
2026-02-08 16:44:38,505 - INFO: ----------Epoch:121, training loss is 0.3072 ---------
2026-02-08 16:44:38,918 - INFO: Epoch: [122][  0/251]	Time 0.411 (0.411)	Data 0.213 (0.213)	Loss 2.2062e-01 (2.2062e-01)	lr: 0.000100
2026-02-08 16:45:14,308 - INFO: Epoch: [122][100/251]	Time 0.383 (0.354)	Data 0.203 (0.214)	Loss 2.4286e-01 (2.9914e-01)	lr: 0.000100
2026-02-08 16:45:49,305 - INFO: Epoch: [122][200/251]	Time 0.343 (0.352)	Data 0.212 (0.200)	Loss 2.8811e-01 (3.1077e-01)	lr: 0.000100
2026-02-08 16:46:05,601 - INFO: ----------Epoch:122, training loss is 0.3132 ---------
2026-02-08 16:46:05,945 - INFO: Epoch: [123][  0/251]	Time 0.343 (0.343)	Data 0.214 (0.214)	Loss 2.5787e-01 (2.5787e-01)	lr: 0.000100
2026-02-08 16:46:41,935 - INFO: Epoch: [123][100/251]	Time 0.332 (0.360)	Data 0.200 (0.217)	Loss 2.8774e-01 (3.0068e-01)	lr: 0.000100
2026-02-08 16:47:16,407 - INFO: Epoch: [123][200/251]	Time 0.365 (0.352)	Data 0.212 (0.201)	Loss 2.9287e-01 (3.0937e-01)	lr: 0.000100
2026-02-08 16:47:32,547 - INFO: ----------Epoch:123, training loss is 0.3136 ---------
2026-02-08 16:47:32,934 - INFO: Epoch: [124][  0/251]	Time 0.384 (0.384)	Data 0.216 (0.216)	Loss 2.4257e-01 (2.4257e-01)	lr: 0.000100
2026-02-08 16:48:07,830 - INFO: Epoch: [124][100/251]	Time 0.332 (0.349)	Data 0.205 (0.190)	Loss 3.2024e-01 (3.0103e-01)	lr: 0.000100
2026-02-08 16:48:43,177 - INFO: Epoch: [124][200/251]	Time 0.352 (0.351)	Data 0.217 (0.201)	Loss 3.7799e-01 (3.0911e-01)	lr: 0.000100
2026-02-08 16:48:59,191 - INFO: ----------Epoch:124, training loss is 0.3115 ---------
2026-02-08 16:48:59,552 - INFO: Epoch: [125][  0/251]	Time 0.360 (0.360)	Data 0.215 (0.215)	Loss 2.9286e-01 (2.9286e-01)	lr: 0.000100
2026-02-08 16:49:35,291 - INFO: Epoch: [125][100/251]	Time 0.403 (0.357)	Data 0.231 (0.188)	Loss 3.0414e-01 (3.1222e-01)	lr: 0.000100
2026-02-08 16:50:09,236 - INFO: Epoch: [125][200/251]	Time 0.403 (0.348)	Data 0.210 (0.182)	Loss 2.4291e-01 (3.1202e-01)	lr: 0.000100
2026-02-08 16:50:27,916 - INFO: ----------Epoch:125, training loss is 0.3152 ---------
2026-02-08 16:50:28,318 - INFO: Epoch: [126][  0/251]	Time 0.400 (0.400)	Data 0.215 (0.215)	Loss 3.2672e-01 (3.2672e-01)	lr: 0.000100
2026-02-08 16:51:02,735 - INFO: Epoch: [126][100/251]	Time 0.379 (0.345)	Data 0.202 (0.189)	Loss 3.5597e-01 (3.1775e-01)	lr: 0.000100
2026-02-08 16:51:38,087 - INFO: Epoch: [126][200/251]	Time 0.358 (0.349)	Data 0.203 (0.188)	Loss 3.1161e-01 (3.2187e-01)	lr: 0.000100
2026-02-08 16:51:55,279 - INFO: ----------Epoch:126, training loss is 0.3224 ---------
2026-02-08 16:51:55,719 - INFO: Epoch: [127][  0/251]	Time 0.438 (0.438)	Data 0.218 (0.218)	Loss 4.2172e-01 (4.2172e-01)	lr: 0.000100
2026-02-08 16:52:30,673 - INFO: Epoch: [127][100/251]	Time 0.355 (0.350)	Data 0.211 (0.178)	Loss 3.2957e-01 (3.1166e-01)	lr: 0.000100
2026-02-08 16:53:05,323 - INFO: Epoch: [127][200/251]	Time 0.431 (0.348)	Data 0.223 (0.195)	Loss 3.4788e-01 (3.1359e-01)	lr: 0.000100
2026-02-08 16:53:24,494 - INFO: ----------Epoch:127, training loss is 0.3169 ---------
2026-02-08 16:53:24,890 - INFO: Epoch: [128][  0/251]	Time 0.395 (0.395)	Data 0.223 (0.223)	Loss 2.1117e-01 (2.1117e-01)	lr: 0.000100
2026-02-08 16:53:57,989 - INFO: Epoch: [128][100/251]	Time 0.342 (0.332)	Data 0.218 (0.166)	Loss 2.9286e-01 (3.1444e-01)	lr: 0.000100
2026-02-08 16:54:33,009 - INFO: Epoch: [128][200/251]	Time 0.352 (0.341)	Data 0.212 (0.177)	Loss 3.0836e-01 (3.1799e-01)	lr: 0.000100
2026-02-08 16:54:51,410 - INFO: ----------Epoch:128, training loss is 0.3192 ---------
2026-02-08 16:54:51,730 - INFO: Epoch: [129][  0/251]	Time 0.319 (0.319)	Data 0.199 (0.199)	Loss 3.0775e-01 (3.0775e-01)	lr: 0.000100
2026-02-08 16:55:27,241 - INFO: Epoch: [129][100/251]	Time 0.365 (0.355)	Data 0.214 (0.191)	Loss 2.3582e-01 (3.1609e-01)	lr: 0.000100
2026-02-08 16:56:01,487 - INFO: Epoch: [129][200/251]	Time 0.390 (0.349)	Data 0.211 (0.201)	Loss 3.2655e-01 (3.2089e-01)	lr: 0.000100
2026-02-08 16:56:17,915 - INFO: ----------Epoch:129, training loss is 0.3259 ---------
2026-02-08 16:56:18,282 - INFO: Epoch: [130][  0/251]	Time 0.366 (0.366)	Data 0.206 (0.206)	Loss 3.2361e-01 (3.2361e-01)	lr: 0.000100
2026-02-08 16:56:53,087 - INFO: Epoch: [130][100/251]	Time 0.341 (0.348)	Data 0.211 (0.189)	Loss 2.8557e-01 (3.3022e-01)	lr: 0.000100
2026-02-08 16:57:28,403 - INFO: Epoch: [130][200/251]	Time 0.387 (0.351)	Data 0.223 (0.189)	Loss 3.2545e-01 (3.2625e-01)	lr: 0.000100
2026-02-08 16:57:45,110 - INFO: ----------Epoch:130, training loss is 0.3281 ---------
2026-02-08 16:57:45,572 - INFO: Epoch: [131][  0/251]	Time 0.461 (0.461)	Data 0.251 (0.251)	Loss 2.6356e-01 (2.6356e-01)	lr: 0.000100
2026-02-08 16:58:20,903 - INFO: Epoch: [131][100/251]	Time 0.406 (0.354)	Data 0.201 (0.190)	Loss 2.9556e-01 (3.2096e-01)	lr: 0.000100
2026-02-08 16:58:55,934 - INFO: Epoch: [131][200/251]	Time 0.377 (0.352)	Data 0.204 (0.189)	Loss 4.1186e-01 (3.2202e-01)	lr: 0.000100
2026-02-08 16:59:11,967 - INFO: ----------Epoch:131, training loss is 0.3242 ---------
2026-02-08 16:59:12,402 - INFO: Epoch: [132][  0/251]	Time 0.434 (0.434)	Data 0.210 (0.210)	Loss 2.0384e-01 (2.0384e-01)	lr: 0.000100
2026-02-08 16:59:47,629 - INFO: Epoch: [132][100/251]	Time 0.344 (0.353)	Data 0.196 (0.190)	Loss 3.0803e-01 (3.1605e-01)	lr: 0.000100
2026-02-08 17:00:22,728 - INFO: Epoch: [132][200/251]	Time 0.365 (0.352)	Data 0.222 (0.202)	Loss 3.0540e-01 (3.3324e-01)	lr: 0.000100
2026-02-08 17:00:41,502 - INFO: ----------Epoch:132, training loss is 0.3325 ---------
2026-02-08 17:00:41,854 - INFO: Epoch: [133][  0/251]	Time 0.351 (0.351)	Data 0.215 (0.215)	Loss 3.4204e-01 (3.4204e-01)	lr: 0.000100
2026-02-08 17:01:15,762 - INFO: Epoch: [133][100/251]	Time 0.421 (0.339)	Data 0.238 (0.177)	Loss 3.4608e-01 (3.2463e-01)	lr: 0.000100
2026-02-08 17:01:51,456 - INFO: Epoch: [133][200/251]	Time 0.367 (0.348)	Data 0.202 (0.194)	Loss 3.6052e-01 (3.2974e-01)	lr: 0.000100
2026-02-08 17:02:08,256 - INFO: ----------Epoch:133, training loss is 0.3337 ---------
2026-02-08 17:02:08,575 - INFO: Epoch: [134][  0/251]	Time 0.318 (0.318)	Data 0.206 (0.206)	Loss 3.0043e-01 (3.0043e-01)	lr: 0.000100
2026-02-08 17:02:44,237 - INFO: Epoch: [134][100/251]	Time 0.336 (0.356)	Data 0.210 (0.214)	Loss 3.2297e-01 (3.4758e-01)	lr: 0.000100
2026-02-08 17:03:19,137 - INFO: Epoch: [134][200/251]	Time 0.381 (0.353)	Data 0.211 (0.202)	Loss 4.8055e-01 (3.4871e-01)	lr: 0.000100
2026-02-08 17:03:35,543 - INFO: ----------Epoch:134, training loss is 0.3478 ---------
2026-02-08 17:03:35,916 - INFO: Epoch: [135][  0/251]	Time 0.372 (0.372)	Data 0.202 (0.202)	Loss 3.4501e-01 (3.4501e-01)	lr: 0.000100
2026-02-08 17:04:10,407 - INFO: Epoch: [135][100/251]	Time 0.423 (0.345)	Data 0.203 (0.214)	Loss 3.3680e-01 (3.3599e-01)	lr: 0.000100
2026-02-08 17:04:48,035 - INFO: Epoch: [135][200/251]	Time 0.384 (0.361)	Data 0.227 (0.215)	Loss 2.8784e-01 (3.3414e-01)	lr: 0.000100
2026-02-08 17:05:03,448 - INFO: ----------Epoch:135, training loss is 0.3344 ---------
2026-02-08 17:05:03,817 - INFO: Epoch: [136][  0/251]	Time 0.367 (0.367)	Data 0.213 (0.213)	Loss 2.3672e-01 (2.3672e-01)	lr: 0.000100
2026-02-08 17:05:40,059 - INFO: Epoch: [136][100/251]	Time 0.420 (0.362)	Data 0.223 (0.191)	Loss 3.5111e-01 (3.3512e-01)	lr: 0.000100
2026-02-08 17:06:14,854 - INFO: Epoch: [136][200/251]	Time 0.378 (0.355)	Data 0.220 (0.190)	Loss 3.4525e-01 (3.3116e-01)	lr: 0.000100
2026-02-08 17:06:30,835 - INFO: ----------Epoch:136, training loss is 0.3344 ---------
2026-02-08 17:06:31,198 - INFO: Epoch: [137][  0/251]	Time 0.361 (0.361)	Data 0.199 (0.199)	Loss 2.8927e-01 (2.8927e-01)	lr: 0.000100
2026-02-08 17:07:06,042 - INFO: Epoch: [137][100/251]	Time 0.417 (0.349)	Data 0.209 (0.187)	Loss 3.6252e-01 (3.2731e-01)	lr: 0.000100
2026-02-08 17:07:42,021 - INFO: Epoch: [137][200/251]	Time 0.365 (0.354)	Data 0.209 (0.190)	Loss 4.0814e-01 (3.3025e-01)	lr: 0.000100
2026-02-08 17:07:58,307 - INFO: ----------Epoch:137, training loss is 0.3327 ---------
2026-02-08 17:07:58,663 - INFO: Epoch: [138][  0/251]	Time 0.355 (0.355)	Data 0.221 (0.221)	Loss 3.3471e-01 (3.3471e-01)	lr: 0.000100
2026-02-08 17:08:34,488 - INFO: Epoch: [138][100/251]	Time 0.406 (0.358)	Data 0.227 (0.191)	Loss 3.3302e-01 (3.3082e-01)	lr: 0.000100
2026-02-08 17:09:10,229 - INFO: Epoch: [138][200/251]	Time 0.431 (0.358)	Data 0.229 (0.202)	Loss 3.0565e-01 (3.3723e-01)	lr: 0.000100
2026-02-08 17:09:26,714 - INFO: ----------Epoch:138, training loss is 0.3384 ---------
2026-02-08 17:09:27,076 - INFO: Epoch: [139][  0/251]	Time 0.361 (0.361)	Data 0.206 (0.206)	Loss 2.3709e-01 (2.3709e-01)	lr: 0.000100
2026-02-08 17:10:01,957 - INFO: Epoch: [139][100/251]	Time 0.373 (0.349)	Data 0.212 (0.188)	Loss 3.2783e-01 (3.3969e-01)	lr: 0.000100
2026-02-08 17:10:37,594 - INFO: Epoch: [139][200/251]	Time 0.396 (0.353)	Data 0.204 (0.189)	Loss 4.2988e-01 (3.3516e-01)	lr: 0.000100
2026-02-08 17:10:53,771 - INFO: ----------Epoch:139, training loss is 0.3365 ---------
2026-02-08 17:10:54,179 - INFO: Epoch: [140][  0/251]	Time 0.407 (0.407)	Data 0.207 (0.207)	Loss 3.8138e-01 (3.8138e-01)	lr: 0.000100
2026-02-08 17:11:29,153 - INFO: Epoch: [140][100/251]	Time 0.437 (0.350)	Data 0.205 (0.187)	Loss 3.2573e-01 (3.3088e-01)	lr: 0.000100
2026-02-08 17:12:05,288 - INFO: Epoch: [140][200/251]	Time 0.409 (0.356)	Data 0.216 (0.189)	Loss 4.4234e-01 (3.3656e-01)	lr: 0.000100
2026-02-08 17:12:21,573 - INFO: ----------Epoch:140, training loss is 0.3392 ---------
2026-02-08 17:12:21,974 - INFO: Epoch: [141][  0/251]	Time 0.401 (0.401)	Data 0.214 (0.214)	Loss 2.7831e-01 (2.7831e-01)	lr: 0.000100
2026-02-08 17:12:56,813 - INFO: Epoch: [141][100/251]	Time 0.463 (0.349)	Data 0.209 (0.191)	Loss 4.5927e-01 (3.3583e-01)	lr: 0.000100
2026-02-08 17:13:32,667 - INFO: Epoch: [141][200/251]	Time 0.378 (0.354)	Data 0.204 (0.203)	Loss 4.5725e-01 (3.4965e-01)	lr: 0.000100
2026-02-08 17:13:51,340 - INFO: ----------Epoch:141, training loss is 0.3498 ---------
2026-02-08 17:13:51,773 - INFO: Epoch: [142][  0/251]	Time 0.432 (0.432)	Data 0.209 (0.209)	Loss 3.5030e-01 (3.5030e-01)	lr: 0.000100
2026-02-08 17:14:24,517 - INFO: Epoch: [142][100/251]	Time 0.383 (0.328)	Data 0.198 (0.216)	Loss 3.1781e-01 (3.3392e-01)	lr: 0.000100
2026-02-08 17:15:03,081 - INFO: Epoch: [142][200/251]	Time 0.363 (0.357)	Data 0.204 (0.219)	Loss 4.1703e-01 (3.4247e-01)	lr: 0.000100
2026-02-08 17:15:17,870 - INFO: ----------Epoch:142, training loss is 0.3452 ---------
2026-02-08 17:15:18,293 - INFO: Epoch: [143][  0/251]	Time 0.422 (0.422)	Data 0.214 (0.214)	Loss 2.2133e-01 (2.2133e-01)	lr: 0.000100
2026-02-08 17:15:53,537 - INFO: Epoch: [143][100/251]	Time 0.380 (0.353)	Data 0.210 (0.214)	Loss 4.3458e-01 (3.4578e-01)	lr: 0.000100
2026-02-08 17:16:28,412 - INFO: Epoch: [143][200/251]	Time 0.343 (0.351)	Data 0.199 (0.201)	Loss 3.6516e-01 (3.5496e-01)	lr: 0.000100
2026-02-08 17:16:45,029 - INFO: ----------Epoch:143, training loss is 0.3514 ---------
2026-02-08 17:16:45,378 - INFO: Epoch: [144][  0/251]	Time 0.348 (0.348)	Data 0.204 (0.204)	Loss 2.7376e-01 (2.7376e-01)	lr: 0.000100
2026-02-08 17:17:21,281 - INFO: Epoch: [144][100/251]	Time 0.364 (0.359)	Data 0.237 (0.220)	Loss 3.5343e-01 (3.4543e-01)	lr: 0.000100
2026-02-08 17:17:57,513 - INFO: Epoch: [144][200/251]	Time 0.338 (0.361)	Data 0.217 (0.206)	Loss 4.2306e-01 (3.4632e-01)	lr: 0.000100
2026-02-08 17:18:13,325 - INFO: ----------Epoch:144, training loss is 0.3458 ---------
2026-02-08 17:18:13,691 - INFO: Epoch: [145][  0/251]	Time 0.364 (0.364)	Data 0.216 (0.216)	Loss 3.4039e-01 (3.4039e-01)	lr: 0.000100
2026-02-08 17:18:48,533 - INFO: Epoch: [145][100/251]	Time 0.343 (0.349)	Data 0.209 (0.188)	Loss 4.8066e-01 (3.4439e-01)	lr: 0.000100
2026-02-08 17:19:23,972 - INFO: Epoch: [145][200/251]	Time 0.372 (0.351)	Data 0.211 (0.200)	Loss 2.9516e-01 (3.4481e-01)	lr: 0.000100
2026-02-08 17:19:40,520 - INFO: ----------Epoch:145, training loss is 0.3446 ---------
2026-02-08 17:19:40,902 - INFO: Epoch: [146][  0/251]	Time 0.381 (0.381)	Data 0.255 (0.255)	Loss 3.2014e-01 (3.2014e-01)	lr: 0.000100
2026-02-08 17:20:16,251 - INFO: Epoch: [146][100/251]	Time 0.388 (0.354)	Data 0.223 (0.217)	Loss 3.4239e-01 (3.4587e-01)	lr: 0.000100
2026-02-08 17:20:51,153 - INFO: Epoch: [146][200/251]	Time 0.349 (0.351)	Data 0.219 (0.202)	Loss 3.5121e-01 (3.4639e-01)	lr: 0.000100
2026-02-08 17:21:07,399 - INFO: ----------Epoch:146, training loss is 0.3489 ---------
2026-02-08 17:21:07,716 - INFO: Epoch: [147][  0/251]	Time 0.316 (0.316)	Data 0.204 (0.204)	Loss 3.7096e-01 (3.7096e-01)	lr: 0.000100
2026-02-08 17:21:43,181 - INFO: Epoch: [147][100/251]	Time 0.409 (0.354)	Data 0.205 (0.186)	Loss 4.8096e-01 (3.3815e-01)	lr: 0.000100
2026-02-08 17:22:17,517 - INFO: Epoch: [147][200/251]	Time 0.417 (0.349)	Data 0.230 (0.187)	Loss 2.6085e-01 (3.4122e-01)	lr: 0.000100
2026-02-08 17:22:33,865 - INFO: ----------Epoch:147, training loss is 0.3423 ---------
2026-02-08 17:22:34,287 - INFO: Epoch: [148][  0/251]	Time 0.420 (0.420)	Data 0.198 (0.198)	Loss 2.8726e-01 (2.8726e-01)	lr: 0.000100
2026-02-08 17:23:09,228 - INFO: Epoch: [148][100/251]	Time 0.349 (0.350)	Data 0.206 (0.189)	Loss 3.3733e-01 (3.3157e-01)	lr: 0.000100
2026-02-08 17:23:44,292 - INFO: Epoch: [148][200/251]	Time 0.356 (0.350)	Data 0.204 (0.200)	Loss 2.7400e-01 (3.3737e-01)	lr: 0.000100
2026-02-08 17:24:03,094 - INFO: ----------Epoch:148, training loss is 0.3389 ---------
2026-02-08 17:24:03,498 - INFO: Epoch: [149][  0/251]	Time 0.403 (0.403)	Data 0.210 (0.210)	Loss 3.7193e-01 (3.7193e-01)	lr: 0.000100
2026-02-08 17:24:35,716 - INFO: Epoch: [149][100/251]	Time 0.362 (0.323)	Data 0.204 (0.213)	Loss 2.7498e-01 (3.3022e-01)	lr: 0.000100
2026-02-08 17:25:10,957 - INFO: Epoch: [149][200/251]	Time 0.367 (0.338)	Data 0.211 (0.201)	Loss 2.9261e-01 (3.3633e-01)	lr: 0.000100
2026-02-08 17:25:29,880 - INFO: ----------Epoch:149, training loss is 0.3381 ---------
2026-02-08 17:25:30,254 - INFO: Epoch: [150][  0/251]	Time 0.372 (0.372)	Data 0.228 (0.228)	Loss 3.2383e-01 (3.2383e-01)	lr: 0.000100
2026-02-08 17:26:05,920 - INFO: Epoch: [150][100/251]	Time 0.379 (0.357)	Data 0.212 (0.214)	Loss 3.2653e-01 (3.4981e-01)	lr: 0.000100
2026-02-08 17:26:38,115 - INFO: Epoch: [150][200/251]	Time 0.337 (0.339)	Data 0.196 (0.188)	Loss 3.1900e-01 (3.4496e-01)	lr: 0.000100
2026-02-08 17:26:56,516 - INFO: ----------Epoch:150, training loss is 0.3458 ---------
2026-02-08 17:26:56,901 - INFO: Epoch: [151][  0/251]	Time 0.384 (0.384)	Data 0.219 (0.219)	Loss 3.5133e-01 (3.5133e-01)	lr: 0.000100
2026-02-08 17:27:33,224 - INFO: Epoch: [151][100/251]	Time 0.384 (0.363)	Data 0.220 (0.218)	Loss 3.8637e-01 (3.4018e-01)	lr: 0.000100
2026-02-08 17:28:05,392 - INFO: Epoch: [151][200/251]	Time 0.342 (0.343)	Data 0.218 (0.203)	Loss 2.8804e-01 (3.4085e-01)	lr: 0.000100
2026-02-08 17:28:23,476 - INFO: ----------Epoch:151, training loss is 0.3410 ---------
2026-02-08 17:28:23,804 - INFO: Epoch: [152][  0/251]	Time 0.327 (0.327)	Data 0.201 (0.201)	Loss 3.5344e-01 (3.5344e-01)	lr: 0.000100
2026-02-08 17:29:00,127 - INFO: Epoch: [152][100/251]	Time 0.342 (0.363)	Data 0.202 (0.190)	Loss 2.7564e-01 (3.3569e-01)	lr: 0.000100
2026-02-08 17:29:35,578 - INFO: Epoch: [152][200/251]	Time 0.351 (0.359)	Data 0.209 (0.191)	Loss 3.7993e-01 (3.4270e-01)	lr: 0.000100
2026-02-08 17:29:51,962 - INFO: ----------Epoch:152, training loss is 0.3434 ---------
2026-02-08 17:29:52,392 - INFO: Epoch: [153][  0/251]	Time 0.428 (0.428)	Data 0.204 (0.204)	Loss 3.1856e-01 (3.1856e-01)	lr: 0.000100
2026-02-08 17:30:27,638 - INFO: Epoch: [153][100/251]	Time 0.344 (0.353)	Data 0.223 (0.187)	Loss 4.0231e-01 (3.5152e-01)	lr: 0.000100
2026-02-08 17:31:02,860 - INFO: Epoch: [153][200/251]	Time 0.431 (0.353)	Data 0.211 (0.188)	Loss 3.0314e-01 (3.4836e-01)	lr: 0.000100
2026-02-08 17:31:18,971 - INFO: ----------Epoch:153, training loss is 0.3514 ---------
2026-02-08 17:31:19,404 - INFO: Epoch: [154][  0/251]	Time 0.432 (0.432)	Data 0.219 (0.219)	Loss 3.5645e-01 (3.5645e-01)	lr: 0.000100
2026-02-08 17:31:54,757 - INFO: Epoch: [154][100/251]	Time 0.421 (0.354)	Data 0.211 (0.213)	Loss 3.2996e-01 (3.4904e-01)	lr: 0.000100
2026-02-08 17:32:30,077 - INFO: Epoch: [154][200/251]	Time 0.352 (0.354)	Data 0.211 (0.201)	Loss 3.2831e-01 (3.5095e-01)	lr: 0.000100
2026-02-08 17:32:45,987 - INFO: ----------Epoch:154, training loss is 0.3500 ---------
2026-02-08 17:32:46,356 - INFO: Epoch: [155][  0/251]	Time 0.368 (0.368)	Data 0.198 (0.198)	Loss 2.2653e-01 (2.2653e-01)	lr: 0.000100
2026-02-08 17:33:21,123 - INFO: Epoch: [155][100/251]	Time 0.383 (0.348)	Data 0.228 (0.188)	Loss 3.4498e-01 (3.3883e-01)	lr: 0.000100
2026-02-08 17:33:56,840 - INFO: Epoch: [155][200/251]	Time 0.364 (0.352)	Data 0.205 (0.187)	Loss 4.2899e-01 (3.4428e-01)	lr: 0.000100
2026-02-08 17:34:13,070 - INFO: ----------Epoch:155, training loss is 0.3446 ---------
2026-02-08 17:34:13,568 - INFO: Epoch: [156][  0/251]	Time 0.498 (0.498)	Data 0.207 (0.207)	Loss 3.3655e-01 (3.3655e-01)	lr: 0.000100
2026-02-08 17:34:48,884 - INFO: Epoch: [156][100/251]	Time 0.325 (0.355)	Data 0.207 (0.214)	Loss 5.2172e-01 (3.5082e-01)	lr: 0.000100
2026-02-08 17:35:24,343 - INFO: Epoch: [156][200/251]	Time 0.335 (0.355)	Data 0.212 (0.202)	Loss 2.5129e-01 (3.4735e-01)	lr: 0.000100
2026-02-08 17:35:40,346 - INFO: ----------Epoch:156, training loss is 0.3487 ---------
2026-02-08 17:35:40,702 - INFO: Epoch: [157][  0/251]	Time 0.354 (0.354)	Data 0.211 (0.211)	Loss 3.4992e-01 (3.4992e-01)	lr: 0.000100
2026-02-08 17:36:15,754 - INFO: Epoch: [157][100/251]	Time 0.313 (0.351)	Data 0.217 (0.214)	Loss 4.1738e-01 (3.4329e-01)	lr: 0.000100
2026-02-08 17:36:51,528 - INFO: Epoch: [157][200/251]	Time 0.358 (0.354)	Data 0.216 (0.214)	Loss 2.8021e-01 (3.4625e-01)	lr: 0.000100
2026-02-08 17:37:08,219 - INFO: ----------Epoch:157, training loss is 0.3481 ---------
2026-02-08 17:37:08,567 - INFO: Epoch: [158][  0/251]	Time 0.347 (0.347)	Data 0.223 (0.223)	Loss 2.8232e-01 (2.8232e-01)	lr: 0.000100
2026-02-08 17:37:44,707 - INFO: Epoch: [158][100/251]	Time 0.395 (0.361)	Data 0.204 (0.195)	Loss 2.3040e-01 (3.3667e-01)	lr: 0.000100
2026-02-08 17:38:19,692 - INFO: Epoch: [158][200/251]	Time 0.346 (0.356)	Data 0.215 (0.205)	Loss 3.3055e-01 (3.4427e-01)	lr: 0.000100
2026-02-08 17:38:36,235 - INFO: ----------Epoch:158, training loss is 0.3429 ---------
2026-02-08 17:38:36,665 - INFO: Epoch: [159][  0/251]	Time 0.429 (0.429)	Data 0.222 (0.222)	Loss 3.5584e-01 (3.5584e-01)	lr: 0.000100
2026-02-08 17:39:10,715 - INFO: Epoch: [159][100/251]	Time 0.360 (0.341)	Data 0.205 (0.210)	Loss 4.0674e-01 (3.4538e-01)	lr: 0.000100
2026-02-08 17:39:46,085 - INFO: Epoch: [159][200/251]	Time 0.300 (0.348)	Data 0.198 (0.211)	Loss 3.7797e-01 (3.4858e-01)	lr: 0.000100
2026-02-08 17:40:04,889 - INFO: ----------Epoch:159, training loss is 0.3529 ---------
2026-02-08 17:40:05,198 - INFO: Epoch: [160][  0/251]	Time 0.308 (0.308)	Data 0.203 (0.203)	Loss 3.1709e-01 (3.1709e-01)	lr: 0.000050
2026-02-08 17:40:38,437 - INFO: Epoch: [160][100/251]	Time 0.377 (0.332)	Data 0.214 (0.187)	Loss 3.3189e-01 (3.5578e-01)	lr: 0.000050
2026-02-08 17:41:13,262 - INFO: Epoch: [160][200/251]	Time 0.376 (0.340)	Data 0.228 (0.187)	Loss 3.1549e-01 (3.3931e-01)	lr: 0.000050
2026-02-08 17:41:32,227 - INFO: ----------Epoch:160, training loss is 0.3378 ---------
2026-02-08 17:41:33,887 - INFO: Epoch: [161][  0/251]	Time 0.329 (0.329)	Data 0.203 (0.203)	Loss 4.0154e-01 (4.0154e-01)	lr: 0.000050
2026-02-08 17:42:06,734 - INFO: Epoch: [161][100/251]	Time 0.398 (0.328)	Data 0.215 (0.190)	Loss 2.9123e-01 (3.2289e-01)	lr: 0.000050
2026-02-08 17:42:42,503 - INFO: Epoch: [161][200/251]	Time 0.362 (0.343)	Data 0.212 (0.190)	Loss 3.3046e-01 (3.1913e-01)	lr: 0.000050
2026-02-08 17:43:01,018 - INFO: ----------Epoch:161, training loss is 0.3185 ---------
2026-02-08 17:43:01,436 - INFO: Epoch: [162][  0/251]	Time 0.416 (0.416)	Data 0.220 (0.220)	Loss 2.1507e-01 (2.1507e-01)	lr: 0.000050
2026-02-08 17:43:35,041 - INFO: Epoch: [162][100/251]	Time 0.411 (0.337)	Data 0.221 (0.218)	Loss 3.5364e-01 (3.0838e-01)	lr: 0.000050
2026-02-08 17:44:10,854 - INFO: Epoch: [162][200/251]	Time 0.338 (0.347)	Data 0.212 (0.217)	Loss 2.8244e-01 (3.0580e-01)	lr: 0.000050
2026-02-08 17:44:29,305 - INFO: ----------Epoch:162, training loss is 0.3042 ---------
2026-02-08 17:44:29,668 - INFO: Epoch: [163][  0/251]	Time 0.362 (0.362)	Data 0.204 (0.204)	Loss 3.3308e-01 (3.3308e-01)	lr: 0.000050
2026-02-08 17:45:05,105 - INFO: Epoch: [163][100/251]	Time 0.331 (0.354)	Data 0.194 (0.213)	Loss 3.5686e-01 (2.9221e-01)	lr: 0.000050
2026-02-08 17:45:37,311 - INFO: Epoch: [163][200/251]	Time 0.355 (0.338)	Data 0.219 (0.191)	Loss 2.9745e-01 (2.9941e-01)	lr: 0.000050
2026-02-08 17:45:56,756 - INFO: ----------Epoch:163, training loss is 0.3008 ---------
2026-02-08 17:45:57,149 - INFO: Epoch: [164][  0/251]	Time 0.392 (0.392)	Data 0.208 (0.208)	Loss 3.2852e-01 (3.2852e-01)	lr: 0.000050
2026-02-08 17:46:32,687 - INFO: Epoch: [164][100/251]	Time 0.356 (0.356)	Data 0.227 (0.188)	Loss 3.0668e-01 (3.0372e-01)	lr: 0.000050
2026-02-08 17:47:05,207 - INFO: Epoch: [164][200/251]	Time 0.376 (0.341)	Data 0.211 (0.177)	Loss 4.3999e-01 (2.9797e-01)	lr: 0.000050
2026-02-08 17:47:24,071 - INFO: ----------Epoch:164, training loss is 0.3001 ---------
2026-02-08 17:47:24,419 - INFO: Epoch: [165][  0/251]	Time 0.347 (0.347)	Data 0.216 (0.216)	Loss 2.8084e-01 (2.8084e-01)	lr: 0.000050
2026-02-08 17:47:59,354 - INFO: Epoch: [165][100/251]	Time 0.376 (0.349)	Data 0.213 (0.211)	Loss 2.4895e-01 (2.8596e-01)	lr: 0.000050
2026-02-08 17:48:33,548 - INFO: Epoch: [165][200/251]	Time -2.103 (0.346)	Data 0.215 (0.214)	Loss 2.9018e-01 (2.8899e-01)	lr: 0.000050
2026-02-08 17:48:51,972 - INFO: ----------Epoch:165, training loss is 0.2888 ---------
2026-02-08 17:48:52,355 - INFO: Epoch: [166][  0/251]	Time 0.381 (0.381)	Data 0.210 (0.210)	Loss 2.4499e-01 (2.4499e-01)	lr: 0.000050
2026-02-08 17:49:28,319 - INFO: Epoch: [166][100/251]	Time 0.330 (0.360)	Data 0.207 (0.215)	Loss 2.2661e-01 (2.8031e-01)	lr: 0.000050
2026-02-08 17:50:04,008 - INFO: Epoch: [166][200/251]	Time 0.360 (0.358)	Data 0.212 (0.202)	Loss 2.0943e-01 (2.8641e-01)	lr: 0.000050
2026-02-08 17:50:19,710 - INFO: ----------Epoch:166, training loss is 0.2883 ---------
2026-02-08 17:50:20,088 - INFO: Epoch: [167][  0/251]	Time 0.377 (0.377)	Data 0.240 (0.240)	Loss 3.3304e-01 (3.3304e-01)	lr: 0.000050
2026-02-08 17:50:55,187 - INFO: Epoch: [167][100/251]	Time 0.389 (0.351)	Data 0.225 (0.187)	Loss 2.3594e-01 (2.8492e-01)	lr: 0.000050
2026-02-08 17:51:30,828 - INFO: Epoch: [167][200/251]	Time 0.393 (0.354)	Data 0.208 (0.201)	Loss 3.1470e-01 (2.8784e-01)	lr: 0.000050
2026-02-08 17:51:47,396 - INFO: ----------Epoch:167, training loss is 0.2855 ---------
2026-02-08 17:51:47,726 - INFO: Epoch: [168][  0/251]	Time 0.329 (0.329)	Data 0.194 (0.194)	Loss 3.0620e-01 (3.0620e-01)	lr: 0.000050
2026-02-08 17:52:22,591 - INFO: Epoch: [168][100/251]	Time 0.442 (0.348)	Data 0.229 (0.179)	Loss 2.9250e-01 (2.8047e-01)	lr: 0.000050
2026-02-08 17:52:58,270 - INFO: Epoch: [168][200/251]	Time 0.456 (0.353)	Data 0.227 (0.184)	Loss 2.6464e-01 (2.7944e-01)	lr: 0.000050
2026-02-08 17:53:16,693 - INFO: ----------Epoch:168, training loss is 0.2810 ---------
2026-02-08 17:53:17,070 - INFO: Epoch: [169][  0/251]	Time 0.376 (0.376)	Data 0.224 (0.224)	Loss 3.0476e-01 (3.0476e-01)	lr: 0.000050
2026-02-08 17:53:49,786 - INFO: Epoch: [169][100/251]	Time 0.338 (0.328)	Data 0.225 (0.164)	Loss 2.4677e-01 (2.7344e-01)	lr: 0.000050
2026-02-08 17:54:26,013 - INFO: Epoch: [169][200/251]	Time 0.437 (0.345)	Data 0.214 (0.177)	Loss 2.5790e-01 (2.7729e-01)	lr: 0.000050
2026-02-08 17:54:44,313 - INFO: ----------Epoch:169, training loss is 0.2782 ---------
2026-02-08 17:54:44,703 - INFO: Epoch: [170][  0/251]	Time 0.389 (0.389)	Data 0.206 (0.206)	Loss 2.9284e-01 (2.9284e-01)	lr: 0.000050
2026-02-08 17:55:18,456 - INFO: Epoch: [170][100/251]	Time 0.392 (0.338)	Data 0.216 (0.212)	Loss 3.1773e-01 (2.8476e-01)	lr: 0.000050
2026-02-08 17:55:53,444 - INFO: Epoch: [170][200/251]	Time 0.422 (0.344)	Data 0.241 (0.202)	Loss 2.2546e-01 (2.7838e-01)	lr: 0.000050
2026-02-08 17:56:13,135 - INFO: ----------Epoch:170, training loss is 0.2760 ---------
2026-02-08 17:56:13,479 - INFO: Epoch: [171][  0/251]	Time 0.343 (0.343)	Data 0.203 (0.203)	Loss 2.4659e-01 (2.4659e-01)	lr: 0.000050
2026-02-08 17:56:47,970 - INFO: Epoch: [171][100/251]	Time 0.344 (0.345)	Data 0.208 (0.211)	Loss 2.9513e-01 (2.6832e-01)	lr: 0.000050
2026-02-08 17:57:20,788 - INFO: Epoch: [171][200/251]	Time 0.415 (0.337)	Data 0.230 (0.201)	Loss 3.7674e-01 (2.7355e-01)	lr: 0.000050
2026-02-08 17:57:40,277 - INFO: ----------Epoch:171, training loss is 0.2754 ---------
2026-02-08 17:57:40,623 - INFO: Epoch: [172][  0/251]	Time 0.345 (0.345)	Data 0.203 (0.203)	Loss 2.9503e-01 (2.9503e-01)	lr: 0.000050
2026-02-08 17:58:16,019 - INFO: Epoch: [172][100/251]	Time 0.405 (0.354)	Data 0.234 (0.213)	Loss 2.5491e-01 (2.7220e-01)	lr: 0.000050
2026-02-08 17:58:49,289 - INFO: Epoch: [172][200/251]	Time 0.377 (0.343)	Data 0.215 (0.201)	Loss 1.7426e-01 (2.7427e-01)	lr: 0.000050
2026-02-08 17:59:08,320 - INFO: ----------Epoch:172, training loss is 0.2734 ---------
2026-02-08 17:59:08,743 - INFO: Epoch: [173][  0/251]	Time 0.421 (0.421)	Data 0.214 (0.214)	Loss 2.5352e-01 (2.5352e-01)	lr: 0.000050
2026-02-08 17:59:43,428 - INFO: Epoch: [173][100/251]	Time 0.369 (0.348)	Data 0.210 (0.213)	Loss 2.8157e-01 (2.6480e-01)	lr: 0.000050
2026-02-08 18:00:19,323 - INFO: Epoch: [173][200/251]	Time 0.404 (0.353)	Data 0.205 (0.214)	Loss 2.3327e-01 (2.6735e-01)	lr: 0.000050
2026-02-08 18:00:35,680 - INFO: ----------Epoch:173, training loss is 0.2688 ---------
2026-02-08 18:00:36,113 - INFO: Epoch: [174][  0/251]	Time 0.431 (0.431)	Data 0.206 (0.206)	Loss 2.3598e-01 (2.3598e-01)	lr: 0.000050
2026-02-08 18:01:11,382 - INFO: Epoch: [174][100/251]	Time 0.432 (0.353)	Data 0.206 (0.216)	Loss 2.6112e-01 (2.5866e-01)	lr: 0.000050
2026-02-08 18:01:47,662 - INFO: Epoch: [174][200/251]	Time 0.436 (0.358)	Data 0.229 (0.204)	Loss 2.8081e-01 (2.6528e-01)	lr: 0.000050
2026-02-08 18:02:04,330 - INFO: ----------Epoch:174, training loss is 0.2664 ---------
2026-02-08 18:02:04,690 - INFO: Epoch: [175][  0/251]	Time 0.358 (0.358)	Data 0.239 (0.239)	Loss 2.5181e-01 (2.5181e-01)	lr: 0.000050
2026-02-08 18:02:40,845 - INFO: Epoch: [175][100/251]	Time 0.321 (0.362)	Data 0.212 (0.216)	Loss 2.6104e-01 (2.6006e-01)	lr: 0.000050
2026-02-08 18:03:16,446 - INFO: Epoch: [175][200/251]	Time 0.340 (0.359)	Data 0.209 (0.216)	Loss 2.7007e-01 (2.6605e-01)	lr: 0.000050
2026-02-08 18:03:32,741 - INFO: ----------Epoch:175, training loss is 0.2660 ---------
2026-02-08 18:03:33,088 - INFO: Epoch: [176][  0/251]	Time 0.345 (0.345)	Data 0.218 (0.218)	Loss 1.6410e-01 (1.6410e-01)	lr: 0.000050
2026-02-08 18:04:08,491 - INFO: Epoch: [176][100/251]	Time 0.418 (0.354)	Data 0.220 (0.215)	Loss 3.1023e-01 (2.6203e-01)	lr: 0.000050
2026-02-08 18:04:44,454 - INFO: Epoch: [176][200/251]	Time 0.381 (0.357)	Data 0.218 (0.202)	Loss 3.1089e-01 (2.6564e-01)	lr: 0.000050
2026-02-08 18:04:59,974 - INFO: ----------Epoch:176, training loss is 0.2656 ---------
2026-02-08 18:05:00,371 - INFO: Epoch: [177][  0/251]	Time 0.395 (0.395)	Data 0.208 (0.208)	Loss 2.7742e-01 (2.7742e-01)	lr: 0.000050
2026-02-08 18:05:35,676 - INFO: Epoch: [177][100/251]	Time 0.369 (0.353)	Data 0.207 (0.192)	Loss 2.6862e-01 (2.5795e-01)	lr: 0.000050
2026-02-08 18:06:11,253 - INFO: Epoch: [177][200/251]	Time 0.340 (0.355)	Data 0.210 (0.202)	Loss 2.5302e-01 (2.6080e-01)	lr: 0.000050
2026-02-08 18:06:28,212 - INFO: ----------Epoch:177, training loss is 0.2616 ---------
2026-02-08 18:06:28,628 - INFO: Epoch: [178][  0/251]	Time 0.415 (0.415)	Data 0.234 (0.234)	Loss 2.1329e-01 (2.1329e-01)	lr: 0.000050
2026-02-08 18:07:04,861 - INFO: Epoch: [178][100/251]	Time 0.468 (0.363)	Data 0.221 (0.219)	Loss 2.5872e-01 (2.5463e-01)	lr: 0.000050
2026-02-08 18:07:40,589 - INFO: Epoch: [178][200/251]	Time 0.337 (0.360)	Data 0.214 (0.205)	Loss 2.6068e-01 (2.6019e-01)	lr: 0.000050
2026-02-08 18:07:56,827 - INFO: ----------Epoch:178, training loss is 0.2602 ---------
2026-02-08 18:07:57,200 - INFO: Epoch: [179][  0/251]	Time 0.370 (0.370)	Data 0.211 (0.211)	Loss 2.4903e-01 (2.4903e-01)	lr: 0.000050
2026-02-08 18:08:33,388 - INFO: Epoch: [179][100/251]	Time 0.346 (0.362)	Data 0.209 (0.217)	Loss 3.0527e-01 (2.5504e-01)	lr: 0.000050
2026-02-08 18:09:08,983 - INFO: Epoch: [179][200/251]	Time 0.391 (0.359)	Data 0.215 (0.203)	Loss 2.6775e-01 (2.5637e-01)	lr: 0.000050
2026-02-08 18:09:25,056 - INFO: ----------Epoch:179, training loss is 0.2581 ---------
2026-02-08 18:09:26,779 - INFO: Epoch: [180][  0/251]	Time 0.351 (0.351)	Data 0.200 (0.200)	Loss 2.7175e-01 (2.7175e-01)	lr: 0.000050
2026-02-08 18:10:02,504 - INFO: Epoch: [180][100/251]	Time 0.348 (0.357)	Data 0.205 (0.192)	Loss 2.6009e-01 (2.5631e-01)	lr: 0.000050
2026-02-08 18:10:37,833 - INFO: Epoch: [180][200/251]	Time 0.326 (0.355)	Data 0.210 (0.191)	Loss 2.9554e-01 (2.5404e-01)	lr: 0.000050
2026-02-08 18:10:54,725 - INFO: ----------Epoch:180, training loss is 0.2571 ---------
2026-02-08 18:10:56,465 - INFO: Epoch: [181][  0/251]	Time 0.399 (0.399)	Data 0.197 (0.197)	Loss 2.2044e-01 (2.2044e-01)	lr: 0.000050
2026-02-08 18:11:31,588 - INFO: Epoch: [181][100/251]	Time 0.426 (0.352)	Data 0.218 (0.215)	Loss 2.7300e-01 (2.5497e-01)	lr: 0.000050
2026-02-08 18:12:07,267 - INFO: Epoch: [181][200/251]	Time 0.403 (0.354)	Data 0.206 (0.215)	Loss 3.3048e-01 (2.5731e-01)	lr: 0.000050
2026-02-08 18:12:23,742 - INFO: ----------Epoch:181, training loss is 0.2583 ---------
2026-02-08 18:12:24,074 - INFO: Epoch: [182][  0/251]	Time 0.331 (0.331)	Data 0.212 (0.212)	Loss 2.3586e-01 (2.3586e-01)	lr: 0.000050
2026-02-08 18:13:00,761 - INFO: Epoch: [182][100/251]	Time 0.367 (0.367)	Data 0.214 (0.197)	Loss 2.0288e-01 (2.5987e-01)	lr: 0.000050
2026-02-08 18:13:36,151 - INFO: Epoch: [182][200/251]	Time 0.411 (0.360)	Data 0.200 (0.193)	Loss 2.9865e-01 (2.5559e-01)	lr: 0.000050
2026-02-08 18:13:52,617 - INFO: ----------Epoch:182, training loss is 0.2559 ---------
2026-02-08 18:13:54,405 - INFO: Epoch: [183][  0/251]	Time 0.425 (0.425)	Data 0.209 (0.209)	Loss 2.3609e-01 (2.3609e-01)	lr: 0.000050
2026-02-08 18:14:29,687 - INFO: Epoch: [183][100/251]	Time 0.390 (0.354)	Data 0.210 (0.190)	Loss 2.4255e-01 (2.5408e-01)	lr: 0.000050
2026-02-08 18:15:05,563 - INFO: Epoch: [183][200/251]	Time 0.430 (0.356)	Data 0.211 (0.191)	Loss 2.8618e-01 (2.5763e-01)	lr: 0.000050
2026-02-08 18:15:22,113 - INFO: ----------Epoch:183, training loss is 0.2583 ---------
2026-02-08 18:15:22,442 - INFO: Epoch: [184][  0/251]	Time 0.328 (0.328)	Data 0.213 (0.213)	Loss 2.5781e-01 (2.5781e-01)	lr: 0.000050
2026-02-08 18:15:57,590 - INFO: Epoch: [184][100/251]	Time 0.410 (0.351)	Data 0.237 (0.190)	Loss 2.8502e-01 (2.5805e-01)	lr: 0.000050
2026-02-08 18:16:33,666 - INFO: Epoch: [184][200/251]	Time 0.395 (0.356)	Data 0.209 (0.189)	Loss 2.5292e-01 (2.5665e-01)	lr: 0.000050
2026-02-08 18:16:50,173 - INFO: ----------Epoch:184, training loss is 0.2573 ---------
2026-02-08 18:16:50,518 - INFO: Epoch: [185][  0/251]	Time 0.343 (0.343)	Data 0.203 (0.203)	Loss 2.0280e-01 (2.0280e-01)	lr: 0.000050
2026-02-08 18:17:25,205 - INFO: Epoch: [185][100/251]	Time 0.427 (0.347)	Data 0.226 (0.187)	Loss 3.8281e-01 (2.6028e-01)	lr: 0.000050
2026-02-08 18:18:00,510 - INFO: Epoch: [185][200/251]	Time 0.362 (0.350)	Data 0.218 (0.186)	Loss 2.1234e-01 (2.5881e-01)	lr: 0.000050
2026-02-08 18:18:19,282 - INFO: ----------Epoch:185, training loss is 0.2585 ---------
2026-02-08 18:18:19,657 - INFO: Epoch: [186][  0/251]	Time 0.373 (0.373)	Data 0.209 (0.209)	Loss 2.4687e-01 (2.4687e-01)	lr: 0.000050
2026-02-08 18:18:52,081 - INFO: Epoch: [186][100/251]	Time 0.343 (0.325)	Data 0.195 (0.211)	Loss 2.2142e-01 (2.5323e-01)	lr: 0.000050
2026-02-08 18:19:28,573 - INFO: Epoch: [186][200/251]	Time 0.360 (0.345)	Data 0.217 (0.200)	Loss 2.2198e-01 (2.5410e-01)	lr: 0.000050
2026-02-08 18:19:48,026 - INFO: ----------Epoch:186, training loss is 0.2550 ---------
2026-02-08 18:19:49,724 - INFO: Epoch: [187][  0/251]	Time 0.338 (0.338)	Data 0.221 (0.221)	Loss 2.9925e-01 (2.9925e-01)	lr: 0.000050
2026-02-08 18:20:21,944 - INFO: Epoch: [187][100/251]	Time 0.364 (0.322)	Data 0.222 (0.212)	Loss 1.9265e-01 (2.5275e-01)	lr: 0.000050
2026-02-08 18:20:57,345 - INFO: Epoch: [187][200/251]	Time 0.396 (0.338)	Data 0.217 (0.201)	Loss 2.6866e-01 (2.5479e-01)	lr: 0.000050
2026-02-08 18:21:16,297 - INFO: ----------Epoch:187, training loss is 0.2562 ---------
2026-02-08 18:21:16,691 - INFO: Epoch: [188][  0/251]	Time 0.393 (0.393)	Data 0.198 (0.198)	Loss 2.3832e-01 (2.3832e-01)	lr: 0.000050
2026-02-08 18:21:50,223 - INFO: Epoch: [188][100/251]	Time 0.352 (0.336)	Data 0.220 (0.191)	Loss 2.3781e-01 (2.5608e-01)	lr: 0.000050
2026-02-08 18:22:25,773 - INFO: Epoch: [188][200/251]	Time 0.452 (0.346)	Data 0.230 (0.191)	Loss 2.3633e-01 (2.5279e-01)	lr: 0.000050
2026-02-08 18:22:44,452 - INFO: ----------Epoch:188, training loss is 0.2540 ---------
2026-02-08 18:22:46,160 - INFO: Epoch: [189][  0/251]	Time 0.336 (0.336)	Data 0.204 (0.204)	Loss 2.2870e-01 (2.2870e-01)	lr: 0.000050
2026-02-08 18:23:19,201 - INFO: Epoch: [189][100/251]	Time 0.403 (0.330)	Data 0.228 (0.162)	Loss 2.2443e-01 (2.4821e-01)	lr: 0.000050
2026-02-08 18:23:54,090 - INFO: Epoch: [189][200/251]	Time 0.385 (0.340)	Data 0.209 (0.176)	Loss 3.0032e-01 (2.5224e-01)	lr: 0.000050
2026-02-08 18:24:13,035 - INFO: ----------Epoch:189, training loss is 0.2517 ---------
2026-02-08 18:24:14,794 - INFO: Epoch: [190][  0/251]	Time 0.401 (0.401)	Data 0.210 (0.210)	Loss 3.4270e-01 (3.4270e-01)	lr: 0.000050
2026-02-08 18:24:50,323 - INFO: Epoch: [190][100/251]	Time 0.353 (0.356)	Data 0.223 (0.212)	Loss 2.2384e-01 (2.4504e-01)	lr: 0.000050
2026-02-08 18:25:25,635 - INFO: Epoch: [190][200/251]	Time 0.354 (0.354)	Data 0.206 (0.215)	Loss 2.1365e-01 (2.5007e-01)	lr: 0.000050
2026-02-08 18:25:42,117 - INFO: ----------Epoch:190, training loss is 0.2503 ---------
2026-02-08 18:25:43,783 - INFO: Epoch: [191][  0/251]	Time 0.368 (0.368)	Data 0.220 (0.220)	Loss 2.1028e-01 (2.1028e-01)	lr: 0.000050
2026-02-08 18:26:18,527 - INFO: Epoch: [191][100/251]	Time 0.326 (0.348)	Data 0.214 (0.211)	Loss 2.6117e-01 (2.4741e-01)	lr: 0.000050
2026-02-08 18:26:54,161 - INFO: Epoch: [191][200/251]	Time 0.402 (0.352)	Data 0.210 (0.200)	Loss 2.1224e-01 (2.5137e-01)	lr: 0.000050
2026-02-08 18:27:10,814 - INFO: ----------Epoch:191, training loss is 0.2510 ---------
2026-02-08 18:27:11,256 - INFO: Epoch: [192][  0/251]	Time 0.440 (0.440)	Data 0.206 (0.206)	Loss 2.0826e-01 (2.0826e-01)	lr: 0.000050
2026-02-08 18:27:46,065 - INFO: Epoch: [192][100/251]	Time 0.378 (0.349)	Data 0.210 (0.214)	Loss 2.6883e-01 (2.4140e-01)	lr: 0.000050
2026-02-08 18:28:21,302 - INFO: Epoch: [192][200/251]	Time 0.404 (0.351)	Data 0.203 (0.202)	Loss 3.0781e-01 (2.4858e-01)	lr: 0.000050
2026-02-08 18:28:37,315 - INFO: ----------Epoch:192, training loss is 0.2501 ---------
2026-02-08 18:28:38,999 - INFO: Epoch: [193][  0/251]	Time 0.369 (0.369)	Data 0.206 (0.206)	Loss 2.7473e-01 (2.7473e-01)	lr: 0.000050
2026-02-08 18:29:14,729 - INFO: Epoch: [193][100/251]	Time 0.417 (0.357)	Data 0.224 (0.216)	Loss 2.2962e-01 (2.5092e-01)	lr: 0.000050
2026-02-08 18:29:49,658 - INFO: Epoch: [193][200/251]	Time 0.381 (0.353)	Data 0.232 (0.216)	Loss 3.3668e-01 (2.5550e-01)	lr: 0.000050
2026-02-08 18:30:05,898 - INFO: ----------Epoch:193, training loss is 0.2576 ---------
2026-02-08 18:30:06,329 - INFO: Epoch: [194][  0/251]	Time 0.430 (0.430)	Data 0.226 (0.226)	Loss 2.2377e-01 (2.2377e-01)	lr: 0.000050
2026-02-08 18:30:41,953 - INFO: Epoch: [194][100/251]	Time 0.344 (0.357)	Data 0.230 (0.215)	Loss 2.0248e-01 (2.4832e-01)	lr: 0.000050
2026-02-08 18:31:18,769 - INFO: Epoch: [194][200/251]	Time 0.406 (0.363)	Data 0.211 (0.203)	Loss 2.8213e-01 (2.5085e-01)	lr: 0.000050
2026-02-08 18:31:34,668 - INFO: ----------Epoch:194, training loss is 0.2514 ---------
2026-02-08 18:31:35,081 - INFO: Epoch: [195][  0/251]	Time 0.412 (0.412)	Data 0.224 (0.224)	Loss 2.3224e-01 (2.3224e-01)	lr: 0.000050
2026-02-08 18:32:10,703 - INFO: Epoch: [195][100/251]	Time 0.390 (0.357)	Data 0.205 (0.191)	Loss 2.5794e-01 (2.4823e-01)	lr: 0.000050
2026-02-08 18:32:45,986 - INFO: Epoch: [195][200/251]	Time 0.403 (0.355)	Data 0.215 (0.204)	Loss 2.3133e-01 (2.4903e-01)	lr: 0.000050
2026-02-08 18:33:02,658 - INFO: ----------Epoch:195, training loss is 0.2506 ---------
2026-02-08 18:33:03,014 - INFO: Epoch: [196][  0/251]	Time 0.353 (0.353)	Data 0.209 (0.209)	Loss 2.6731e-01 (2.6731e-01)	lr: 0.000050
2026-02-08 18:33:38,403 - INFO: Epoch: [196][100/251]	Time 0.381 (0.354)	Data 0.224 (0.215)	Loss 2.7907e-01 (2.4393e-01)	lr: 0.000050
2026-02-08 18:34:14,231 - INFO: Epoch: [196][200/251]	Time 0.394 (0.356)	Data 0.207 (0.215)	Loss 3.4569e-01 (2.4833e-01)	lr: 0.000050
2026-02-08 18:34:32,876 - INFO: ----------Epoch:196, training loss is 0.2489 ---------
2026-02-08 18:34:34,597 - INFO: Epoch: [197][  0/251]	Time 0.363 (0.363)	Data 0.223 (0.223)	Loss 2.9074e-01 (2.9074e-01)	lr: 0.000050
2026-02-08 18:35:08,302 - INFO: Epoch: [197][100/251]	Time 0.390 (0.337)	Data 0.253 (0.175)	Loss 2.5064e-01 (2.4696e-01)	lr: 0.000050
2026-02-08 18:35:44,705 - INFO: Epoch: [197][200/251]	Time 0.491 (0.351)	Data 0.225 (0.199)	Loss 3.0151e-01 (2.4861e-01)	lr: 0.000050
2026-02-08 18:36:03,950 - INFO: ----------Epoch:197, training loss is 0.2474 ---------
2026-02-08 18:36:03,105 - INFO: Epoch: [198][  0/251]	Time -2.167 (-2.167)	Data -2.311 (-2.311)	Loss 2.2788e-01 (2.2788e-01)	lr: 0.000050
2026-02-08 18:36:39,242 - INFO: Epoch: [198][100/251]	Time 0.432 (0.336)	Data 0.208 (0.193)	Loss 3.0495e-01 (2.4293e-01)	lr: 0.000050
2026-02-08 18:37:14,885 - INFO: Epoch: [198][200/251]	Time 0.335 (0.346)	Data 0.215 (0.191)	Loss 1.6828e-01 (2.4544e-01)	lr: 0.000050
2026-02-08 18:37:33,598 - INFO: ----------Epoch:198, training loss is 0.2454 ---------
2026-02-08 18:37:35,270 - INFO: Epoch: [199][  0/251]	Time 0.337 (0.337)	Data 0.219 (0.219)	Loss 2.0390e-01 (2.0390e-01)	lr: 0.000050
2026-02-08 18:38:09,835 - INFO: Epoch: [199][100/251]	Time 0.334 (0.346)	Data 0.206 (0.217)	Loss 2.7347e-01 (2.4372e-01)	lr: 0.000050
2026-02-08 18:38:45,518 - INFO: Epoch: [199][200/251]	Time 0.412 (0.351)	Data 0.216 (0.216)	Loss 2.2511e-01 (2.4482e-01)	lr: 0.000050
2026-02-08 18:39:01,902 - INFO: ----------Epoch:199, training loss is 0.2465 ---------
2026-02-08 18:39:02,373 - INFO: Epoch: [200][  0/251]	Time 0.471 (0.471)	Data 0.238 (0.238)	Loss 1.6507e-01 (1.6507e-01)	lr: 0.000050
2026-02-08 18:39:38,170 - INFO: Epoch: [200][100/251]	Time 0.420 (0.359)	Data 0.208 (0.217)	Loss 2.9113e-01 (2.4363e-01)	lr: 0.000050
2026-02-08 18:40:13,629 - INFO: Epoch: [200][200/251]	Time 0.436 (0.357)	Data 0.225 (0.215)	Loss 2.2452e-01 (2.4333e-01)	lr: 0.000050
2026-02-08 18:40:30,415 - INFO: ----------Epoch:200, training loss is 0.2453 ---------
2026-02-08 18:40:33,580 - INFO: Epoch: [201][  0/251]	Time 0.395 (0.395)	Data 0.223 (0.223)	Loss 2.9950e-01 (2.9950e-01)	lr: 0.000050
2026-02-08 18:41:09,418 - INFO: Epoch: [201][100/251]	Time 0.443 (0.359)	Data 0.219 (0.193)	Loss 2.3190e-01 (2.3755e-01)	lr: 0.000050
2026-02-08 18:41:45,209 - INFO: Epoch: [201][200/251]	Time 0.342 (0.358)	Data 0.224 (0.203)	Loss 2.2955e-01 (2.3886e-01)	lr: 0.000050
2026-02-08 18:42:02,231 - INFO: ----------Epoch:201, training loss is 0.2402 ---------
2026-02-08 18:42:04,084 - INFO: Epoch: [202][  0/251]	Time 0.476 (0.476)	Data 0.208 (0.208)	Loss 2.0979e-01 (2.0979e-01)	lr: 0.000050
2026-02-08 18:42:40,184 - INFO: Epoch: [202][100/251]	Time 0.411 (0.362)	Data 0.220 (0.190)	Loss 2.6447e-01 (2.3919e-01)	lr: 0.000050
2026-02-08 18:43:16,077 - INFO: Epoch: [202][200/251]	Time 0.383 (0.361)	Data 0.208 (0.202)	Loss 2.0327e-01 (2.4168e-01)	lr: 0.000050
2026-02-08 18:43:32,650 - INFO: ----------Epoch:202, training loss is 0.2418 ---------
2026-02-08 18:43:33,037 - INFO: Epoch: [203][  0/251]	Time 0.385 (0.385)	Data 0.220 (0.220)	Loss 2.3940e-01 (2.3940e-01)	lr: 0.000050
2026-02-08 18:44:09,255 - INFO: Epoch: [203][100/251]	Time 0.392 (0.362)	Data 0.224 (0.193)	Loss 2.6712e-01 (2.3457e-01)	lr: 0.000050
2026-02-08 18:44:45,094 - INFO: Epoch: [203][200/251]	Time 0.386 (0.360)	Data 0.213 (0.206)	Loss 1.5607e-01 (2.3774e-01)	lr: 0.000050
2026-02-08 18:45:02,281 - INFO: ----------Epoch:203, training loss is 0.2385 ---------
2026-02-08 18:45:04,085 - INFO: Epoch: [204][  0/251]	Time 0.418 (0.418)	Data 0.231 (0.231)	Loss 2.4999e-01 (2.4999e-01)	lr: 0.000050
2026-02-08 18:45:40,213 - INFO: Epoch: [204][100/251]	Time 0.349 (0.362)	Data 0.215 (0.191)	Loss 2.6701e-01 (2.3799e-01)	lr: 0.000050
2026-02-08 18:46:16,011 - INFO: Epoch: [204][200/251]	Time 0.369 (0.360)	Data 0.226 (0.204)	Loss 2.3277e-01 (2.4081e-01)	lr: 0.000050
2026-02-08 18:46:32,737 - INFO: ----------Epoch:204, training loss is 0.2420 ---------
2026-02-08 18:46:33,112 - INFO: Epoch: [205][  0/251]	Time 0.373 (0.373)	Data 0.221 (0.221)	Loss 2.3588e-01 (2.3588e-01)	lr: 0.000050
2026-02-08 18:47:08,097 - INFO: Epoch: [205][100/251]	Time 0.455 (0.350)	Data 0.207 (0.189)	Loss 2.8660e-01 (2.3840e-01)	lr: 0.000050
2026-02-08 18:47:43,975 - INFO: Epoch: [205][200/251]	Time 0.365 (0.354)	Data 0.217 (0.190)	Loss 2.2656e-01 (2.4233e-01)	lr: 0.000050
2026-02-08 18:48:00,286 - INFO: ----------Epoch:205, training loss is 0.2435 ---------
2026-02-08 18:48:00,716 - INFO: Epoch: [206][  0/251]	Time 0.429 (0.429)	Data 0.209 (0.209)	Loss 1.9517e-01 (1.9517e-01)	lr: 0.000050
2026-02-08 18:48:36,749 - INFO: Epoch: [206][100/251]	Time 0.346 (0.361)	Data 0.218 (0.190)	Loss 2.3611e-01 (2.3465e-01)	lr: 0.000050
2026-02-08 18:49:12,091 - INFO: Epoch: [206][200/251]	Time 0.334 (0.357)	Data 0.206 (0.202)	Loss 2.3587e-01 (2.3700e-01)	lr: 0.000050
2026-02-08 18:49:28,278 - INFO: ----------Epoch:206, training loss is 0.2366 ---------
2026-02-08 18:49:29,914 - INFO: Epoch: [207][  0/251]	Time 0.324 (0.324)	Data 0.208 (0.208)	Loss 2.2494e-01 (2.2494e-01)	lr: 0.000050
2026-02-08 18:50:05,773 - INFO: Epoch: [207][100/251]	Time 0.361 (0.358)	Data 0.213 (0.216)	Loss 2.5870e-01 (2.4459e-01)	lr: 0.000050
2026-02-08 18:50:41,108 - INFO: Epoch: [207][200/251]	Time 0.396 (0.356)	Data 0.212 (0.214)	Loss 2.6740e-01 (2.3730e-01)	lr: 0.000050
2026-02-08 18:50:57,765 - INFO: ----------Epoch:207, training loss is 0.2375 ---------
2026-02-08 18:50:58,119 - INFO: Epoch: [208][  0/251]	Time 0.353 (0.353)	Data 0.204 (0.204)	Loss 3.3824e-01 (3.3824e-01)	lr: 0.000050
2026-02-08 18:51:31,861 - INFO: Epoch: [208][100/251]	Time 0.350 (0.338)	Data 0.215 (0.212)	Loss 2.6325e-01 (2.3541e-01)	lr: 0.000050
2026-02-08 18:52:09,847 - INFO: Epoch: [208][200/251]	Time 0.352 (0.359)	Data 0.212 (0.212)	Loss 2.5087e-01 (2.3774e-01)	lr: 0.000050
2026-02-08 18:52:24,854 - INFO: ----------Epoch:208, training loss is 0.2366 ---------
2026-02-08 18:52:25,241 - INFO: Epoch: [209][  0/251]	Time 0.387 (0.387)	Data 0.200 (0.200)	Loss 1.8742e-01 (1.8742e-01)	lr: 0.000050
2026-02-08 18:53:00,890 - INFO: Epoch: [209][100/251]	Time 0.421 (0.357)	Data 0.228 (0.197)	Loss 1.8921e-01 (2.2621e-01)	lr: 0.000050
2026-02-08 18:53:35,498 - INFO: Epoch: [209][200/251]	Time 0.316 (0.351)	Data 0.204 (0.194)	Loss 2.9889e-01 (2.3035e-01)	lr: 0.000050
2026-02-08 18:53:52,140 - INFO: ----------Epoch:209, training loss is 0.2336 ---------
2026-02-08 18:53:53,966 - INFO: Epoch: [210][  0/251]	Time 0.468 (0.468)	Data 0.228 (0.228)	Loss 2.8365e-01 (2.8365e-01)	lr: 0.000050
2026-02-08 18:54:30,038 - INFO: Epoch: [210][100/251]	Time 0.432 (0.362)	Data 0.215 (0.217)	Loss 2.8213e-01 (2.3619e-01)	lr: 0.000050
2026-02-08 18:55:05,511 - INFO: Epoch: [210][200/251]	Time 0.376 (0.358)	Data 0.194 (0.202)	Loss 2.8290e-01 (2.3881e-01)	lr: 0.000050
2026-02-08 18:55:21,529 - INFO: ----------Epoch:210, training loss is 0.2413 ---------
2026-02-08 18:55:21,932 - INFO: Epoch: [211][  0/251]	Time 0.402 (0.402)	Data 0.223 (0.223)	Loss 3.1824e-01 (3.1824e-01)	lr: 0.000050
2026-02-08 18:55:56,672 - INFO: Epoch: [211][100/251]	Time 0.383 (0.348)	Data 0.210 (0.189)	Loss 2.1303e-01 (2.3713e-01)	lr: 0.000050
2026-02-08 18:56:32,170 - INFO: Epoch: [211][200/251]	Time 0.350 (0.351)	Data 0.228 (0.189)	Loss 2.1519e-01 (2.3678e-01)	lr: 0.000050
2026-02-08 18:56:49,037 - INFO: ----------Epoch:211, training loss is 0.2381 ---------
2026-02-08 18:56:49,422 - INFO: Epoch: [212][  0/251]	Time 0.382 (0.382)	Data 0.224 (0.224)	Loss 1.9622e-01 (1.9622e-01)	lr: 0.000050
2026-02-08 18:57:25,022 - INFO: Epoch: [212][100/251]	Time 0.425 (0.356)	Data 0.215 (0.214)	Loss 2.7455e-01 (2.3309e-01)	lr: 0.000050
2026-02-08 18:58:00,159 - INFO: Epoch: [212][200/251]	Time 0.468 (0.354)	Data 0.212 (0.201)	Loss 1.9084e-01 (2.3627e-01)	lr: 0.000050
2026-02-08 18:58:18,753 - INFO: ----------Epoch:212, training loss is 0.2378 ---------
2026-02-08 18:58:19,151 - INFO: Epoch: [213][  0/251]	Time 0.397 (0.397)	Data 0.224 (0.224)	Loss 2.2054e-01 (2.2054e-01)	lr: 0.000050
2026-02-08 18:58:52,341 - INFO: Epoch: [213][100/251]	Time 0.378 (0.333)	Data 0.206 (0.164)	Loss 2.2919e-01 (2.3251e-01)	lr: 0.000050
2026-02-08 18:59:27,079 - INFO: Epoch: [213][200/251]	Time 0.336 (0.340)	Data 0.207 (0.189)	Loss 2.4938e-01 (2.3569e-01)	lr: 0.000050
2026-02-08 18:59:45,757 - INFO: ----------Epoch:213, training loss is 0.2354 ---------
2026-02-08 18:59:46,115 - INFO: Epoch: [214][  0/251]	Time 0.357 (0.357)	Data 0.208 (0.208)	Loss 2.3652e-01 (2.3652e-01)	lr: 0.000050
2026-02-08 19:00:19,422 - INFO: Epoch: [214][100/251]	Time 0.384 (0.333)	Data 0.201 (0.190)	Loss 3.1685e-01 (2.3182e-01)	lr: 0.000050
2026-02-08 19:00:54,631 - INFO: Epoch: [214][200/251]	Time 0.365 (0.343)	Data 0.234 (0.191)	Loss 2.7719e-01 (2.3524e-01)	lr: 0.000050
2026-02-08 19:01:12,844 - INFO: ----------Epoch:214, training loss is 0.2353 ---------
2026-02-08 19:01:13,188 - INFO: Epoch: [215][  0/251]	Time 0.343 (0.343)	Data 0.206 (0.206)	Loss 2.0819e-01 (2.0819e-01)	lr: 0.000050
2026-02-08 19:01:47,128 - INFO: Epoch: [215][100/251]	Time -2.095 (0.339)	Data 0.227 (0.216)	Loss 2.7012e-01 (2.3689e-01)	lr: 0.000050
2026-02-08 19:02:22,349 - INFO: Epoch: [215][200/251]	Time 0.357 (0.346)	Data 0.205 (0.202)	Loss 1.7333e-01 (2.3538e-01)	lr: 0.000050
2026-02-08 19:02:41,004 - INFO: ----------Epoch:215, training loss is 0.2362 ---------
2026-02-08 19:02:41,462 - INFO: Epoch: [216][  0/251]	Time 0.457 (0.457)	Data 0.223 (0.223)	Loss 2.9723e-01 (2.9723e-01)	lr: 0.000050
2026-02-08 19:03:17,006 - INFO: Epoch: [216][100/251]	Time 0.396 (0.356)	Data 0.228 (0.191)	Loss 2.3235e-01 (2.3807e-01)	lr: 0.000050
2026-02-08 19:03:50,136 - INFO: Epoch: [216][200/251]	Time 0.347 (0.344)	Data 0.206 (0.177)	Loss 2.1721e-01 (2.3676e-01)	lr: 0.000050
2026-02-08 19:04:08,924 - INFO: ----------Epoch:216, training loss is 0.2369 ---------
2026-02-08 19:04:09,293 - INFO: Epoch: [217][  0/251]	Time 0.368 (0.368)	Data 0.207 (0.207)	Loss 2.0486e-01 (2.0486e-01)	lr: 0.000050
2026-02-08 19:04:44,716 - INFO: Epoch: [217][100/251]	Time 0.385 (0.354)	Data 0.206 (0.192)	Loss 1.9531e-01 (2.3277e-01)	lr: 0.000050
2026-02-08 19:05:17,716 - INFO: Epoch: [217][200/251]	Time -2.125 (0.342)	Data -2.312 (0.177)	Loss 2.6608e-01 (2.3208e-01)	lr: 0.000050
2026-02-08 19:05:37,326 - INFO: ----------Epoch:217, training loss is 0.2352 ---------
2026-02-08 19:05:37,760 - INFO: Epoch: [218][  0/251]	Time 0.433 (0.433)	Data 0.251 (0.251)	Loss 2.1188e-01 (2.1188e-01)	lr: 0.000050
2026-02-08 19:06:12,969 - INFO: Epoch: [218][100/251]	Time 0.356 (0.353)	Data 0.226 (0.189)	Loss 3.0613e-01 (2.2526e-01)	lr: 0.000050
2026-02-08 19:06:47,819 - INFO: Epoch: [218][200/251]	Time 0.389 (0.351)	Data 0.228 (0.190)	Loss 2.6989e-01 (2.3224e-01)	lr: 0.000050
2026-02-08 19:07:03,150 - INFO: ----------Epoch:218, training loss is 0.2334 ---------
2026-02-08 19:07:05,155 - INFO: Epoch: [219][  0/251]	Time 0.372 (0.372)	Data 0.227 (0.227)	Loss 2.7180e-01 (2.7180e-01)	lr: 0.000050
2026-02-08 19:07:40,621 - INFO: Epoch: [219][100/251]	Time 0.332 (0.355)	Data 0.199 (0.216)	Loss 2.5473e-01 (2.2798e-01)	lr: 0.000050
2026-02-08 19:08:16,491 - INFO: Epoch: [219][200/251]	Time 0.323 (0.357)	Data 0.198 (0.203)	Loss 2.3030e-01 (2.3209e-01)	lr: 0.000050
2026-02-08 19:08:32,665 - INFO: ----------Epoch:219, training loss is 0.2337 ---------
2026-02-08 19:08:33,090 - INFO: Epoch: [220][  0/251]	Time 0.424 (0.424)	Data 0.217 (0.217)	Loss 2.1098e-01 (2.1098e-01)	lr: 0.000050
2026-02-08 19:09:09,090 - INFO: Epoch: [220][100/251]	Time 0.391 (0.361)	Data 0.219 (0.191)	Loss 1.9445e-01 (2.2697e-01)	lr: 0.000050
2026-02-08 19:09:44,084 - INFO: Epoch: [220][200/251]	Time 0.329 (0.355)	Data 0.199 (0.188)	Loss 1.9533e-01 (2.3307e-01)	lr: 0.000050
2026-02-08 19:10:02,634 - INFO: ----------Epoch:220, training loss is 0.2340 ---------
2026-02-08 19:10:03,001 - INFO: Epoch: [221][  0/251]	Time 0.365 (0.365)	Data 0.215 (0.215)	Loss 2.3626e-01 (2.3626e-01)	lr: 0.000050
2026-02-08 19:10:36,535 - INFO: Epoch: [221][100/251]	Time 0.332 (0.336)	Data 0.223 (0.217)	Loss 2.3239e-01 (2.2986e-01)	lr: 0.000050
2026-02-08 19:11:11,264 - INFO: Epoch: [221][200/251]	Time 0.358 (0.341)	Data 0.212 (0.214)	Loss 2.2733e-01 (2.2970e-01)	lr: 0.000050
2026-02-08 19:11:30,014 - INFO: ----------Epoch:221, training loss is 0.2310 ---------
2026-02-08 19:11:31,793 - INFO: Epoch: [222][  0/251]	Time 0.455 (0.455)	Data 0.227 (0.227)	Loss 2.1404e-01 (2.1404e-01)	lr: 0.000050
2026-02-08 19:12:04,877 - INFO: Epoch: [222][100/251]	Time 0.337 (0.332)	Data 0.218 (0.192)	Loss 3.1821e-01 (2.2509e-01)	lr: 0.000050
2026-02-08 19:12:40,307 - INFO: Epoch: [222][200/251]	Time 0.406 (0.343)	Data 0.208 (0.191)	Loss 2.3998e-01 (2.2917e-01)	lr: 0.000050
2026-02-08 19:12:58,540 - INFO: ----------Epoch:222, training loss is 0.2301 ---------
2026-02-08 19:13:00,276 - INFO: Epoch: [223][  0/251]	Time 0.384 (0.384)	Data 0.217 (0.217)	Loss 1.7224e-01 (1.7224e-01)	lr: 0.000050
2026-02-08 19:13:32,940 - INFO: Epoch: [223][100/251]	Time -2.083 (0.327)	Data -2.249 (0.191)	Loss 2.4784e-01 (2.2908e-01)	lr: 0.000050
2026-02-08 19:14:08,486 - INFO: Epoch: [223][200/251]	Time 0.421 (0.341)	Data 0.213 (0.190)	Loss 1.6843e-01 (2.2879e-01)	lr: 0.000050
2026-02-08 19:14:27,437 - INFO: ----------Epoch:223, training loss is 0.2295 ---------
2026-02-08 19:14:29,133 - INFO: Epoch: [224][  0/251]	Time 0.340 (0.340)	Data 0.207 (0.207)	Loss 2.1465e-01 (2.1465e-01)	lr: 0.000050
2026-02-08 19:15:04,432 - INFO: Epoch: [224][100/251]	Time 0.344 (0.353)	Data 0.225 (0.214)	Loss 1.8575e-01 (2.2723e-01)	lr: 0.000050
2026-02-08 19:15:37,575 - INFO: Epoch: [224][200/251]	Time 0.417 (0.342)	Data 0.233 (0.201)	Loss 2.3831e-01 (2.3009e-01)	lr: 0.000050
2026-02-08 19:15:56,596 - INFO: ----------Epoch:224, training loss is 0.2306 ---------
2026-02-08 19:15:56,963 - INFO: Epoch: [225][  0/251]	Time 0.366 (0.366)	Data 0.215 (0.215)	Loss 1.6169e-01 (1.6169e-01)	lr: 0.000050
2026-02-08 19:16:33,490 - INFO: Epoch: [225][100/251]	Time 0.343 (0.365)	Data 0.201 (0.216)	Loss 1.8854e-01 (2.2871e-01)	lr: 0.000050
2026-02-08 19:17:08,786 - INFO: Epoch: [225][200/251]	Time 0.389 (0.359)	Data 0.221 (0.203)	Loss 2.6587e-01 (2.3035e-01)	lr: 0.000050
2026-02-08 19:17:24,404 - INFO: ----------Epoch:225, training loss is 0.2296 ---------
2026-02-08 19:17:24,829 - INFO: Epoch: [226][  0/251]	Time 0.423 (0.423)	Data 0.240 (0.240)	Loss 2.8632e-01 (2.8632e-01)	lr: 0.000050
2026-02-08 19:18:02,589 - INFO: Epoch: [226][100/251]	Time 0.443 (0.378)	Data 0.236 (0.215)	Loss 2.2079e-01 (2.2658e-01)	lr: 0.000050
2026-02-08 19:18:34,735 - INFO: Epoch: [226][200/251]	Time 0.467 (0.350)	Data 0.226 (0.196)	Loss 2.4442e-01 (2.2954e-01)	lr: 0.000050
2026-02-08 19:18:53,500 - INFO: ----------Epoch:226, training loss is 0.2305 ---------
2026-02-08 19:18:53,932 - INFO: Epoch: [227][  0/251]	Time 0.431 (0.431)	Data 0.215 (0.215)	Loss 2.0351e-01 (2.0351e-01)	lr: 0.000050
2026-02-08 19:19:29,803 - INFO: Epoch: [227][100/251]	Time 0.424 (0.359)	Data 0.208 (0.216)	Loss 1.7868e-01 (2.2918e-01)	lr: 0.000050
2026-02-08 19:20:02,682 - INFO: Epoch: [227][200/251]	Time 0.332 (0.344)	Data 0.231 (0.191)	Loss 1.8838e-01 (2.2863e-01)	lr: 0.000050
2026-02-08 19:20:21,455 - INFO: ----------Epoch:227, training loss is 0.2299 ---------
2026-02-08 19:20:21,822 - INFO: Epoch: [228][  0/251]	Time 0.366 (0.366)	Data 0.207 (0.207)	Loss 1.9146e-01 (1.9146e-01)	lr: 0.000050
2026-02-08 19:20:57,145 - INFO: Epoch: [228][100/251]	Time 0.342 (0.353)	Data 0.210 (0.214)	Loss 2.1442e-01 (2.2303e-01)	lr: 0.000050
2026-02-08 19:21:32,359 - INFO: Epoch: [228][200/251]	Time 0.353 (0.353)	Data 0.207 (0.201)	Loss 2.3941e-01 (2.2778e-01)	lr: 0.000050
2026-02-08 19:21:49,054 - INFO: ----------Epoch:228, training loss is 0.2273 ---------
2026-02-08 19:21:50,805 - INFO: Epoch: [229][  0/251]	Time 0.407 (0.407)	Data 0.208 (0.208)	Loss 2.8249e-01 (2.8249e-01)	lr: 0.000050
2026-02-08 19:22:26,786 - INFO: Epoch: [229][100/251]	Time 0.349 (0.360)	Data 0.219 (0.216)	Loss 2.5672e-01 (2.2875e-01)	lr: 0.000050
2026-02-08 19:23:02,187 - INFO: Epoch: [229][200/251]	Time 0.350 (0.357)	Data 0.203 (0.216)	Loss 1.7058e-01 (2.2625e-01)	lr: 0.000050
2026-02-08 19:23:18,858 - INFO: ----------Epoch:229, training loss is 0.2270 ---------
2026-02-08 19:23:20,659 - INFO: Epoch: [230][  0/251]	Time 0.435 (0.435)	Data 0.214 (0.214)	Loss 1.8555e-01 (1.8555e-01)	lr: 0.000050
2026-02-08 19:23:55,714 - INFO: Epoch: [230][100/251]	Time 0.337 (0.351)	Data 0.202 (0.212)	Loss 2.4632e-01 (2.2248e-01)	lr: 0.000050
2026-02-08 19:24:31,268 - INFO: Epoch: [230][200/251]	Time 0.375 (0.353)	Data 0.227 (0.213)	Loss 2.1629e-01 (2.2262e-01)	lr: 0.000050
2026-02-08 19:24:47,840 - INFO: ----------Epoch:230, training loss is 0.2235 ---------
2026-02-08 19:24:49,640 - INFO: Epoch: [231][  0/251]	Time 0.445 (0.445)	Data 0.214 (0.214)	Loss 2.3394e-01 (2.3394e-01)	lr: 0.000050
2026-02-08 19:25:24,013 - INFO: Epoch: [231][100/251]	Time 0.372 (0.345)	Data 0.205 (0.178)	Loss 2.2065e-01 (2.1984e-01)	lr: 0.000050
2026-02-08 19:25:59,900 - INFO: Epoch: [231][200/251]	Time 0.400 (0.352)	Data 0.229 (0.197)	Loss 2.8209e-01 (2.2448e-01)	lr: 0.000050
2026-02-08 19:26:16,213 - INFO: ----------Epoch:231, training loss is 0.2284 ---------
2026-02-08 19:26:16,530 - INFO: Epoch: [232][  0/251]	Time 0.316 (0.316)	Data 0.198 (0.198)	Loss 1.9681e-01 (1.9681e-01)	lr: 0.000050
2026-02-08 19:26:51,632 - INFO: Epoch: [232][100/251]	Time 0.357 (0.351)	Data 0.225 (0.216)	Loss 2.0386e-01 (2.2685e-01)	lr: 0.000050
2026-02-08 19:27:26,651 - INFO: Epoch: [232][200/251]	Time 0.326 (0.350)	Data 0.209 (0.202)	Loss 2.1052e-01 (2.2662e-01)	lr: 0.000050
2026-02-08 19:27:45,374 - INFO: ----------Epoch:232, training loss is 0.2292 ---------
2026-02-08 19:27:45,753 - INFO: Epoch: [233][  0/251]	Time 0.378 (0.378)	Data 0.224 (0.224)	Loss 2.2104e-01 (2.2104e-01)	lr: 0.000050
2026-02-08 19:28:18,808 - INFO: Epoch: [233][100/251]	Time 0.333 (0.331)	Data 0.201 (0.191)	Loss 1.6312e-01 (2.2700e-01)	lr: 0.000050
2026-02-08 19:28:54,367 - INFO: Epoch: [233][200/251]	Time 0.425 (0.343)	Data 0.225 (0.191)	Loss 2.5096e-01 (2.3106e-01)	lr: 0.000050
2026-02-08 19:29:12,657 - INFO: ----------Epoch:233, training loss is 0.2312 ---------
2026-02-08 19:29:13,025 - INFO: Epoch: [234][  0/251]	Time 0.366 (0.366)	Data 0.211 (0.211)	Loss 2.0777e-01 (2.0777e-01)	lr: 0.000050
2026-02-08 19:29:45,688 - INFO: Epoch: [234][100/251]	Time 0.356 (0.327)	Data 0.205 (0.188)	Loss 2.1701e-01 (2.2463e-01)	lr: 0.000050
2026-02-08 19:30:23,418 - INFO: Epoch: [234][200/251]	Time 0.340 (0.352)	Data 0.198 (0.201)	Loss 1.7479e-01 (2.2424e-01)	lr: 0.000050
2026-02-08 19:30:38,851 - INFO: ----------Epoch:234, training loss is 0.2262 ---------
2026-02-08 19:30:39,196 - INFO: Epoch: [235][  0/251]	Time 0.343 (0.343)	Data 0.199 (0.199)	Loss 2.8117e-01 (2.8117e-01)	lr: 0.000050
2026-02-08 19:31:14,643 - INFO: Epoch: [235][100/251]	Time 0.321 (0.354)	Data 0.213 (0.190)	Loss 2.8063e-01 (2.2780e-01)	lr: 0.000050
2026-02-08 19:31:49,795 - INFO: Epoch: [235][200/251]	Time 0.358 (0.353)	Data 0.215 (0.202)	Loss 1.8049e-01 (2.2504e-01)	lr: 0.000050
2026-02-08 19:32:06,526 - INFO: ----------Epoch:235, training loss is 0.2271 ---------
2026-02-08 19:32:06,891 - INFO: Epoch: [236][  0/251]	Time 0.363 (0.363)	Data 0.213 (0.213)	Loss 2.1507e-01 (2.1507e-01)	lr: 0.000050
2026-02-08 19:32:42,010 - INFO: Epoch: [236][100/251]	Time 0.369 (0.351)	Data 0.215 (0.190)	Loss 2.6979e-01 (2.2407e-01)	lr: 0.000050
2026-02-08 19:33:17,942 - INFO: Epoch: [236][200/251]	Time 0.372 (0.355)	Data 0.218 (0.201)	Loss 3.1117e-01 (2.2779e-01)	lr: 0.000050
2026-02-08 19:33:36,778 - INFO: ----------Epoch:236, training loss is 0.2277 ---------
2026-02-08 19:33:37,157 - INFO: Epoch: [237][  0/251]	Time 0.378 (0.378)	Data 0.219 (0.219)	Loss 1.8397e-01 (1.8397e-01)	lr: 0.000050
2026-02-08 19:34:12,127 - INFO: Epoch: [237][100/251]	Time 0.336 (0.350)	Data 0.221 (0.217)	Loss 2.4028e-01 (2.2051e-01)	lr: 0.000050
2026-02-08 19:34:46,466 - INFO: Epoch: [237][200/251]	Time 0.346 (0.347)	Data 0.213 (0.198)	Loss 1.7895e-01 (2.2281e-01)	lr: 0.000050
2026-02-08 19:35:02,862 - INFO: ----------Epoch:237, training loss is 0.2220 ---------
2026-02-08 19:35:04,552 - INFO: Epoch: [238][  0/251]	Time 0.360 (0.360)	Data 0.212 (0.212)	Loss 1.6418e-01 (1.6418e-01)	lr: 0.000050
2026-02-08 19:35:39,700 - INFO: Epoch: [238][100/251]	Time 0.313 (0.352)	Data 0.200 (0.190)	Loss 1.9334e-01 (2.2116e-01)	lr: 0.000050
2026-02-08 19:36:15,566 - INFO: Epoch: [238][200/251]	Time 0.423 (0.355)	Data 0.202 (0.203)	Loss 2.7707e-01 (2.2628e-01)	lr: 0.000050
2026-02-08 19:36:31,805 - INFO: ----------Epoch:238, training loss is 0.2246 ---------
2026-02-08 19:36:32,283 - INFO: Epoch: [239][  0/251]	Time 0.474 (0.474)	Data 0.218 (0.218)	Loss 2.0477e-01 (2.0477e-01)	lr: 0.000050
2026-02-08 19:37:07,899 - INFO: Epoch: [239][100/251]	Time 0.345 (0.357)	Data 0.214 (0.214)	Loss 2.0560e-01 (2.2603e-01)	lr: 0.000050
2026-02-08 19:37:45,052 - INFO: Epoch: [239][200/251]	Time 0.394 (0.364)	Data 0.230 (0.213)	Loss 2.4026e-01 (2.2417e-01)	lr: 0.000050
2026-02-08 19:38:00,651 - INFO: ----------Epoch:239, training loss is 0.2279 ---------
2026-02-08 19:38:01,073 - INFO: Epoch: [240][  0/251]	Time 0.421 (0.421)	Data 0.204 (0.204)	Loss 2.5273e-01 (2.5273e-01)	lr: 0.000050
2026-02-08 19:38:36,649 - INFO: Epoch: [240][100/251]	Time 0.365 (0.356)	Data 0.212 (0.189)	Loss 2.1231e-01 (2.2620e-01)	lr: 0.000050
2026-02-08 19:39:11,931 - INFO: Epoch: [240][200/251]	Time 0.358 (0.355)	Data 0.213 (0.189)	Loss 2.2039e-01 (2.2482e-01)	lr: 0.000050
2026-02-08 19:39:29,146 - INFO: ----------Epoch:240, training loss is 0.2258 ---------
2026-02-08 19:39:30,889 - INFO: Epoch: [241][  0/251]	Time 0.364 (0.364)	Data 0.206 (0.206)	Loss 1.7916e-01 (1.7916e-01)	lr: 0.000050
2026-02-08 19:40:04,639 - INFO: Epoch: [241][100/251]	Time 0.346 (0.338)	Data 0.207 (0.215)	Loss 1.9233e-01 (2.2311e-01)	lr: 0.000050
2026-02-08 19:40:39,786 - INFO: Epoch: [241][200/251]	Time 0.360 (0.345)	Data 0.210 (0.202)	Loss 1.7322e-01 (2.2174e-01)	lr: 0.000050
2026-02-08 19:40:57,083 - INFO: ----------Epoch:241, training loss is 0.2252 ---------
2026-02-08 19:40:57,467 - INFO: Epoch: [242][  0/251]	Time 0.383 (0.383)	Data 0.213 (0.213)	Loss 2.4454e-01 (2.4454e-01)	lr: 0.000050
2026-02-08 19:41:33,709 - INFO: Epoch: [242][100/251]	Time 0.422 (0.363)	Data 0.214 (0.190)	Loss 2.8085e-01 (2.2308e-01)	lr: 0.000050
2026-02-08 19:42:11,508 - INFO: Epoch: [242][200/251]	Time 0.539 (0.370)	Data 0.240 (0.202)	Loss 2.3903e-01 (2.2491e-01)	lr: 0.000050
2026-02-08 19:42:26,652 - INFO: ----------Epoch:242, training loss is 0.2252 ---------
2026-02-08 19:42:27,060 - INFO: Epoch: [243][  0/251]	Time 0.406 (0.406)	Data 0.203 (0.203)	Loss 2.2037e-01 (2.2037e-01)	lr: 0.000050
2026-02-08 19:43:02,501 - INFO: Epoch: [243][100/251]	Time 0.422 (0.355)	Data 0.216 (0.215)	Loss 2.2885e-01 (2.1606e-01)	lr: 0.000050
2026-02-08 19:43:37,421 - INFO: Epoch: [243][200/251]	Time 0.354 (0.352)	Data 0.204 (0.200)	Loss 2.2537e-01 (2.2297e-01)	lr: 0.000050
2026-02-08 19:43:53,942 - INFO: ----------Epoch:243, training loss is 0.2245 ---------
2026-02-08 19:43:54,350 - INFO: Epoch: [244][  0/251]	Time 0.407 (0.407)	Data 0.209 (0.209)	Loss 1.8794e-01 (1.8794e-01)	lr: 0.000050
2026-02-08 19:44:29,927 - INFO: Epoch: [244][100/251]	Time 0.361 (0.356)	Data 0.216 (0.214)	Loss 2.0873e-01 (2.2156e-01)	lr: 0.000050
2026-02-08 19:45:05,796 - INFO: Epoch: [244][200/251]	Time 0.332 (0.357)	Data 0.209 (0.213)	Loss 2.1269e-01 (2.2501e-01)	lr: 0.000050
2026-02-08 19:45:22,175 - INFO: ----------Epoch:244, training loss is 0.2244 ---------
2026-02-08 19:45:22,498 - INFO: Epoch: [245][  0/251]	Time 0.321 (0.321)	Data 0.200 (0.200)	Loss 1.8143e-01 (1.8143e-01)	lr: 0.000050
2026-02-08 19:45:58,162 - INFO: Epoch: [245][100/251]	Time 0.320 (0.356)	Data 0.211 (0.213)	Loss 1.8352e-01 (2.1496e-01)	lr: 0.000050
2026-02-08 19:46:33,186 - INFO: Epoch: [245][200/251]	Time 0.370 (0.353)	Data 0.194 (0.200)	Loss 1.6049e-01 (2.2099e-01)	lr: 0.000050
2026-02-08 19:46:49,665 - INFO: ----------Epoch:245, training loss is 0.2217 ---------
2026-02-08 19:46:51,373 - INFO: Epoch: [246][  0/251]	Time 0.350 (0.350)	Data 0.215 (0.215)	Loss 2.7942e-01 (2.7942e-01)	lr: 0.000050
2026-02-08 19:47:27,643 - INFO: Epoch: [246][100/251]	Time 0.321 (0.363)	Data 0.206 (0.190)	Loss 2.3465e-01 (2.2277e-01)	lr: 0.000050
2026-02-08 19:48:02,048 - INFO: Epoch: [246][200/251]	Time 0.453 (0.353)	Data 0.216 (0.188)	Loss 2.1736e-01 (2.2158e-01)	lr: 0.000050
2026-02-08 19:48:18,388 - INFO: ----------Epoch:246, training loss is 0.2189 ---------
2026-02-08 19:48:20,116 - INFO: Epoch: [247][  0/251]	Time 0.389 (0.389)	Data 0.217 (0.217)	Loss 2.0737e-01 (2.0737e-01)	lr: 0.000050
2026-02-08 19:48:54,736 - INFO: Epoch: [247][100/251]	Time 0.440 (0.347)	Data 0.220 (0.216)	Loss 1.7045e-01 (2.1551e-01)	lr: 0.000050
2026-02-08 19:49:30,616 - INFO: Epoch: [247][200/251]	Time 0.450 (0.353)	Data 0.244 (0.215)	Loss 2.4887e-01 (2.1797e-01)	lr: 0.000050
2026-02-08 19:49:49,437 - INFO: ----------Epoch:247, training loss is 0.2208 ---------
2026-02-08 19:49:49,774 - INFO: Epoch: [248][  0/251]	Time 0.335 (0.335)	Data 0.214 (0.214)	Loss 2.0227e-01 (2.0227e-01)	lr: 0.000050
2026-02-08 19:50:24,044 - INFO: Epoch: [248][100/251]	Time 0.385 (0.343)	Data 0.226 (0.177)	Loss 1.7957e-01 (2.1962e-01)	lr: 0.000050
2026-02-08 19:50:56,596 - INFO: Epoch: [248][200/251]	Time 0.346 (0.334)	Data 0.220 (0.183)	Loss 1.7893e-01 (2.2391e-01)	lr: 0.000050
2026-02-08 19:51:15,201 - INFO: ----------Epoch:248, training loss is 0.2228 ---------
2026-02-08 19:51:15,552 - INFO: Epoch: [249][  0/251]	Time 0.349 (0.349)	Data 0.210 (0.210)	Loss 2.2160e-01 (2.2160e-01)	lr: 0.000050
2026-02-08 19:51:50,708 - INFO: Epoch: [249][100/251]	Time 0.341 (0.352)	Data 0.212 (0.214)	Loss 2.2313e-01 (2.2175e-01)	lr: 0.000050
2026-02-08 19:52:26,015 - INFO: Epoch: [249][200/251]	Time 0.358 (0.352)	Data 0.204 (0.202)	Loss 1.9665e-01 (2.2230e-01)	lr: 0.000050
2026-02-08 19:52:42,472 - INFO: ----------Epoch:249, training loss is 0.2230 ---------
2026-02-08 19:52:42,829 - INFO: Epoch: [250][  0/251]	Time 0.354 (0.354)	Data 0.222 (0.222)	Loss 1.9581e-01 (1.9581e-01)	lr: 0.000050
2026-02-08 19:53:18,605 - INFO: Epoch: [250][100/251]	Time 0.361 (0.358)	Data 0.222 (0.217)	Loss 2.6720e-01 (2.1764e-01)	lr: 0.000050
2026-02-08 19:53:55,289 - INFO: Epoch: [250][200/251]	Time 0.376 (0.362)	Data 0.215 (0.204)	Loss 1.9042e-01 (2.2178e-01)	lr: 0.000050
2026-02-08 19:54:11,576 - INFO: ----------Epoch:250, training loss is 0.2226 ---------
2026-02-08 19:54:11,928 - INFO: Epoch: [251][  0/251]	Time 0.350 (0.350)	Data 0.208 (0.208)	Loss 2.7265e-01 (2.7265e-01)	lr: 0.000050
2026-02-08 19:54:46,959 - INFO: Epoch: [251][100/251]	Time 0.334 (0.350)	Data 0.213 (0.188)	Loss 2.3241e-01 (2.2188e-01)	lr: 0.000050
2026-02-08 19:55:22,735 - INFO: Epoch: [251][200/251]	Time 0.382 (0.354)	Data 0.223 (0.201)	Loss 2.5819e-01 (2.1939e-01)	lr: 0.000050
2026-02-08 19:55:39,625 - INFO: ----------Epoch:251, training loss is 0.2192 ---------
2026-02-08 19:55:40,009 - INFO: Epoch: [252][  0/251]	Time 0.382 (0.382)	Data 0.205 (0.205)	Loss 1.9988e-01 (1.9988e-01)	lr: 0.000050
2026-02-08 19:56:15,173 - INFO: Epoch: [252][100/251]	Time 0.441 (0.352)	Data 0.229 (0.214)	Loss 2.4382e-01 (2.1426e-01)	lr: 0.000050
2026-02-08 19:56:50,875 - INFO: Epoch: [252][200/251]	Time 0.331 (0.354)	Data 0.214 (0.214)	Loss 1.8053e-01 (2.1910e-01)	lr: 0.000050
2026-02-08 19:57:07,533 - INFO: ----------Epoch:252, training loss is 0.2200 ---------
2026-02-08 19:57:07,869 - INFO: Epoch: [253][  0/251]	Time 0.335 (0.335)	Data 0.208 (0.208)	Loss 2.2372e-01 (2.2372e-01)	lr: 0.000050
